airline_id,wikidata_qid,name_en,name_ja,iata_codes,icao_codes,country_qids,inception_values,dissolved_values
4548,Q4548,Turkish Airlines,ターキッシュ エアラインズ,"[""TK""]","[""THY""]","[""Q43""]","[""1933-05-20T00:00:00Z""]",[]
8681,Q8681,Pan Am,パンアメリカン航空,"[""PA""]","[""PAA""]","[""Q30""]","[""1927-03-14T00:00:00Z""]","[""1991-12-04T00:00:00Z""]"
8766,Q8766,British Airways,ブリティッシュ・エアウェイズ,"[""BA""]","[""BAW""]","[""Q145""]","[""1919-01-01T00:00:00Z""]",[]
8779,Q8779,BA CityFlyer,BAシティフライヤー,"[""CJ""]","[""CFE""]","[""Q145""]","[""2007-01-01T00:00:00Z""]",[]
8782,Q8782,OpenSkies,オープンスカイズ,"[""LV""]","[""BOS""]","[""Q142""]","[""2008-01-01T00:00:00Z""]","[""2020-07-08T00:00:00Z""]"
9325,Q9325,Lufthansa,ルフトハンザドイツ航空,"[""LH""]","[""DLH""]","[""Q183""]","[""1926-01-01T00:00:00Z"",""1953-01-06T00:00:00Z""]",[]
24780,Q24780,Antonov Airlines,アントノフ航空,"[""—""]","[""ADB""]","[""Q212""]","[""1989-01-01T00:00:00Z""]",[]
28149,Q28149,Air Åland,エア・オーランド,"[""N9""]","[""NVD""]","[""Q33""]","[""2005-01-01T00:00:00Z""]","[""2012-07-01T00:00:00Z""]"
28344,Q28344,Widerøe,ヴィデロー航空,"[""WF""]","[""WIF""]","[""Q20""]","[""1934-02-19T00:00:00Z""]",[]
28357,Q28357,Jet Time,ジェット・タイム,"[""JO""]","[""JTD""]","[""Q35""]","[""2006-01-01T00:00:00Z""]",[]
31430,Q31430,FlyCongo,,"[""EO""]","[""ALX""]","[""Q974""]","[""1992-01-01T00:00:00Z""]","[""2012-10-01T00:00:00Z""]"
32141,Q32141,Cathay Pacific,キャセイパシフィック航空,"[""CX""]","[""CPA""]","[""Q148""]","[""1946-09-24T00:00:00Z""]",[]
32245,Q32245,Singapore Airlines,シンガポール航空,"[""SQ""]","[""SIA""]","[""Q334""]","[""1964-01-01T00:00:00Z""]",[]
32277,Q32277,Virgin Atlantic,ヴァージン・アトランティック航空,"[""VS""]","[""VIR""]","[""Q145""]","[""1984-01-01T00:00:00Z""]",[]
32396,Q32396,American Airlines,アメリカン航空,"[""AA""]","[""AAL""]","[""Q30""]","[""1926-04-15T00:00:00Z"",""1936-06-25T00:00:00Z""]",[]
32436,Q32436,Cathay Dragon,キャセイドラゴン航空,"[""KA""]","[""HDA""]","[""Q8646""]","[""1985-05-24T00:00:00Z""]","[""2020-10-21T00:00:00Z""]"
32491,Q32491,Qantas Airways,カンタス航空,"[""QF""]","[""QFA""]","[""Q408""]","[""1920-11-16T00:00:00Z""]",[]
46676,Q46676,ExpressJet,エクスプレスジェット航空,"[""EV""]","[""ASQ""]","[""Q30""]","[""1986-01-01T00:00:00Z""]",[]
49252,Q49252,Indonesian Aerospace,インドネシアン・エアロスペース,[],[],"[""Q252""]","[""1976-08-23T00:00:00Z""]",[]
51747,Q51747,Air China,中国国際航空,"[""CA""]","[""CCA""]","[""Q148""]","[""1988-07-01T00:00:00Z""]",[]
51756,Q51756,China Airlines,チャイナエアライン,"[""CI""]","[""CAL""]","[""Q865""]","[""1959-09-07T00:00:00Z""]",[]
53082,Q53082,Aeromar,アエロマール航空,"[""VW""]","[""TAO""]","[""Q96""]","[""1987-01-29T00:00:00Z""]","[""2023-02-15T00:00:00Z""]"
53085,Q53085,Mexicana de Aviación,メキシカーナ航空,"[""MX""]","[""MXA""]","[""Q96""]","[""1921-01-01T00:00:00Z""]","[""2010-08-28T00:00:00Z""]"
58707,Q58707,Aeroflot,アエロフロート・ロシア航空,"[""SU""]","[""AFL""]","[""Q159""]","[""1923-02-03T00:00:00Z""]",[]
69906,Q69906,Air India,エア・インディア,"[""AI""]","[""AIC""]","[""Q668""]","[""1932-10-15T00:00:00Z"",""1946-07-29T00:00:00Z""]",[]
71988,Q71988,China Eastern Yunnan Airlines,中国雲南航空,"[""3Q""]","[""CYH""]","[""Q148""]","[""1992-01-01T00:00:00Z""]","[""2003-01-01T00:00:00Z""]"
73986,Q73986,Neos,ネオス,"[""NO""]","[""NOS""]","[""Q38""]","[""2001-01-01T00:00:00Z""]",[]
74878,Q74878,Northwestern Air,,"[""J3""]","[""PLR""]","[""Q16""]","[""1965-01-01T00:00:00Z""]",[]
83535,Q83535,Q83535,アルゼンチン航空,"[""AR""]","[""ARG""]","[""Q414""]","[""1950-01-01T00:00:00Z""]",[]
83716,Q83716,Aer Lingus,エアリンガス,"[""EI""]","[""EIN""]","[""Q27""]","[""1936-05-28T00:00:00Z""]",[]
94559,Q94559,Cimber Air,,"[""QA""]","[""CIM""]","[""Q35""]","[""2012-01-01T00:00:00Z""]","[""2017-01-01T00:00:00Z""]"
116595,Q116595,Mango,マンゴー航空,"[""JE""]","[""MNO""]","[""Q258""]","[""2006-01-01T00:00:00Z""]",[]
117433,Q117433,Jetstar Japan,ジェットスター・ジャパン,"[""GK""]","[""JJP""]","[""Q17""]","[""2011-01-01T00:00:00Z""]",[]
117766,Q117766,Air Kazakhstan,エア・カザフスタン,"[""9Y""]","[""KZK""]","[""Q232""]","[""1996-01-01T00:00:00Z""]","[""2004-02-29T00:00:00Z""]"
117854,Q117854,EUjet,,"[""VE""]","[""EUJ""]","[""Q27""]","[""2003-01-01T00:00:00Z""]","[""2005-07-27T00:00:00Z""]"
120078,Q120078,Contact Air,コンタクト・エア,"[""C3""]","[""KIS""]","[""Q183""]","[""1974-01-01T00:00:00Z""]","[""2012-01-01T00:00:00Z""]"
121133,Q121133,Northwest Air Base,,[],[],"[""Q159""]","[""1949-01-01T00:00:00Z""]","[""2014-01-01T00:00:00Z""]"
121771,Q121771,Volare Airlines,ヴォラーレ・エアラインズ,"[""VE""]","[""VLE""]","[""Q38""]","[""1997-01-01T00:00:00Z""]","[""2015-01-01T00:00:00Z""]"
122215,Q122215,LTU Austria,,"[""L3""]","[""LTO""]","[""Q40""]","[""2004-01-01T00:00:00Z""]","[""2006-01-01T00:00:00Z""]"
127316,Q127316,Air Nelson,エア・ネルソン,"[""NZ""]","[""RLK""]","[""Q664""]","[""1979-01-01T00:00:00Z""]","[""2019-11-19T00:00:00Z""]"
127529,Q127529,Asky Airlines,ASKY航空,"[""KP""]","[""SKK""]","[""Q945""]","[""2008-01-01T00:00:00Z""]",[]
131005,Q131005,Air France,エールフランス,"[""AF""]","[""AFR""]","[""Q142""]","[""1932-01-01T00:00:00Z"",""1933-08-30T00:00:00Z""]",[]
131897,Q131897,Air Atlantique,エア・アトランティーク,"[""7M""]","[""AAG""]","[""Q145""]","[""1969-01-01T00:00:00Z""]","[""2022-05-01T00:00:00Z""]"
135214,Q135214,Donavia,ドンアヴィア,"[""D9""]","[""DNV""]","[""Q159""]","[""2000-01-01T00:00:00Z""]","[""2016-01-01T00:00:00Z""]"
135909,Q135909,ZAS Airline of Egypt,,"[""ZA""]","[""ZAS""]","[""Q79""]","[""1982-01-01T00:00:00Z""]","[""1995-04-01T00:00:00Z""]"
139241,Q139241,Airwork,エア・ワーク,[],"[""AWK""]","[""Q664""]","[""1984-01-01T00:00:00Z""]",[]
140587,Q140587,IZair,イズ・エアー,"[""4I""]","[""IZM""]","[""Q43""]","[""2005-01-01T00:00:00Z""]",[]
141146,Q141146,Sabena,サベナ・ベルギー航空,[],"[""SAB""]","[""Q31""]","[""1923-05-23T00:00:00Z""]","[""2001-11-06T00:00:00Z""]"
142227,Q142227,KrasAir,カラス航空,"[""7B""]","[""KJC""]","[""Q159""]","[""1934-01-01T00:00:00Z""]","[""2008-01-01T00:00:00Z""]"
145477,Q145477,Zambezi Airlines,ザンベジ航空,"[""ZJ""]","[""ZMA""]","[""Q953""]","[""2008-01-01T00:00:00Z""]","[""2011-01-01T00:00:00Z""]"
145479,Q145479,Zambia Airways,,"[""ZN""]","[""AZB""]","[""Q953""]","[""1964-01-01T00:00:00Z""]",[]
145532,Q145532,Zambian Airways,ザンビア航空,"[""Q3""]","[""MBN""]","[""Q953""]","[""1998-01-01T00:00:00Z""]","[""2009-01-01T00:00:00Z""]"
146045,Q146045,ZanAir,ザンエアー,"[""B4""]","[""TAN""]","[""Q924""]","[""1992-01-01T00:00:00Z""]",[]
147208,Q147208,Xiamen Airlines,厦門航空,"[""MF""]","[""CXA""]","[""Q148""]","[""1984-01-01T00:00:00Z""]",[]
151174,Q151174,Darwin Airline,ダーウィン・エアライン,"[""F7""]","[""DWT""]","[""Q39""]","[""2003-01-01T00:00:00Z""]","[""2017-12-12T00:00:00Z""]"
151581,Q151581,Atlantic Airways,アトランティック・エアウェイズ,"[""RC""]","[""FLI""]","[""Q4628""]","[""1987-01-01T00:00:00Z""]",[]
152425,Q152425,Taimyr Air Company,ノルドスター航空,"[""Y7""]","[""TYA""]","[""Q159""]","[""2009-01-01T00:00:00Z""]",[]
152490,Q152490,Helvetic Airways,ヘルヴェティック・エアウェイズ,"[""2L""]","[""OAW""]","[""Q39""]","[""2003-01-01T00:00:00Z""]",[]
152528,Q152528,Baboo,バブー,"[""F7""]","[""BBO""]","[""Q39""]","[""2003-01-01T00:00:00Z""]","[""2011-01-01T00:00:00Z""]"
153030,Q153030,Q153030,ヘワ・ボラ航空,"[""EO""]","[""ALX""]","[""Q974""]","[""1994-01-01T00:00:00Z""]","[""2013-01-01T00:00:00Z""]"
153571,Q153571,Brussels Airlines,ブリュッセル航空,"[""SN""]","[""BEL""]","[""Q31""]","[""2006-11-07T00:00:00Z""]",[]
153679,Q153679,"Small Planet Airlines, UAB",スモール・プラネット・エアラインズ,"[""S5""]","[""LLC""]","[""Q37""]","[""2007-03-14T00:00:00Z""]","[""2018-11-28T00:00:00Z""]"
153686,Q153686,Primera Air,プリメラ航空,"[""PF""]","[""PRI""]","[""Q35""]","[""2003-01-01T00:00:00Z""]","[""2018-10-01T00:00:00Z""]"
153733,Q153733,Titan Airways,タイタン・エアウェイズ,"[""ZT""]","[""AWC""]","[""Q145""]","[""1988-01-01T00:00:00Z""]",[]
153797,Q153797,Air Labrador,,"[""WJ""]","[""LAL""]","[""Q16""]","[""1948-01-01T00:00:00Z""]","[""2017-06-01T00:00:00Z""]"
153975,Q153975,Alitalia,アリタリア-イタリア航空,"[""AZ""]","[""AZA""]","[""Q38""]","[""1946-09-16T00:00:00Z""]","[""2021-10-14T00:00:00Z""]"
154027,Q154027,German Sky Airlines,,[],"[""GHY""]","[""Q183""]","[""2010-01-01T00:00:00Z""]","[""2012-01-01T00:00:00Z""]"
155038,Q155038,Germanwings,ジャーマンウイングス,"[""4U""]","[""GWI""]","[""Q183""]","[""1996-01-01T00:00:00Z""]","[""2020-03-24T00:00:00Z""]"
155340,Q155340,Necon Air,,"[""3Z""]","[""NEC""]","[""Q837""]","[""1992-01-01T00:00:00Z""]","[""2003-01-01T00:00:00Z""]"
156776,Q156776,Swiss International Air Lines,スイスインターナショナルエアラインズ,"[""LX""]","[""SWR""]","[""Q39""]","[""2002-01-01T00:00:00Z""]",[]
156829,Q156829,Air Berlin,エア・ベルリン,"[""AB""]","[""BER""]","[""Q183""]","[""1978-01-01T00:00:00Z""]","[""2017-10-27T00:00:00Z""]"
157205,Q157205,British Midland Airways Limited,bmi,"[""BD""]","[""BMA""]","[""Q145""]","[""1938-01-01T00:00:00Z""]","[""2012-10-27T00:00:00Z""]"
161086,Q161086,JetBlue Airways,ジェットブルー航空,"[""B6""]","[""JBU""]","[""Q30""]","[""1999-01-01T00:00:00Z""]",[]
161432,Q161432,Q161432,,"[""N6""]","[""ACQ""]","[""Q419""]","[""1992-01-01T00:00:00Z""]","[""2005-01-01T00:00:00Z""]"
162174,Q162174,Air Dolomiti,エア・ドロミティ,"[""EN""]","[""DLA""]","[""Q38""]","[""1989-12-30T00:00:00Z""]",[]
162189,Q162189,Lufthansa CityLine,ルフトハンザ・シティーライン,"[""CL""]","[""CLH""]","[""Q183""]","[""1958-06-17T00:00:00Z""]",[]
163396,Q163396,REDjet,,[],[],"[""Q244""]","[""2010-01-01T00:00:00Z""]","[""2012-06-08T00:00:00Z""]"
163625,Q163625,CityJet,シティジェット,"[""WX""]","[""BCY""]","[""Q27""]","[""1992-01-01T00:00:00Z""]",[]
164222,Q164222,Luftfahrtgesellschaft Walter,ジャーマン・エアウェイズ,"[""HE""]","[""LGW""]","[""Q183""]","[""1980-01-01T00:00:00Z""]","[""2020-01-01T00:00:00Z""]"
166300,Q166300,Aero-Dienst,アエロ＝ディーンスト,[],"[""ADN""]","[""Q183""]","[""1958-01-01T00:00:00Z""]",[]
167721,Q167721,Aloha Airlines,アロハ航空,"[""AQ""]","[""AAH""]","[""Q30""]","[""1946-01-01T00:00:00Z""]","[""2008-03-31T00:00:00Z""]"
168836,Q168836,Eurowings,ユーロウイングス,"[""EW""]","[""EWG""]","[""Q183""]","[""1993-01-01T00:00:00Z""]",[]
169443,Q169443,Civair,,"[""2I""]","[""CIW""]","[""Q258""]","[""1989-01-01T00:00:00Z""]",[]
170159,Q170159,Lufthansa Regional,ルフトハンザ・リージョナル,"[""LH""]","[""DLH""]","[""Q183""]","[""2004-01-01T00:00:00Z""]",[]
170614,Q170614,Ryanair,ライアンエアー,"[""FR""]","[""RYR""]","[""Q27""]","[""1985-01-01T00:00:00Z""]",[]
172135,Q172135,TAT European Airlines,TAT ヨーロピアン航空,"[""VD""]","[""TAT""]","[""Q142""]","[""1968-01-01T00:00:00Z""]","[""1996-01-01T00:00:00Z""]"
174386,Q174386,Vietnam Airlines,ベトナム航空,"[""VN""]","[""HVN""]","[""Q881""]","[""1956-01-01T00:00:00Z""]",[]
174616,Q174616,Mokulele Airlines,モクレレ航空,"[""MW""]","[""MHO"",""MKL""]","[""Q30""]","[""1998-01-01T00:00:00Z""]",[]
174769,Q174769,United Airlines,ユナイテッド航空,"[""UA""]","[""UAL""]","[""Q30""]","[""1926-04-06T00:00:00Z""]",[]
178765,Q178765,Atlantic Southeast Airlines,アトランティック・サウスイースト航空,"[""EV""]","[""ASQ""]","[""Q30""]","[""1979-01-01T00:00:00Z""]","[""2011-12-31T00:00:00Z""]"
178964,Q178964,Lotus Air,ロータス・エア,"[""LU"",""T2""]","[""TAS""]","[""Q79""]","[""1997-01-01T00:00:00Z""]","[""2011-01-01T00:00:00Z""]"
179118,Q179118,Air Tahiti,エアタヒチ,"[""VT""]","[""VTA""]","[""Q142""]","[""1987-01-01T00:00:00Z""]",[]
179125,Q179125,Euroberlin France,,"[""EE""]",[],"[""Q142""]","[""1988-01-01T00:00:00Z""]","[""1994-01-01T00:00:00Z""]"
179879,Q179879,Tchadia Airlines,トウマイ・エア・チャド,"[""9D""]","[""THE""]","[""Q657""]","[""2004-01-01T00:00:00Z""]","[""2022-08-01T00:00:00Z""]"
180221,Q180221,Vensecar Internacional,ベンセカー・インターナシヨナル,"[""V4""]","[""VEC""]","[""Q717""]","[""1996-01-01T00:00:00Z""]","[""2025-06-11T00:00:00Z""]"
180432,Q180432,Emirates,エミレーツ航空,"[""EK""]","[""UAE""]","[""Q878""]","[""1985-03-25T00:00:00Z""]",[]
180562,Q180562,Q180562,ラン・アルヘンティナ航空,"[""4M""]","[""DSM""]","[""Q414""]","[""2005-01-01T00:00:00Z""]","[""2020-06-17T00:00:00Z""]"
181912,Q181912,KLM,KLMオランダ航空,"[""KL""]","[""KLM""]","[""Q55""]","[""1919-10-07T00:00:00Z""]",[]
183547,Q183547,Chautauqua Airlines,シャトーカ航空,"[""RP""]","[""CHQ""]","[""Q30""]","[""1973-01-01T00:00:00Z""]","[""2014-01-01T00:00:00Z""]"
185339,Q185339,Air Canada,エア・カナダ,"[""AC""]","[""ACA""]","[""Q16""]","[""1937-01-01T00:00:00Z""]",[]
185579,Q185579,Tandem Aero,,"[""TQ""]","[""TDM""]","[""Q217""]","[""1998-01-01T00:00:00Z""]",[]
185620,Q185620,ABS Jets,,[],"[""ABP""]","[""Q213""]","[""2004-01-01T00:00:00Z""]",[]
187854,Q187854,Scandinavian Airlines,スカンジナビア航空,"[""SK""]","[""SAS""]","[""Q20"",""Q34"",""Q35""]","[""1946-08-01T00:00:00Z""]",[]
187972,Q187972,Iberia,イベリア航空,"[""IB""]","[""IBE""]","[""Q29""]","[""1927-01-01T00:00:00Z""]",[]
188710,Q188710,Thai Airways,タイ国際航空,"[""TG""]","[""THA""]","[""Q869""]","[""1960-01-01T00:00:00Z""]",[]
188920,Q188920,Delta Air Lines,デルタ航空,"[""DL""]","[""DAL""]","[""Q30""]","[""1925-03-02T00:00:00Z""]",[]
191551,Q191551,easyJet,イージージェット,"[""U2""]","[""EZY""]","[""Q145""]","[""1995-01-01T00:00:00Z""]",[]
192459,Q192459,Nauru Airlines,アワー航空,"[""ON""]","[""RON""]","[""Q697""]","[""2014-08-01T00:00:00Z""]",[]
192653,Q192653,Czech Airlines,チェコ航空,"[""OK""]","[""CSA""]","[""Q213""]","[""1923-10-06T00:00:00Z"",""1992-08-01T00:00:00Z""]",[]
196221,Q196221,Avianca Ecuador,アビアンカ・エクアドル航空,"[""2K""]","[""GLG""]","[""Q736""]","[""1986-01-01T00:00:00Z""]",[]
196817,Q196817,Zest Airways,ゼストエアウェイズ,"[""Z2""]","[""EZD""]","[""Q928""]","[""1995-01-01T00:00:00Z""]","[""2016-01-01T00:00:00Z""]"
197938,Q197938,Zhongyuan Airlines,中原航空,"[""Z2""]","[""CYN""]","[""Q148""]","[""1986-01-01T00:00:00Z"",""1987-01-01T00:00:00Z""]","[""2000-08-04T00:00:00Z""]"
200412,Q200412,Armenian International Airways,,"[""MV""]","[""RML""]","[""Q399""]","[""2002-01-01T00:00:00Z""]","[""2005-01-01T00:00:00Z""]"
201821,Q201821,Finnair,フィンランド航空,"[""AY""]","[""FIN""]","[""Q33""]","[""1923-09-12T00:00:00Z""]",[]
204122,Q204122,Spanair,スパンエアー,"[""JK""]","[""JKK""]","[""Q29""]","[""1986-12-01T00:00:00Z""]","[""2012-01-28T00:00:00Z""]"
204268,Q204268,LOT Polish Airlines,LOTポーランド航空,"[""LO""]","[""LOT""]","[""Q36""]","[""1929-01-01T00:00:00Z""]",[]
204284,Q204284,All Nippon Airways,全日本空輸,"[""NH""]","[""ANA""]","[""Q17""]","[""1952-12-27T00:00:00Z""]",[]
204296,Q204296,Air New Zealand,ニュージーランド航空,"[""NZ""]","[""ANZ""]","[""Q664""]","[""1940-04-26T00:00:00Z""]",[]
204887,Q204887,Pakistan International Airlines,パキスタン国際航空,"[""PK""]","[""PIA""]","[""Q843""]","[""1955-01-01T00:00:00Z""]",[]
206180,Q206180,Kabo Air,カボ・エア,"[""N9""]","[""QNK""]","[""Q1033""]","[""1980-01-01T00:00:00Z""]","[""2017-01-01T00:00:00Z""]"
206301,Q206301,Girjet,,"[""8G""]","[""GJT""]","[""Q29""]","[""2003-01-01T00:00:00Z""]","[""2008-01-01T00:00:00Z""]"
208033,Q208033,Qatar Airways,カタール航空,"[""QR""]","[""QTR""]","[""Q846""]","[""1993-11-22T00:00:00Z""]",[]
208046,Q208046,US Airways,USエアウェイズ,"[""US""]","[""AAL""]","[""Q30""]","[""1937-01-01T00:00:00Z""]","[""2015-01-01T00:00:00Z""]"
208232,Q208232,TAP Air Portugal,TAPポルトガル航空,"[""TP""]","[""TAP""]","[""Q45""]","[""1945-03-14T00:00:00Z"",""1946-01-01T00:00:00Z""]",[]
208372,Q208372,Malév Hungarian Airlines,マレーヴ・ハンガリー航空,"[""MA""]","[""MAH""]","[""Q28""]","[""1946-01-01T00:00:00Z""]","[""2018-04-09T00:00:00Z""]"
208489,Q208489,EL AL Israel Airlines Ltd.,エル・アル航空,"[""LY""]","[""ELY""]","[""Q801""]","[""1948-01-01T00:00:00Z""]",[]
209104,Q209104,1time Airline,1タイム,"[""1T""]","[""RNX""]","[""Q258""]","[""2003-01-01T00:00:00Z""]","[""2012-01-01T00:00:00Z""]"
211165,Q211165,Asiana Airlines,アシアナ航空,"[""OZ""]","[""AAR""]","[""Q884""]","[""1988-02-17T00:00:00Z""]",[]
212304,Q212304,Etihad Airways,エティハド航空,"[""EY""]","[""ETD""]","[""Q878""]","[""2003-01-01T00:00:00Z""]",[]
212703,Q212703,Aigle Azur (1970),エーグル・アズール,"[""ZI""]","[""AAF""]","[""Q142""]","[""1970-01-01T00:00:00Z""]","[""2019-09-07T00:00:00Z""]"
213140,Q213140,Japan Airlines,日本航空,"[""JL""]","[""JAL""]","[""Q17""]","[""1951-08-01T00:00:00Z""]",[]
213147,Q213147,Q213147,大韓航空,"[""KE""]","[""KAL""]","[""Q884""]","[""1969-03-01T00:00:00Z""]",[]
214675,Q214675,Blue1,ブルーワン,"[""KF""]","[""BLF""]","[""Q33""]","[""1987-01-01T00:00:00Z""]","[""2016-01-01T00:00:00Z""]"
215392,Q215392,Norwegian Air Shuttle,ノルウェー・エアシャトル,"[""DY""]","[""NOZ""]","[""Q20""]","[""1993-01-22T00:00:00Z""]",[]
216486,Q216486,Continental Airlines,コンチネンタル航空,"[""CO""]","[""COA""]","[""Q30""]","[""1934-01-01T00:00:00Z""]","[""2012-01-01T00:00:00Z""]"
216645,Q216645,Icelandair,アイスランド航空,"[""FI""]","[""ICE""]","[""Q189""]","[""1937-01-01T00:00:00Z""]",[]
218180,Q218180,ASG Business Aviation,SWビジネス・アビエーション,[],"[""ESW""]","[""Q227""]","[""2007-01-01T00:00:00Z""]",[]
219002,Q219002,Turan Air,トゥラン航空,"[""3T""]","[""URN""]","[""Q227""]","[""1994-01-01T00:00:00Z""]","[""2013-01-01T00:00:00Z""]"
220294,Q220294,Zoom Airlines,ズーム・エアラインズ,"[""Z4""]","[""OOM""]","[""Q16""]","[""2002-01-01T00:00:00Z""]","[""2008-01-01T00:00:00Z""]"
220587,Q220587,FaroeJet,フェロージェット,"[""F6""]","[""RCK""]","[""Q4628""]","[""2005-01-01T00:00:00Z""]","[""2006-12-16T00:00:00Z""]"
221604,Q221604,Air Malta,マルタ航空,"[""KM""]","[""AMC""]","[""Q233""]","[""1973-01-01T00:00:00Z""]","[""2024-01-01T00:00:00Z""]"
222223,Q222223,Miami Air International,マイアミ航空,"[""LL""]","[""BSK""]","[""Q30""]","[""1991-01-01T00:00:00Z""]",[]
223191,Q223191,Adria Airways,アドリア航空,"[""JP""]","[""ADR""]","[""Q215""]","[""1961-03-14T00:00:00Z""]","[""2019-09-30T00:00:00Z""]"
223763,Q223763,South African Airways,南アフリカ航空,"[""SA""]","[""SAA""]","[""Q258""]","[""1934-01-01T00:00:00Z""]",[]
225988,Q225988,Nouvelair,ヌーベルエア,"[""BJ""]","[""LBT""]","[""Q948""]","[""1989-01-01T00:00:00Z""]",[]
237246,Q237246,Blue Dart Aviation,ブルーダート・アビエーション,"[""BZ""]","[""BDA""]","[""Q668""]","[""1994-05-31T00:00:00Z""]",[]
240348,Q240348,Welcome Air,,"[""2W""]","[""WLC""]","[""Q40""]","[""2000-01-01T00:00:00Z""]","[""2017-12-27T00:00:00Z""]"
240656,Q240656,TAROM,タロム航空,"[""RO""]","[""ROT""]","[""Q218""]","[""1954-01-01T00:00:00Z""]",[]
245233,Q245233,Ethiopian Airlines,エチオピア航空,"[""ET""]","[""ETH""]","[""Q115""]","[""1945-01-01T00:00:00Z""]",[]
245917,Q245917,Bhutan Airlines,タシ航空,"[""B3""]","[""BTN""]","[""Q917""]","[""2011-01-01T00:00:00Z""]",[]
246952,Q246952,Transavia,トランサヴィア,"[""HV""]","[""TRA""]","[""Q55""]","[""1965-12-06T00:00:00Z""]",[]
247116,Q247116,Ansett Australia,アンセット・オーストラリア航空,"[""AN""]","[""AAA""]","[""Q408""]","[""1935-01-01T00:00:00Z""]","[""2002-03-04T00:00:00Z""]"
247886,Q247886,Aerovista,アエロビスタ,[],"[""AAP""]","[""Q813"",""Q878""]","[""1999-01-01T00:00:00Z"",""2001-01-01T00:00:00Z""]",[]
247974,Q247974,Air Iceland,エア・アイスランド,"[""NY""]","[""FXI""]","[""Q189""]","[""1997-01-01T00:00:00Z""]",[]
248637,Q248637,Flying Tiger Line,フライング・タイガー・ライン,[],[],"[""Q30""]","[""1945-01-01T00:00:00Z""]","[""1989-01-01T00:00:00Z""]"
249702,Q249702,Islandsflug,,"[""HH""]","[""ICB""]","[""Q189""]","[""1991-01-01T00:00:00Z""]","[""2004-01-01T00:00:00Z""]"
251492,Q251492,Ándalus Líneas Aéreas,アンダルス航空,"[""EA""]","[""ANU""]","[""Q29""]","[""2008-01-01T00:00:00Z""]","[""2010-08-13T00:00:00Z""]"
253858,Q253858,Air Madagascar,マダガスカル航空,"[""MD""]","[""MGY""]","[""Q1019""]","[""1961-01-01T00:00:00Z""]",[]
255196,Q255196,Air Comet,エア・コメット,"[""A7""]","[""MPD""]","[""Q29""]","[""1996-01-01T00:00:00Z""]","[""2009-12-21T00:00:00Z""]"
256496,Q256496,Centurion Air Cargo,センチュリオン・エア・カーゴ,"[""WE""]","[""CWC""]","[""Q30""]","[""1985-01-01T00:00:00Z""]",[]
257502,Q257502,Air Koryo,高麗航空,"[""JS""]","[""KOR""]","[""Q423""]","[""1955-09-21T00:00:00Z""]",[]
260076,Q260076,Saga Airlines,サガ航空,"[""H3""]","[""SGX""]","[""Q43""]","[""2004-01-01T00:00:00Z""]","[""2013-01-01T00:00:00Z""]"
260356,Q260356,FlyDirect,,[],[],"[""Q664""]","[""2010-01-01T00:00:00Z""]","[""2010-06-02T00:00:00Z""]"
260807,Q260807,Colgan Air,コルガン・エア,"[""9L""]","[""CJC""]","[""Q30""]","[""1991-01-01T00:00:00Z""]","[""2012-09-05T00:00:00Z""]"
265102,Q265102,dba,,"[""DI""]","[""BAG""]","[""Q183""]","[""2003-01-01T00:00:00Z""]","[""2008-11-14T00:00:00Z""]"
265138,Q265138,Lufthansa Cargo,ルフトハンザ・カーゴ,"[""LH""]","[""GEC""]","[""Q183""]","[""1994-01-01T00:00:00Z""]",[]
265192,Q265192,Dauair,,"[""D5""]","[""DAU""]","[""Q183""]","[""2005-01-01T00:00:00Z""]","[""2006-01-01T00:00:00Z""]"
265578,Q265578,Harbour Air,ハーバー・エア,"[""YB""]",[],"[""Q16""]","[""1981-01-01T00:00:00Z""]",[]
266781,Q266781,BH Air,BHエア,"[""1B"",""8H""]","[""BGH""]","[""Q219""]","[""2001-01-01T00:00:00Z""]",[]
278906,Q278906,Balkan Bulgarian Airlines,バルカン・ブルガリア航空,"[""LZ""]","[""LAZ""]","[""Q219""]","[""1947-06-29T00:00:00Z""]","[""2002-01-01T00:00:00Z""]"
280108,Q280108,Pascan Aviation,パスカン・アヴィエーション,"[""P6""]","[""PSC""]","[""Q16""]","[""1999-01-01T00:00:00Z""]",[]
281710,Q281710,Hi Fly,ハイフライ航空,"[""5K""]","[""HFY""]","[""Q45""]","[""2005-01-01T00:00:00Z""]",[]
282522,Q282522,Virgin Express France,,"[""DG""]",[],"[""Q142""]",[],[]
283790,Q283790,Flybe,Flybe,"[""BE""]","[""BEE""]","[""Q145""]","[""1979-01-01T00:00:00Z""]","[""2020-03-05T00:00:00Z""]"
284748,Q284748,SilkAir,シルクエアー,"[""MI""]","[""SLK""]","[""Q334""]","[""1992-04-01T00:00:00Z""]","[""2021-01-28T00:00:00Z""]"
286357,Q286357,Marsland Aviation,マーズランド航空,"[""M7""]","[""MSL""]","[""Q1049""]","[""2001-01-01T00:00:00Z""]","[""2013-11-01T00:00:00Z""]"
287112,Q287112,Business Aviation,,"[""4P""]","[""ABB""]","[""Q974""]","[""1998-01-01T00:00:00Z""]","[""2007-01-01T00:00:00Z""]"
287719,Q287719,AB Aerotransport,アエロトランスポルト,[],[],"[""Q34""]","[""1924-03-27T00:00:00Z""]","[""1996-01-01T00:00:00Z""]"
287846,Q287846,Happy Air,,[],"[""HPY""]","[""Q869""]","[""2009-01-01T00:00:00Z""]","[""2015-01-01T00:00:00Z""]"
288527,Q288527,ACM Air Charter,,[],"[""BVR""]","[""Q183""]","[""1992-01-01T00:00:00Z""]",[]
288611,Q288611,Eirjet,,[],"[""EIR""]","[""Q27""]","[""2004-01-01T00:00:00Z""]","[""2006-10-18T00:00:00Z""]"
288836,Q288836,Air ACT,ACT航空,"[""9T""]","[""RUN""]","[""Q43""]","[""2005-01-01T00:00:00Z""]",[]
289359,Q289359,Go!,go!,"[""YV""]","[""ASH""]","[""Q30""]","[""2005-01-01T00:00:00Z""]","[""2014-04-01T00:00:00Z""]"
290158,Q290158,Master Top Airlines,,[],"[""MST""]","[""Q155""]","[""2006-01-01T00:00:00Z""]","[""2011-01-01T00:00:00Z""]"
290162,Q290162,Deutsche Luft Hansa,ルフトハンザ航空,[],[],"[""Q1206012""]","[""1926-01-01T00:00:00Z""]","[""1945-01-01T00:00:00Z""]"
290169,Q290169,ADC Airlines,ADC航空,"[""Z7""]","[""ADK""]","[""Q1033""]","[""1984-12-01T00:00:00Z""]","[""2007-01-01T00:00:00Z""]"
291090,Q291090,China Southern Airlines,中国南方航空,"[""CZ""]","[""CSN""]","[""Q148""]","[""1991-01-01T00:00:00Z""]",[]
291796,Q291796,China Eastern Airlines,中国東方航空,"[""MU""]","[""CES""]","[""Q148""]","[""1988-01-01T00:00:00Z""]",[]
291944,Q291944,Sichuan Airlines,四川航空,"[""3U""]","[""CSC""]","[""Q148""]","[""1986-01-01T00:00:00Z""]",[]
292251,Q292251,Cargo Air,,[],"[""CGF""]","[""Q219""]","[""2007-01-01T00:00:00Z""]",[]
292428,Q292428,Hainan Airlines,海南航空,"[""HU""]","[""CHH""]","[""Q148""]","[""1989-01-01T00:00:00Z""]",[]
293802,Q293802,Österreichische Luftverkehrs AG,,[],[],"[""Q40""]","[""1923-05-03T00:00:00Z""]","[""1939-06-01T00:00:00Z""]"
294342,Q294342,XL Airways UK,XL航空 (イギリス),"[""JN""]","[""XLA""]","[""Q145""]","[""2006-01-01T00:00:00Z""]","[""2008-09-12T00:00:00Z""]"
294680,Q294680,AMC Airlines,AMC航空,"[""YJ""]","[""AMV""]","[""Q79""]","[""1992-01-01T00:00:00Z""]",[]
295624,Q295624,ANA Wings,ANAウイングス,"[""EH""]","[""AKX""]","[""Q17""]","[""2010-10-01T00:00:00Z""]",[]
296006,Q296006,AOM French Airlines,AOMフランス航空,"[""IW""]","[""AOM""]","[""Q142""]","[""1991-01-01T00:00:00Z""]","[""2001-01-01T00:00:00Z""]"
298014,Q298014,Astar Air Cargo,,"[""ER""]","[""DHL""]","[""Q30""]","[""1969-01-01T00:00:00Z""]",[]
298738,Q298738,ATA Airlines,ATA航空,"[""TZ""]","[""AMT""]","[""Q30""]","[""1973-01-01T00:00:00Z""]","[""2008-01-01T00:00:00Z""]"
300136,Q300136,AVE.com,,"[""P3""]","[""PHW""]","[""Q878""]","[""1996-01-01T00:00:00Z""]","[""2012-01-01T00:00:00Z""]"
300138,Q300138,Avensa,アヴェンサ,"[""VE""]","[""AVE""]","[""Q717""]","[""1943-01-01T00:00:00Z""]","[""2004-12-31T00:00:00Z""]"
300924,Q300924,AirBaltic,エア・バルティック,"[""BT""]","[""BTI""]","[""Q211""]","[""1995-02-08T00:00:00Z""]",[]
301524,Q301524,Royal Phnom Penh Airways,ロイヤル・プノンペン航空,"[""RL""]","[""PPW""]","[""Q424""]","[""1999-01-01T00:00:00Z""]","[""2004-01-01T00:00:00Z""]"
302642,Q302642,Beijing Capital Airlines,北京首都航空,"[""JD""]","[""CBJ""]","[""Q148""]","[""2010-01-01T00:00:00Z""]",[]
305308,Q305308,Sierra National Airlines,,"[""LJ""]","[""SLA""]","[""Q1044""]","[""1990-01-01T00:00:00Z""]","[""2006-01-01T00:00:00Z""]"
305350,Q305350,Aban Air,,"[""K5""]","[""ABE""]","[""Q794""]","[""2005-01-01T00:00:00Z""]","[""2006-01-01T00:00:00Z""]"
308911,Q308911,Avianca,アビアンカ航空,"[""AV""]","[""AVA""]","[""Q739""]","[""1919-12-05T00:00:00Z""]",[]
308952,Q308952,Malaysia Airlines,マレーシア航空,"[""MH""]","[""MAS""]","[""Q833""]","[""1972-09-30T00:00:00Z""]",[]
308974,Q308974,Croatia Airlines,クロアチア航空,"[""OU""]","[""CTN""]","[""Q224""]","[""1990-01-01T00:00:00Z""]",[]
309174,Q309174,Northwest Airlines,ノースウエスト航空,"[""NW""]","[""NWA""]","[""Q30""]","[""1926-01-01T00:00:00Z""]","[""2010-01-01T00:00:00Z""]"
310107,Q310107,airblue,エアブルー,"[""PA""]","[""ABQ""]","[""Q843""]","[""2003-01-01T00:00:00Z""]",[]
310261,Q310261,MyAir,マイエア,"[""8I""]","[""MYW""]","[""Q38""]","[""2004-01-01T00:00:00Z""]","[""2009-07-24T00:00:00Z""]"
310448,Q310448,Bmibaby,Bmibaby,"[""WW""]","[""BMI""]","[""Q145""]","[""2002-01-01T00:00:00Z""]","[""2012-09-09T00:00:00Z""]"
311233,Q311233,EuroLOT,ユーロLOT,"[""K2""]","[""ELO""]","[""Q36""]","[""1996-01-01T00:00:00Z""]","[""2015-01-01T00:00:00Z""]"
312517,Q312517,Condor Flugdienst,コンドル航空,"[""DE""]","[""CFG""]","[""Q183""]","[""1955-01-01T00:00:00Z""]",[]
314143,Q314143,Aero Lloyd,アエロロイド,"[""YP""]","[""AEF""]","[""Q183""]","[""1979-01-01T00:00:00Z""]","[""2003-01-01T00:00:00Z""]"
316326,Q316326,European Air Express,,"[""EA""]","[""EAL""]","[""Q183""]","[""1999-01-01T00:00:00Z""]","[""2007-01-01T00:00:00Z""]"
318515,Q318515,Abelag Aviation,,"[""W9""]","[""AAB""]","[""Q31""]","[""1985-03-19T00:00:00Z""]","[""2016-01-01T00:00:00Z""]"
319441,Q319441,Aberdeen Airways,,[],[],"[""Q145""]","[""1962-01-01T00:00:00Z""]","[""1992-01-01T00:00:00Z""]"
321856,Q321856,Sylt Air,,"[""7E""]","[""AWU""]","[""Q183""]","[""1963-01-01T00:00:00Z""]",[]
322583,Q322583,Deutsche Luft-Reederei,ドイチェ・ルフトレーデライ,[],[],"[""Q183""]","[""1917-01-01T00:00:00Z""]","[""1923-01-01T00:00:00Z""]"
325178,Q325178,Bin Air,ビン・エア,[],"[""BID""]","[""Q183""]","[""1996-01-01T00:00:00Z""]",[]
325722,Q325722,Air Cargo Germany,エア・カーゴ・ジャーマニー,"[""6U""]","[""ACX""]","[""Q183""]","[""2008-06-01T00:00:00Z""]","[""2013-01-01T00:00:00Z""]"
326794,Q326794,DHL International Aviation ME,DHL International Aviation ME,"[""ES""]","[""DHX""]","[""Q398""]","[""1979-01-01T00:00:00Z""]",[]
326841,Q326841,Windrose Air,,[],"[""QGA""]","[""Q183""]",[],[]
326846,Q326846,Nightexpress,,[],"[""EXT""]","[""Q183""]","[""1984-01-01T00:00:00Z""]","[""2017-01-01T00:00:00Z""]"
326858,Q326858,WDL Aviation,,"[""WH""]","[""WDL""]","[""Q183""]","[""1974-01-01T00:00:00Z""]",[]
327569,Q327569,Bremenfly,,"[""8B""]","[""BFY""]","[""Q183""]","[""2008-01-01T00:00:00Z""]","[""2010-01-01T00:00:00Z""]"
328543,Q328543,FLN Frisia Luftverkehr,,[],[],"[""Q183""]","[""1969-01-01T00:00:00Z""]",[]
332980,Q332980,Air Europa,エア・ヨーロッパ,"[""UX""]","[""AEA""]","[""Q29""]","[""1986-01-01T00:00:00Z""]",[]
333679,Q333679,Azerbaijan Airlines,アゼルバイジャン航空,"[""J2""]","[""AHY""]","[""Q227""]","[""1992-04-07T00:00:00Z""]",[]
333697,Q333697,Velvet Sky,,"[""VZ""]","[""VEL""]","[""Q258""]","[""2011-01-01T00:00:00Z""]","[""2012-01-01T00:00:00Z""]"
334931,Q334931,Abu Dhabi Aviation,アブダビ・アビエーション,[],"[""AXU""]","[""Q878""]","[""1975-01-01T00:00:00Z""]",[]
335147,Q335147,Wizz Air,ウィズエアー,"[""W6""]","[""WZZ""]","[""Q28""]","[""2003-09-01T00:00:00Z""]",[]
337850,Q337850,V Bird,,[],[],[],"[""2003-01-01T00:00:00Z""]","[""2005-01-01T00:00:00Z""]"
339237,Q339237,Air Tahiti Nui,エア タヒチ ヌイ,"[""TN""]","[""THT""]","[""Q142""]","[""1996-01-01T00:00:00Z""]",[]
339700,Q339700,Belair,ベルエア,"[""4T""]","[""BHP""]","[""Q39""]","[""2001-01-01T00:00:00Z""]","[""2017-10-01T00:00:00Z""]"
345450,Q345450,Ad Astra Aero,アド・アストラ・アエロ,[],[],"[""Q39""]","[""1919-01-01T00:00:00Z""]","[""1931-01-01T00:00:00Z""]"
346072,Q346072,Ada Air,アダ・エアー,"[""ZY""]","[""ADE""]","[""Q222""]","[""1991-01-01T00:00:00Z""]","[""2007-01-01T00:00:00Z""]"
367401,Q367401,Fly Wex,,"[""6P""]","[""IAD""]","[""Q38""]","[""2004-01-01T00:00:00Z""]","[""2007-01-01T00:00:00Z""]"
367516,Q367516,Air Exel,,"[""XT""]","[""AXL""]","[""Q55""]","[""1991-01-01T00:00:00Z""]","[""2005-01-31T00:00:00Z""]"
368781,Q368781,Air Cambodia,エア・カンボジア,"[""K6""]","[""KHV""]","[""Q424""]","[""2009-01-01T00:00:00Z""]",[]
371306,Q371306,Envoy Air,エンヴォイ・エア,"[""MQ""]","[""ENY""]","[""Q30""]","[""1984-01-01T00:00:00Z""]",[]
372604,Q372604,Asian Airlines,,[],[],"[""Q837""]",[],[]
372747,Q372747,Justice Prisoner and Alien Transportation System,囚人・不法滞在者護送システム,[],"[""DOJ""]","[""Q30""]","[""1995-01-01T00:00:00Z""]",[]
372914,Q372914,Copterline,,[],"[""AAQ""]","[""Q33""]","[""2002-01-01T00:00:00Z""]","[""2010-01-01T00:00:00Z""]"
373225,Q373225,Virgin Galactic,ヴァージン・ギャラクティック,[],"[""VGX""]","[""Q30""]","[""2004-01-01T00:00:00Z""]",[]
374740,Q374740,EgyptAir,エジプト航空,"[""MS""]","[""MSR""]","[""Q79""]","[""1932-01-01T00:00:00Z""]",[]
375162,Q375162,Air Moorea,エア・モーレア,"[""QE""]","[""THA""]","[""Q142""]","[""1968-01-01T00:00:00Z""]","[""2010-01-01T00:00:00Z""]"
376186,Q376186,Cargojet,カーゴジェット,"[""W8""]","[""CJT""]","[""Q16""]","[""2002-01-01T00:00:00Z""]",[]
377456,Q377456,Elysian Airlines,,"[""E4""]","[""GIE""]","[""Q1009""]","[""2006-01-01T00:00:00Z""]",[]
378788,Q378788,Atlas Atlantique Airlines,アトラス・アトランティーク・エアラインズ,"[""L5""]","[""TLB""]","[""Q142""]","[""1989-01-01T00:00:00Z""]","[""2017-01-01T00:00:00Z""]"
379298,Q379298,Deruluft,,[],[],"[""Q1206012"",""Q15180""]","[""1921-11-24T00:00:00Z""]","[""1937-03-31T00:00:00Z""]"
380580,Q380580,Aegean Airlines,エーゲ航空,"[""A3""]","[""AEE""]","[""Q41""]","[""1987-01-01T00:00:00Z""]",[]
381078,Q381078,Aer Arann,エアーアラン,"[""RE""]","[""REA""]","[""Q27""]","[""1970-01-01T00:00:00Z""]","[""2014-03-19T00:00:00Z""]"
381163,Q381163,Aermediterranea,アエルメディティラーニャ,"[""BQ""]","[""BQI""]","[""Q38""]","[""1981-01-01T00:00:00Z""]","[""1985-01-01T00:00:00Z""]"
381184,Q381184,Q381184,,"[""BF""]","[""RSR""]","[""Q974""]","[""1967-01-01T00:00:00Z""]",[]
381189,Q381189,AeroRescue,,[],"[""RES""]","[""Q408""]",[],[]
381195,Q381195,Aerosucre,アエロスクレ,"[""6C""]","[""KRE""]","[""Q739""]","[""1969-01-01T00:00:00Z""]",[]
381252,Q381252,Aero Africa,,[],"[""RFC""]","[""Q1050""]","[""2004-01-01T00:00:00Z""]","[""2009-01-01T00:00:00Z""]"
381257,Q381257,Aero Asia International,,"[""E4""]","[""RSO""]","[""Q843""]","[""1993-01-01T00:00:00Z""]","[""2007-03-19T00:00:00Z""]"
381258,Q381258,Aero Airlines,アエロ・エアラインズ,"[""EE""]","[""EAY""]","[""Q191""]","[""2000-01-01T00:00:00Z""]","[""2008-01-01T00:00:00Z""]"
381274,Q381274,Aero Business Charter,,[],"[""GBJ""]","[""Q183""]","[""1997-01-01T00:00:00Z""]","[""2010-01-01T00:00:00Z""]"
381278,Q381278,Aero California,,"[""JR""]","[""SER""]","[""Q96""]","[""1960-01-01T00:00:00Z""]","[""2008-01-01T00:00:00Z""]"
381284,Q381284,Aero Contractors,,[],[],"[""Q30""]","[""1979-01-01T00:00:00Z""]",[]
381286,Q381286,Aero Contractors,エアロ・コントラクターズ,"[""AJ""]","[""NIG""]","[""Q1033""]","[""1959-01-01T00:00:00Z""]",[]
381290,Q381290,Aero Cóndor,,"[""Q6""]","[""CDP""]","[""Q419""]","[""1975-01-01T00:00:00Z""]",[]
381291,Q381291,Aero Flight,アエロフライト,"[""GV""]","[""ARF""]","[""Q183""]","[""2004-01-01T00:00:00Z""]","[""2005-10-31T00:00:00Z""]"
381321,Q381321,Aero Services Executive,,"[""W4""]","[""BES""]","[""Q142""]","[""1985-01-01T00:00:00Z"",""1988-01-01T00:00:00Z"",""2000-01-01T00:00:00Z""]","[""2004-01-01T00:00:00Z""]"
381324,Q381324,Aero Mongolia,アエロ・モンゴリア,"[""M0""]","[""MNG""]","[""Q711""]","[""1970-01-01T00:00:00Z""]",[]
381325,Q381325,Aero Trasporti Italiani,アエロ・トラスポルティ・イタリアーニ,"[""BM""]","[""ATI""]","[""Q38""]","[""1963-01-01T00:00:00Z""]","[""1994-10-29T00:00:00Z""]"
381400,Q381400,Q381400,,[],"[""CDA""]","[""Q298""]","[""1989-01-01T00:00:00Z""]",[]
381406,Q381406,Aerocaribbean,アエロ・カリビアン航空,"[""7L""]","[""CRN""]","[""Q241""]","[""1982-01-01T00:00:00Z""]","[""2015-01-01T00:00:00Z""]"
381415,Q381415,Aerocondor,,"[""2B""]","[""ARD""]","[""Q45""]","[""1975-01-01T00:00:00Z""]","[""2009-01-01T00:00:00Z""]"
381467,Q381467,Aeroflot-Cargo,アエロフロート・カーゴ,"[""SU""]","[""RCF""]","[""Q159""]","[""2005-01-01T00:00:00Z""]","[""2010-04-05T00:00:00Z""]"
381474,Q381474,Aerogaviota,アエロガビオータ,"[""KG""]","[""GTV""]","[""Q241""]","[""1994-01-01T00:00:00Z""]",[]
381479,Q381479,Aerogem Aviation,エアロジェム・カーゴ,[],"[""GCK""]","[""Q117""]","[""2000-01-01T00:00:00Z""]",[]
381503,Q381503,Aeroland Airways,,"[""3S""]","[""AEN""]","[""Q41""]",[],"[""2012-01-01T00:00:00Z""]"
381508,Q381508,Aeroméxico Connect,アエロメヒコ・コネクト,"[""5D""]","[""SLI""]","[""Q96""]","[""1991-01-01T00:00:00Z""]",[]
381509,Q381509,AeroLogic,アエロロジック,"[""3S""]","[""BOX""]","[""Q183""]","[""2007-01-01T00:00:00Z""]",[]
381522,Q381522,Aerolíneas Sosa,アエロリネアス・ソーサ,"[""P4""]","[""NSO""]","[""Q783""]","[""1976-01-01T00:00:00Z""]",[]
381540,Q381540,Aeromist-Kharkiv,アエロミースト・ハルキウ,"[""HT""]","[""AHW""]","[""Q212""]","[""2002-01-01T00:00:00Z""]","[""2007-01-01T00:00:00Z""]"
381563,Q381563,Aeroméxico,アエロメヒコ航空,"[""AM""]","[""AMX""]","[""Q96""]","[""1934-09-14T00:00:00Z""]",[]
381564,Q381564,Aeronaut,,[],[],"[""Q191""]","[""1921-03-22T00:00:00Z""]","[""1928-01-01T00:00:00Z""]"
381605,Q381605,Q381605,,"[""WL""]","[""APP""]","[""Q804""]","[""1970-01-01T00:00:00Z""]",[]
381606,Q381606,Aeropelican Air Services,エアロペリカン・エアサービス,"[""OT""]",[],"[""Q408""]","[""1968-01-01T00:00:00Z""]","[""2013-01-01T00:00:00Z""]"
381611,Q381611,Aeroperu,アエロペルー,"[""PL""]","[""PLI""]","[""Q419""]","[""1973-01-01T00:00:00Z""]","[""1999-01-01T00:00:00Z""]"
381684,Q381684,Aeroput,アエロプト,[],[],"[""Q36704""]","[""1927-01-01T00:00:00Z""]","[""1947-01-01T00:00:00Z""]"
381749,Q381749,Aerostar Airlines,,[],"[""UAR""]","[""Q212""]","[""1997-01-01T00:00:00Z""]",[]
381773,Q381773,AeroSur,アエロスール航空,"[""5L""]","[""RSU""]","[""Q750""]","[""1992-01-01T00:00:00Z""]","[""2012-01-01T00:00:00Z""]"
381779,Q381779,Aerosvit Airlines,アエロスヴィート航空,"[""VV""]","[""AEW""]","[""Q212""]","[""1992-01-01T00:00:00Z""]","[""2013-03-05T00:00:00Z""]"
381785,Q381785,Avianca Cargo México,アエロユニオン,"[""6R""]","[""TNO""]","[""Q96""]","[""1998-01-01T00:00:00Z""]",[]
381789,Q381789,Q381789,DAP航空,"[""V5""]","[""DAP""]","[""Q298""]","[""1980-01-01T00:00:00Z""]",[]
382953,Q382953,Affretair,,[],"[""AFM""]","[""Q954""]","[""1965-01-01T00:00:00Z""]","[""2000-01-01T00:00:00Z""]"
383707,Q383707,TransAsia Airways,トランスアジア航空,"[""GE""]","[""TNA""]","[""Q865""]","[""1951-05-21T00:00:00Z""]","[""2016-11-22T00:00:00Z""]"
384068,Q384068,African Express Airways,アフリカン・エクスプレス・エアウェイズ,"[""XU""]","[""AXK""]","[""Q114""]","[""1986-01-01T00:00:00Z""]",[]
384451,Q384451,African Safari Airways,,"[""A2""]","[""QSC""]","[""Q114""]","[""1967-01-01T00:00:00Z""]","[""2009-01-01T00:00:00Z""]"
384550,Q384550,Air Lithuania,,"[""TT""]","[""KLA""]","[""Q37""]","[""1991-09-20T00:00:00Z""]","[""2005-11-23T00:00:00Z""]"
385366,Q385366,Corsair International,コルセールフライ,"[""SS""]","[""CRL""]","[""Q142""]","[""1981-01-01T00:00:00Z""]",[]
385885,Q385885,Air Zermatt,エアー・ツェルマット,[],"[""AZF""]","[""Q39""]","[""1968-01-01T00:00:00Z""]",[]
387459,Q387459,DHL Aero Expreso,DHLアエロ・エクスプレッソ,"[""D5""]","[""DAE""]","[""Q804""]","[""1996-01-01T00:00:00Z""]",[]
387848,Q387848,Afrinat International Airlines,アフリナット国際航空,"[""Q9""]","[""AFU""]","[""Q1005""]","[""2002-01-01T00:00:00Z""]","[""2004-01-01T00:00:00Z""]"
387901,Q387901,Q387901,アフリキヤ航空,"[""8U""]","[""AAW""]","[""Q1016""]","[""2001-01-01T00:00:00Z""]",[]
392542,Q392542,RwandAir,ルワンダ航空,"[""WB""]","[""RWD""]","[""Q1037""]","[""2002-01-01T00:00:00Z""]",[]
392864,Q392864,Air Côte d'Ivoire,エール・コートジボワール,"[""HF""]","[""VRE""]","[""Q1008""]","[""2012-01-01T00:00:00Z""]",[]
397079,Q397079,SkyStar Airways,スカイスター航空,"[""XT""]","[""SKT""]","[""Q869""]","[""2007-01-01T00:00:00Z""]","[""2009-01-03T00:00:00Z""]"
402770,Q402770,Asia Pacific Airlines,アジア・パシフィック・エアラインズ,"[""P9""]","[""MGE""]","[""Q30""]","[""1998-01-01T00:00:00Z""]",[]
406604,Q406604,Air-taxi europe,,[],"[""TWG""]","[""Q183""]","[""2005-01-01T00:00:00Z""]",[]
406612,Q406612,air2there,エア2ゼアー,"[""F8""]","[""ATT""]","[""Q664""]","[""2004-01-01T00:00:00Z""]",[]
406632,Q406632,AirAsia X,エアアジア X,"[""D7""]","[""XAX""]","[""Q833""]","[""2007-01-01T00:00:00Z""]",[]
406643,Q406643,AirAsia,エアアジア,"[""AK""]","[""AXM""]","[""Q833""]","[""1993-12-20T00:00:00Z""]",[]
406645,Q406645,AirBridgeCargo Airlines,エアブリッジ・カーゴ,"[""RU""]","[""ABW""]","[""Q159""]","[""2004-01-01T00:00:00Z""]",[]
406648,Q406648,AirClass Airways,エアクラス・エアウェイズ,[],"[""VSG""]","[""Q29""]","[""2003-01-01T00:00:00Z""]","[""2008-01-01T00:00:00Z""]"
406653,Q406653,Q406653,,"[""ED""]","[""AXE""]","[""Q214""]",[],[]
406660,Q406660,AirLift Service,,[],[],[],[],[]
406695,Q406695,AirTran Airways,エアトラン航空,"[""FL""]","[""TRS""]","[""Q30""]","[""1993-01-01T00:00:00Z""]","[""2014-01-01T00:00:00Z""]"
406732,Q406732,Air Adriatic,,[],"[""AHR""]","[""Q224""]","[""2001-01-01T00:00:00Z""]","[""2007-01-01T00:00:00Z""]"
406741,Q406741,Air Afrique,エール・アフリック,"[""RK""]","[""RKA""]","[""Q1008""]","[""1961-01-01T00:00:00Z""]","[""2002-01-01T00:00:00Z""]"
406744,Q406744,Air Alliance,,"[""3J""]","[""AAQ""]","[""Q16""]","[""1988-01-01T00:00:00Z""]","[""1999-04-05T00:00:00Z""]"
406755,Q406755,Air Alps,エア・アルプス,"[""A6""]","[""LPV""]","[""Q40""]","[""1998-01-01T00:00:00Z""]","[""2013-01-01T00:00:00Z""]"
406760,Q406760,Air Alsace,,"[""SY""]",[],"[""Q142""]","[""1962-01-01T00:00:00Z""]","[""1981-01-01T00:00:00Z""]"
406764,Q406764,Air Algérie,アルジェリア航空,"[""AH""]","[""DAH""]","[""Q262""]","[""1953-01-01T00:00:00Z""]",[]
406771,Q406771,Air America,エア・アメリカ,[],"[""AAM""]","[""Q30""]","[""1950-01-01T00:00:00Z""]","[""1976-01-01T00:00:00Z""]"
406779,Q406779,Air Antilles,エア・アンティルス,"[""3S""]","[""GUY""]","[""Q142""]","[""2002-01-01T00:00:00Z""]",[]
406794,Q406794,Air Arabia Egypt,エア・アラビア・エジプト,"[""E5""]","[""RBG""]","[""Q79""]","[""2009-01-01T00:00:00Z""]",[]
406798,Q406798,Air Arabia,エア・アラビア,"[""G9""]","[""ABY""]","[""Q878""]","[""2003-02-01T00:00:00Z""]",[]
406803,Q406803,Air Arabia Maroc,エア・アラビア・モロッコ,"[""3O""]","[""MAC""]","[""Q1028""]","[""2009-01-01T00:00:00Z""]",[]
406804,Q406804,Air Aruba,,"[""FQ""]","[""ARU""]","[""Q21203""]","[""1986-01-01T00:00:00Z""]","[""2000-01-01T00:00:00Z""]"
406814,Q406814,Air Atlanta Icelandic,エア・アトランタ・アイスランディック,"[""CC""]","[""ABD""]","[""Q189""]","[""1986-02-10T00:00:00Z""]",[]
406817,Q406817,Air Atlantic,,"[""9A""]","[""ATL""]","[""Q16""]",[],"[""1988-10-01T00:00:00Z""]"
406828,Q406828,Air Astana,エア・アスタナ,"[""KC""]","[""KZR""]","[""Q232""]","[""2001-01-01T00:00:00Z""]",[]
406832,Q406832,Air Atlantis,エア・アトランティス,"[""EJ""]","[""AIA""]","[""Q45""]","[""1985-01-01T00:00:00Z""]","[""1993-01-01T00:00:00Z""]"
406837,Q406837,Air Australia,ストラテジック・エアラインズ,"[""VC""]","[""AGC""]","[""Q408""]","[""2009-01-01T00:00:00Z""]","[""2012-02-17T00:00:00Z""]"
406842,Q406842,Air Austria,,[],[],"[""Q40""]","[""1955-01-01T00:00:00Z""]","[""1957-04-04T00:00:00Z""]"
406847,Q406847,Air Austral,エール・オーストラル,"[""UU""]","[""REU""]","[""Q142""]","[""1974-01-01T00:00:00Z""]",[]
406853,Q406853,Air Bagan,バガン航空,"[""W9""]","[""JAB""]","[""Q836""]","[""2004-01-01T00:00:00Z""]","[""2015-01-01T00:00:00Z""]"
406875,Q406875,Air Bashkortostan,,"[""ZU""]","[""BBT""]","[""Q159""]","[""2006-01-01T00:00:00Z""]","[""2013-01-01T00:00:00Z""]"
406883,Q406883,Air Batumi,,[],"[""BTM""]","[""Q230""]","[""2010-01-01T00:00:00Z""]","[""2012-01-01T00:00:00Z""]"
406884,Q406884,Air Belgium (1979–2000),,"[""AJ""]","[""ABB""]","[""Q31""]","[""1979-04-24T00:00:00Z""]","[""2000-10-31T00:00:00Z""]"
406896,Q406896,Air Botswana,エア・ボツワナ,"[""BP""]","[""BOT""]","[""Q963""]","[""1972-01-01T00:00:00Z""]",[]
406901,Q406901,Air Bremen,,"[""HR""]","[""BRN""]","[""Q183""]","[""1988-01-01T00:00:00Z""]","[""1990-01-01T00:00:00Z""]"
406907,Q406907,Air Bucharest,エア・ブカレスト,"[""B1""]","[""BUR""]","[""Q218""]","[""2008-01-01T00:00:00Z""]",[]
406928,Q406928,Air Burkina,エール・ブルキナ,"[""2J""]","[""VBW""]","[""Q965""]","[""1967-01-01T00:00:00Z""]",[]
406932,Q406932,Air Busan,エアプサン,"[""BX""]","[""ABL""]","[""Q884""]","[""2007-01-01T00:00:00Z""]",[]
406942,Q406942,Air Calédonie,エール・カレドニー,"[""TY""]","[""TPC""]","[""Q142""]","[""1954-01-01T00:00:00Z""]",[]
406992,Q406992,Air Caraïbes,エア・カライベス,"[""TX""]","[""FWI""]","[""Q142""]","[""2000-01-01T00:00:00Z""]",[]
406993,Q406993,Air Central,エアーセントラル,"[""NV""]","[""CRF""]","[""Q17""]","[""1988-01-01T00:00:00Z""]","[""2010-10-01T00:00:00Z""]"
406997,Q406997,Air Charter,エア・チャーター・インターナショナル,"[""SF""]","[""ACF""]","[""Q142""]","[""1966-01-01T00:00:00Z""]","[""1998-10-24T00:00:00Z""]"
407001,Q407001,Air Chathams,エア・チャタム,"[""CV""]","[""CVA""]","[""Q664""]","[""1984-01-01T00:00:00Z""]",[]
407006,Q407006,Air Columbus,,"[""BO""]","[""CNB""]","[""Q45""]","[""1988-01-01T00:00:00Z""]","[""1994-01-01T00:00:00Z""]"
407029,Q407029,Air Comet Chile,エア・コメット (チリ),"[""3I""]","[""DLU""]","[""Q298""]","[""2004-01-01T00:00:00Z""]","[""2008-10-31T00:00:00Z""]"
407030,Q407030,Air Commerz,,[],[],"[""Q183""]","[""1970-01-01T00:00:00Z""]","[""1972-01-01T00:00:00Z""]"
407038,Q407038,Air Bourbon,エール・コモロ・インターナショナル,"[""ZB""]","[""BUB""]","[""Q142""]","[""2002-11-01T00:00:00Z""]","[""2004-01-01T00:00:00Z""]"
407043,Q407043,ASL Airlines Ireland,コントラクター航空,"[""AG""]","[""ABR""]","[""Q27""]","[""2015-06-04T00:00:00Z""]",[]
407044,Q407044,Air Corridor,,"[""QC""]","[""CRD""]","[""Q1029""]","[""2004-01-01T00:00:00Z""]","[""2008-01-10T00:00:00Z""]"
407054,Q407054,Air Corsica,CCM航空,"[""XK""]","[""CCM""]","[""Q142""]","[""1989-01-01T00:00:00Z""]",[]
407055,Q407055,Air Creebec,クリーベック航空,"[""YN""]","[""CRQ""]","[""Q16""]","[""1982-01-01T00:00:00Z""]",[]
407079,Q407079,Air Europe,エア・ヨーロッパ (イギリス),"[""AE""]","[""AOE""]","[""Q145""]","[""1978-01-01T00:00:00Z""]","[""1991-01-01T00:00:00Z""]"
407085,Q407085,Air Europe,,"[""PE""]","[""AEL""]","[""Q38""]","[""1989-01-01T00:00:00Z""]","[""2008-01-01T00:00:00Z""]"
407086,Q407086,Air Evex,,[],"[""EVE""]","[""Q183""]","[""1975-01-01T00:00:00Z""]","[""2007-01-01T00:00:00Z""]"
407089,Q407089,Air Excel,エア・エクセル,[],"[""XLL""]","[""Q924""]","[""1997-01-01T00:00:00Z""]",[]
407093,Q407093,Air Express Sweden,エア・エクスプレス・スウェーデン,[],"[""AEQ""]","[""Q34""]","[""2008-01-01T00:00:00Z""]","[""2009-01-01T00:00:00Z""]"
407100,Q407100,Air Fiji,フィジー航空,"[""PC""]","[""FAJ""]","[""Q712""]","[""1995-01-01T00:00:00Z""]","[""2009-05-01T00:00:00Z""]"
407108,Q407108,Air Finland,エア・フィンランド,"[""OF""]","[""FIF""]","[""Q33""]","[""2002-01-01T00:00:00Z""]","[""2012-06-26T00:00:00Z""]"
407255,Q407255,Air Gabon,,"[""GN""]","[""AGN""]","[""Q1000""]","[""1977-01-01T00:00:00Z""]","[""2006-01-01T00:00:00Z""]"
407256,Q407256,Air Gambia,,[],[],"[""Q1005""]",[],[]
407265,Q407265,Air Glaciers,エア=グラシエ,"[""7T""]","[""AGV""]","[""Q39""]","[""1965-08-01T00:00:00Z""]",[]
407269,Q407269,Air Globe,,[],[],"[""Q39""]","[""1947-01-01T00:00:00Z""]","[""1948-01-01T00:00:00Z""]"
407287,Q407287,Air Guyane Express,エール・ギュイヤンヌ・エクスプレス,"[""3S""]","[""GUY""]","[""Q142""]","[""2002-01-01T00:00:00Z""]",[]
407292,Q407292,Air Greenland,エア・グリーンランド,"[""GL""]","[""GRL""]","[""Q223"",""Q35""]","[""1960-01-01T00:00:00Z""]",[]
407294,Q407294,Air Hamburg,エア・ハンブルク,"[""HH""]","[""AHO""]","[""Q183""]","[""2005-01-01T00:00:00Z""]",[]
407298,Q407298,Air Holland,エア・ホラント,"[""HD""]","[""HLN""]","[""Q55""]","[""1984-01-01T00:00:00Z""]","[""2004-03-25T00:00:00Z""]"
407311,Q407311,Air Hong Kong,エア・ホンコン,"[""LD""]","[""AHK""]","[""Q148""]","[""1986-01-01T00:00:00Z""]",[]
407316,Q407316,Air Independence,,[],"[""DLY""]","[""Q183""]","[""1999-01-01T00:00:00Z""]",[]
407343,Q407343,Air India Express,エア・インディア・エクスプレス,"[""IX""]","[""AXB""]","[""Q668""]","[""2005-01-01T00:00:00Z""]",[]
407368,Q407368,Air Inter,エールアンテール,"[""IT""]","[""ITF""]","[""Q142""]","[""1954-01-01T00:00:00Z"",""1957-01-01T00:00:00Z""]","[""1997-04-01T00:00:00Z""]"
407371,Q407371,Air Inuit,エア・イヌイット,"[""3H""]","[""AIE""]","[""Q16""]","[""1978-01-01T00:00:00Z""]",[]
407385,Q407385,Air Italy,エア・イタリー,"[""I9""]","[""AEY""]","[""Q38""]","[""2005-01-01T00:00:00Z""]","[""2018-02-28T00:00:00Z""]"
407399,Q407399,Air Ivoire,エール・イボワール,"[""VU""]","[""VUN""]","[""Q1008""]","[""1960-12-14T00:00:00Z""]","[""2011-01-01T00:00:00Z""]"
407402,Q407402,Q407402,エア・ジャマイカ,"[""JM""]","[""AJM""]","[""Q766""]","[""1969-01-01T00:00:00Z""]","[""2011-01-01T00:00:00Z""]"
407416,Q407416,Air Kiribati,キリバス航空,"[""IK""]","[""AKL""]","[""Q710""]","[""1995-01-01T00:00:00Z""]",[]
407430,Q407430,Air Libya,エア・リビア,"[""7I""]","[""TLR""]","[""Q1016""]","[""1996-01-01T00:00:00Z""]",[]
407440,Q407440,Air Link,,"[""DR""]",[],"[""Q408""]","[""1971-01-01T00:00:00Z""]",[]
407456,Q407456,Air Littoral,エールリトラル,"[""FU""]","[""LIT""]","[""Q142""]","[""1972-04-01T00:00:00Z""]","[""2004-01-01T00:00:00Z""]"
407478,Q407478,Air Macau,マカオ航空,"[""NX""]","[""AMU""]","[""Q148""]","[""1994-01-01T00:00:00Z""]",[]
407486,Q407486,Air Madrid,エア・マドリード,"[""NM""]","[""DRD""]","[""Q29""]","[""2003-01-01T00:00:00Z""]","[""2006-12-15T00:00:00Z""]"
407497,Q407497,Air Malawi,エア・マラウイ,"[""QM""]","[""AML""]","[""Q1020""]","[""1964-01-01T00:00:00Z""]","[""2013-02-01T00:00:00Z""]"
407498,Q407498,Air Mali,エール・マリ,"[""I5""]","[""CMM""]","[""Q912""]","[""2005-04-01T00:00:00Z""]",[]
407508,Q407508,Air Mandalay,マンダレー航空,"[""6T""]","[""AMY""]","[""Q836""]","[""1994-01-01T00:00:00Z""]",[]
407530,Q407530,Air Marshall Islands,マーシャル諸島航空,"[""CW""]","[""MRS""]","[""Q709""]","[""1980-01-01T00:00:00Z""]",[]
407545,Q407545,Air Mauritanie,エール・モーリタニー,"[""MR""]","[""MRT""]","[""Q1025""]","[""1962-01-01T00:00:00Z""]","[""2007-01-01T00:00:00Z""]"
407556,Q407556,Air Mauritius,モーリシャス航空,"[""MK""]","[""MAU""]","[""Q1027""]","[""1967-01-01T00:00:00Z""]",[]
407572,Q407572,Air Mekong,メコン航空,"[""P8""]","[""MKG""]","[""Q881""]","[""2009-07-28T00:00:00Z""]","[""2013-01-01T00:00:00Z""]"
407576,Q407576,Air Memphis,,[],"[""MHS""]","[""Q79""]","[""1995-01-01T00:00:00Z""]","[""2013-01-01T00:00:00Z""]"
407606,Q407606,Air Moldova,モルドバ航空,"[""9U""]","[""MLD""]","[""Q217""]","[""1993-01-01T00:00:00Z""]","[""2023-01-01T00:00:00Z""]"
407611,Q407611,Air Méditerranée,エール・メディテラネ,"[""ML""]","[""BIE""]","[""Q142""]","[""1997-04-01T00:00:00Z""]","[""2016-02-15T00:00:00Z""]"
407624,Q407624,Air Namibia,ナミビア航空,"[""SW""]","[""NMB""]","[""Q1030""]","[""1947-01-01T00:00:00Z""]","[""2021-02-11T00:00:00Z""]"
407630,Q407630,Air Nepal International,,"[""XN""]","[""NPL""]","[""Q837""]","[""2005-01-01T00:00:00Z""]","[""2006-03-01T00:00:00Z""]"
407651,Q407651,Air Nigeria,エア・ナイジェリア,"[""VK""]","[""ANP""]","[""Q1033""]","[""2004-01-01T00:00:00Z""]","[""2012-09-10T00:00:00Z""]"
407660,Q407660,Air Nippon,エアーニッポン,"[""EL""]","[""ANK""]","[""Q17""]","[""1987-04-01T00:00:00Z""]","[""2012-04-01T00:00:00Z""]"
407664,Q407664,Air Nippon Network,エアーニッポンネットワーク,"[""EH""]","[""AKX""]","[""Q17""]","[""2001-01-01T00:00:00Z""]","[""2010-01-01T00:00:00Z""]"
407673,Q407673,Air North,エア・ノース,"[""4N""]","[""ANT""]","[""Q16""]","[""1977-01-01T00:00:00Z""]",[]
407675,Q407675,Air Niugini,ニューギニア航空,"[""PX""]","[""ANG""]","[""Q691""]","[""1973-01-01T00:00:00Z""]",[]
407679,Q407679,Air Norway,エア・ノルウェー,"[""M3""]","[""NFA""]","[""Q20""]","[""2003-01-01T00:00:00Z""]","[""2017-01-01T00:00:00Z""]"
407694,Q407694,Air Nostrum,エア・ノストラム,"[""YW""]","[""ANE""]","[""Q29""]","[""1994-01-01T00:00:00Z""]",[]
407697,Q407697,Air One,エアワン,"[""AP""]","[""ADH""]","[""Q38""]","[""1983-01-01T00:00:00Z""]","[""2014-10-30T00:00:00Z""]"
407702,Q407702,Air Opium,,[],[],"[""Q185682""]",[],[]
407708,Q407708,Q407708,エア・パナマ,"[""7P""]","[""PST""]","[""Q804""]","[""2006-01-01T00:00:00Z""]",[]
407719,Q407719,Fiji Airways,フィジー・エアウェイズ,"[""FJ""]","[""FJI""]","[""Q712""]","[""1947-01-01T00:00:00Z""]",[]
407722,Q407722,Air Paradise International,エアーパラダイス国際航空,"[""AD""]","[""PRZ""]","[""Q252""]","[""2002-01-01T00:00:00Z""]","[""2005-11-24T00:00:00Z""]"
407725,Q407725,Air Poland,エア・イタリー・ポーランド,[],"[""AEI""]","[""Q36""]","[""2007-01-01T00:00:00Z""]","[""2012-01-01T00:00:00Z""]"
407745,Q407745,Air Polonia,エア・ポロニア,"[""4P""]","[""APN""]","[""Q36""]","[""2001-01-01T00:00:00Z""]","[""2004-01-01T00:00:00Z""]"
407751,Q407751,Air Rhodesia,,"[""RH""]",[],"[""Q954""]","[""1967-09-01T00:00:00Z""]","[""1980-01-01T00:00:00Z""]"
407759,Q407759,Air Rum,,[],"[""RUM""]","[""Q810""]","[""2002-01-01T00:00:00Z""]","[""2008-01-01T00:00:00Z""]"
407760,Q407760,Air Rarotonga,ラロトンガ航空,"[""GZ""]","[""RAR""]","[""Q26988""]","[""1978-01-01T00:00:00Z""]",[]
407765,Q407765,Air Saint-Pierre,エール・サン＝ピエール,"[""PJ""]","[""SPM""]","[""Q142""]","[""1964-01-01T00:00:00Z""]",[]
407771,Q407771,Air Service Gabon,,"[""X7""]","[""AGB""]","[""Q1000""]","[""1965-01-01T00:00:00Z""]",[]
407779,Q407779,Air Siam,エア・サイアム,"[""VG""]",[],"[""Q869""]","[""1965-01-01T00:00:00Z""]","[""1976-01-01T00:00:00Z""]"
407783,Q407783,Air Seychelles,セーシェル航空,"[""HM""]","[""SEY""]","[""Q1042""]","[""1978-01-01T00:00:00Z""]",[]
407787,Q407787,Air Slovakia,エア・スロバキア,"[""GM""]","[""SVK""]","[""Q214""]","[""1994-01-01T00:00:00Z""]","[""2010-01-01T00:00:00Z""]"
407789,Q407789,Air Southwest,,"[""SZ""]","[""WOW""]","[""Q145""]","[""2003-01-01T00:00:00Z""]","[""2011-09-30T00:00:00Z""]"
407793,Q407793,Air Sul,,[],[],"[""Q45""]",[],[]
407803,Q407803,Air Sweden,,[],"[""SNX""]","[""Q34""]","[""2009-01-01T00:00:00Z""]","[""2011-01-01T00:00:00Z""]"
407808,Q407808,Air Sylhet,,"[""SL""]","[""SHR""]","[""Q40""]","[""2007-01-01T00:00:00Z""]","[""2009-01-01T00:00:00Z""]"
407817,Q407817,Air Sénégal International,セネガル国際航空,"[""V7""]","[""SNG""]","[""Q1041""]","[""1971-01-01T00:00:00Z""]","[""2009-01-01T00:00:00Z""]"
407840,Q407840,Air Timor,エア・ティモール,"[""MI""]",[],"[""Q574""]","[""2007-01-01T00:00:00Z""]","[""2023-12-17T00:00:00Z""]"
407842,Q407842,Air Tanzania,エア・タンザニア,"[""TC""]","[""ATC""]","[""Q924""]","[""1977-01-01T00:00:00Z""]",[]
407847,Q407847,Air Tindi,,"[""8T""]","[""TID""]","[""Q16""]","[""1988-01-01T00:00:00Z""]",[]
407859,Q407859,Air Transport International,エア・トランスポート・インターナショナル,"[""8C""]","[""ATN""]","[""Q30""]","[""1978-01-01T00:00:00Z""]",[]
407863,Q407863,AirUK,,"[""UK""]","[""UKA""]","[""Q145""]","[""1980-01-01T00:00:00Z""]","[""1998-01-01T00:00:00Z""]"
407869,Q407869,Air Transat,エア・トランザット,"[""TS""]","[""TSC""]","[""Q16""]","[""1986-12-01T00:00:00Z""]",[]
407874,Q407874,Q407874,エア・ウガンダ,"[""U7""]","[""UGA""]","[""Q1036""]","[""2007-01-01T00:00:00Z""]","[""2014-01-01T00:00:00Z""]"
407885,Q407885,Air Vallée,ヴァリエール航空,"[""DO""]","[""RVL""]","[""Q38""]","[""1987-01-01T00:00:00Z""]","[""2018-01-01T00:00:00Z""]"
407886,Q407886,Air Vanuatu,バヌアツ航空,"[""NF""]","[""AVN""]","[""Q686""]","[""1981-01-01T00:00:00Z""]",[]
407888,Q407888,Air Viking,,[],[],"[""Q189""]","[""1970-06-01T00:00:00Z""]","[""1976-03-12T00:00:00Z""]"
407897,Q407897,Air VIA,VIA航空,"[""VL""]","[""VIM""]","[""Q219""]","[""1990-01-01T00:00:00Z""]","[""2016-01-01T00:00:00Z""]"
407898,Q407898,Air Wales,エア・ウェールズ,"[""6G""]","[""AWW""]","[""Q145""]","[""1997-01-01T00:00:00Z""]","[""2006-04-23T00:00:00Z""]"
407900,Q407900,Air West,,[],"[""AWZ""]","[""Q1049""]","[""1992-01-01T00:00:00Z""]",[]
407911,Q407911,Air Wisconsin,エア・ウィスコンシン,"[""ZW""]","[""AWI""]","[""Q30""]","[""1965-08-23T00:00:00Z""]",[]
407920,Q407920,Air Zimbabwe,エア・ジンバブエ,"[""UM""]","[""AZW""]","[""Q954""]","[""1967-01-01T00:00:00Z""]",[]
408070,Q408070,Airborne Express,エアボーン・エクスプレス,[],"[""ABX""]","[""Q30""]","[""1946-01-01T00:00:00Z""]","[""2004-01-01T00:00:00Z""]"
408396,Q408396,Airbus Transport International,,"[""4Y""]","[""BGA""]","[""Q142""]","[""1996-01-01T00:00:00Z""]",[]
408408,Q408408,Aircalin,エアカラン,"[""SB""]","[""ACI""]","[""Q142"",""Q33788""]","[""1983-01-01T00:00:00Z""]",[]
408507,Q408507,Aircraft Transport and Travel,エアクラフト・トランスポート・アンド・トラベル,[],[],"[""Q145""]","[""1916-10-05T00:00:00Z""]","[""1921-02-28T00:00:00Z""]"
408655,Q408655,LATAM Airlines Colombia,ラン・コロンビア,"[""4C""]","[""ARE""]","[""Q739""]","[""1980-10-02T00:00:00Z""]",[]
408695,Q408695,Airfast Indonesia,エアファスト,"[""FS""]","[""AFE""]","[""Q252""]","[""1971-01-01T00:00:00Z""]",[]
408748,Q408748,Airkenya Express,,"[""P2""]","[""XAK""]","[""Q114""]","[""1987-01-01T00:00:00Z""]",[]
408784,Q408784,Airlinair,エールリネール,"[""AN""]","[""RLA""]","[""Q142""]","[""1998-01-01T00:00:00Z""]","[""2013-01-01T00:00:00Z""]"
408808,Q408808,PNG Air,PNG航空,"[""CG""]","[""TOK""]","[""Q691""]","[""1987-01-01T00:00:00Z""]",[]
408819,Q408819,Airlink,,"[""ND""]",[],"[""Q691""]","[""1989-01-01T00:00:00Z""]","[""2007-01-01T00:00:00Z""]"
408831,Q408831,Airlink,エアリンク,"[""4Z""]","[""LNK""]","[""Q258""]","[""1995-01-01T00:00:00Z""]",[]
408864,Q408864,Airnorth,エアノース,"[""TL""]","[""ANO""]","[""Q408""]","[""1978-01-01T00:00:00Z""]",[]
408955,Q408955,Airphil Express,エアフィル・エクスプレス,"[""2P""]","[""GAP""]","[""Q928""]","[""1995-01-01T00:00:00Z""]",[]
409260,Q409260,Airtours,,"[""VZ""]","[""AIH""]","[""Q145""]","[""1972-01-01T00:00:00Z""]","[""2008-01-01T00:00:00Z""]"
409341,Q409341,Airways International Cymru,,"[""AK""]","[""CYM""]","[""Q145""]","[""1984-01-01T00:00:00Z""]","[""1988-01-01T00:00:00Z""]"
409359,Q409359,Airworld,エアワールド,"[""RL""]","[""AWD""]","[""Q145""]","[""1994-01-01T00:00:00Z""]","[""1998-01-01T00:00:00Z""]"
416984,Q416984,Akdeniz Airlines,,[],"[""AKD""]","[""Q43""]","[""1995-01-01T00:00:00Z""]","[""1995-01-01T00:00:00Z""]"
420162,Q420162,Aklak Air,,"[""6L""]","[""AKK""]","[""Q16""]","[""1977-01-01T00:00:00Z""]",[]
426851,Q426851,Martinair,マーティンエアー,"[""MP""]","[""MPH""]","[""Q55""]","[""1958-01-01T00:00:00Z""]",[]
428008,Q428008,Wardair,ワードエア,"[""WD""]","[""WDA""]","[""Q16""]","[""1952-01-01T00:00:00Z""]","[""1989-01-01T00:00:00Z""]"
428096,Q428096,WebJet Linhas Aéreas,ウェブジェット,"[""WH""]","[""WEB""]","[""Q155""]","[""2005-01-01T00:00:00Z""]","[""2012-01-01T00:00:00Z""]"
429859,Q429859,Transbrasil,トランス・ブラジル航空,"[""QD"",""TR""]","[""TBA""]","[""Q155""]","[""1955-01-01T00:00:00Z""]","[""2001-12-03T00:00:00Z""]"
431757,Q431757,Volaris,ボラリス,"[""Y4""]","[""VOI""]","[""Q96""]","[""2005-01-01T00:00:00Z""]",[]
432221,Q432221,Skymaster Airlines,,[],"[""SKC""]","[""Q155""]","[""1995-01-01T00:00:00Z""]",[]
432533,Q432533,Amakusa Airlines,天草エアライン,"[""MZ""]","[""AHX""]","[""Q17""]","[""1998-01-01T00:00:00Z""]",[]
434530,Q434530,AV8 Air,,[],"[""MNF""]","[""Q145""]","[""2003-01-01T00:00:00Z""]","[""2004-01-01T00:00:00Z""]"
451542,Q451542,Suckling Airways,サックリング・エアウェイズ,"[""CB""]","[""SAY""]","[""Q145""]","[""1984-01-01T00:00:00Z""]","[""2013-05-16T00:00:00Z""]"
451903,Q451903,Eos Airlines,Eos エアラインズ,"[""E0""]","[""ESS""]","[""Q30""]","[""2004-01-01T00:00:00Z""]","[""2008-04-27T00:00:00Z""]"
454611,Q454611,Amapola Flyg,アマポーラフリーグ,"[""HP""]","[""APF""]","[""Q34""]","[""2004-01-01T00:00:00Z""]",[]
456824,Q456824,Amber Airways,,[],[],"[""Q145""]",[],[]
456832,Q456832,Amber Air,,"[""0A""]","[""GNT""]","[""Q37""]","[""2004-01-01T00:00:00Z""]","[""2007-01-01T00:00:00Z""]"
458355,Q458355,Cosmic Air,,"[""F5""]","[""COZ""]","[""Q837""]","[""1997-01-01T00:00:00Z""]","[""2008-01-01T00:00:00Z""]"
460373,Q460373,Air Serbia,エア・セルビア,"[""JU""]","[""ASL""]","[""Q403""]","[""2013-01-01T00:00:00Z""]",[]
461631,Q461631,Q461631,イラン航空,"[""IR""]","[""IRA""]","[""Q794""]","[""1961-01-01T00:00:00Z""]",[]
463007,Q463007,Amerer Air,,[],"[""AMK""]","[""Q40""]","[""1995-01-01T00:00:00Z""]","[""2012-01-01T00:00:00Z""]"
463157,Q463157,America West Airlines,アメリカウエスト航空,[],[],"[""Q30""]","[""1981-01-01T00:00:00Z""]","[""2005-01-01T00:00:00Z""]"
466007,Q466007,American Overseas Airlines,,[],[],"[""Q30""]","[""1945-01-01T00:00:00Z""]","[""1950-09-25T00:00:00Z""]"
472129,Q472129,Laudamotion,ラウダモーション,"[""OE""]","[""LDM""]","[""Q40""]","[""2004-01-01T00:00:00Z""]","[""2020-10-01T00:00:00Z""]"
472381,Q472381,Private Wings,,"[""8W""]","[""PWF""]","[""Q183""]","[""1991-01-01T00:00:00Z""]",[]
472560,Q472560,Athens Airways,,"[""ZF""]",[],"[""Q41""]","[""2008-01-01T00:00:00Z""]","[""2010-01-01T00:00:00Z""]"
473010,Q473010,Hahn Air,ハーンエア,"[""HR""]","[""HHN""]","[""Q183""]","[""1994-01-01T00:00:00Z""]",[]
473231,Q473231,Gulf Air,ガルフ・エア,"[""GF""]","[""GFA""]","[""Q398""]","[""1950-01-01T00:00:00Z""]",[]
476681,Q476681,Kayala Airline,,"[""XY""]","[""KNE""]","[""Q851""]","[""2005-01-01T00:00:00Z""]","[""2009-04-01T00:00:00Z""]"
477512,Q477512,British United Airways,ブリティッシュ・ユナイテッド航空,"[""BR""]","[""BUA""]","[""Q145""]","[""1960-07-01T00:00:00Z""]","[""1970-01-01T00:00:00Z""]"
478476,Q478476,Amsterdam Airlines,,"[""2H"",""WD""]","[""AAN""]","[""Q55""]","[""2007-01-01T00:00:00Z""]","[""2011-10-31T00:00:00Z""]"
479159,Q479159,European Air Transport Leipzig,ヨーロピアン・エア・トランスポート・ライプツィヒ,"[""QY""]","[""BCS""]","[""Q183""]","[""2005-01-01T00:00:00Z""]",[]
482192,Q482192,Adam Air,アダム航空,"[""KI""]","[""DHI""]","[""Q252""]","[""2002-11-21T00:00:00Z""]","[""2008-03-18T00:00:00Z""]"
482642,Q482642,Jeju Air,済州航空,"[""7C""]","[""JJA""]","[""Q884""]","[""2005-01-01T00:00:00Z""]",[]
483281,Q483281,Tiger Airways,タイガー・エアウェイズ,"[""TR""]","[""TGW""]","[""Q334""]","[""2003-12-12T00:00:00Z""]","[""2017-07-25T00:00:00Z""]"
483676,Q483676,AJet,アナドルジェット航空,"[""TK"",""VF""]","[""THY"",""TKJ""]","[""Q43""]","[""2008-01-01T00:00:00Z"",""2023-01-01T00:00:00Z""]",[]
484872,Q484872,Jin Air,ジンエアー,"[""LJ""]","[""JNA""]","[""Q884""]","[""2008-01-01T00:00:00Z""]",[]
486865,Q486865,Q486865,ウガンダ航空,"[""QU""]","[""UGA""]","[""Q1036""]","[""1976-01-01T00:00:00Z""]","[""2001-05-01T00:00:00Z""]"
487158,Q487158,Armenian Airlines,,"[""R3""]","[""RME""]","[""Q399""]","[""1991-01-01T00:00:00Z""]","[""2003-01-01T00:00:00Z""]"
487178,Q487178,Korean National Airlines,大韓国民航空社,[],[],"[""Q884""]","[""1948-01-01T00:00:00Z""]","[""1962-01-01T00:00:00Z""]"
487559,Q487559,Civil Air Transport,民航空運公司,"[""CT""]","[""CAT""]","[""Q148""]","[""1946-01-01T00:00:00Z""]","[""1968-02-16T00:00:00Z""]"
489392,Q489392,Eastar Jet,イースター航空,"[""ZE""]","[""ESR""]","[""Q884""]","[""2007-01-01T00:00:00Z""]",[]
489547,Q489547,Itavia,イタビア航空,"[""IH""]","[""IH""]","[""Q38""]","[""1958-01-01T00:00:00Z""]","[""1981-07-31T00:00:00Z""]"
489719,Q489719,Yeongnam Air,嶺南エア,"[""OE""]","[""ONA""]","[""Q884""]","[""2006-01-01T00:00:00Z""]","[""2008-12-01T00:00:00Z""]"
491770,Q491770,Q491770,アンデス･ライネア･アエレアス,"[""OY""]","[""ANS""]","[""Q414""]","[""2005-01-01T00:00:00Z""]",[]
492586,Q492586,Gemini Air Cargo,,"[""GR""]","[""GCO""]","[""Q30""]","[""1995-01-01T00:00:00Z""]","[""2008-01-01T00:00:00Z""]"
493757,Q493757,Korea Express Air,コリアエクスプレスエア,"[""XE""]","[""KEA""]","[""Q884""]","[""2005-01-01T00:00:00Z""]",[]
494775,Q494775,Trinity Airways,トリニティ航空,"[""TW""]","[""TWB""]","[""Q884""]","[""2004-01-01T00:00:00Z""]",[]
495883,Q495883,Manchuria Aviation Company,満洲航空,"[""RH""]",[],"[""Q30623""]","[""1931-01-01T00:00:00Z""]","[""1945-01-01T00:00:00Z""]"
498725,Q498725,Bestair,,"[""5F"",""T1""]","[""BST""]","[""Q43""]","[""2006-01-01T00:00:00Z""]","[""2009-10-01T00:00:00Z""]"
499533,Q499533,Eastern Australia Airlines,イースタン・オーストラリア航空,"[""QF""]","[""EAQ""]","[""Q408""]","[""1949-01-01T00:00:00Z""]",[]
499539,Q499539,Skippers Aviation,スキッパーズ・アビエーション,"[""JW""]",[],"[""Q408""]","[""1990-01-01T00:00:00Z""]",[]
499795,Q499795,Brindabella Airlines,ブリンダベラ航空,"[""FQ""]",[],"[""Q408""]","[""1994-01-01T00:00:00Z""]","[""2013-12-14T00:00:00Z""]"
499869,Q499869,SmartLynx Australia,スカイトランス航空,"[""Q6""]","[""SKP""]","[""Q408""]","[""1990-01-01T00:00:00Z""]",[]
503308,Q503308,Southwest Airlines,サウスウエスト航空,"[""WN""]","[""SWA""]","[""Q30""]","[""1967-03-15T00:00:00Z""]",[]
507508,Q507508,New Central Airlines,新中央航空,[],[],"[""Q17""]","[""1978-12-15T00:00:00Z""]",[]
508005,Q508005,Aero Benin,,"[""EM""]","[""AEB""]","[""Q971""]","[""2002-01-01T00:00:00Z""]","[""2012-07-01T00:00:00Z""]"
508094,Q508094,Aeroexpress,,[],[],"[""Q28""]",[],"[""http://www.wikidata.org/.well-known/genid/a4b180c99db012770480811319164ea7""]"
508353,Q508353,Aeronáutica,,[],"[""GGL""]","[""Q916""]","[""2001-01-01T00:00:00Z""]",[]
508417,Q508417,TUI fly Deutschland,TUIフライ,"[""X3""]","[""TUI""]","[""Q183""]","[""1972-01-01T00:00:00Z""]",[]
509034,Q509034,Sverigeflyg,ゴットランズフリーグ,"[""DC""]","[""GAO""]","[""Q34""]","[""2001-01-01T00:00:00Z""]","[""2016-01-01T00:00:00Z""]"
509920,Q509920,Transaero Airlines,トランスアエロ航空,"[""UN""]","[""TSO""]","[""Q159""]","[""1991-01-01T00:00:00Z""]","[""2015-10-25T00:00:00Z""]"
510538,Q510538,Jagson Group,ジャグソン航空,"[""JA""]","[""JGN""]","[""Q668""]","[""1991-01-01T00:00:00Z""]",[]
512468,Q512468,Garuda Indonesia,ガルーダ・インドネシア航空,"[""GA""]","[""GIA""]","[""Q252""]","[""1947-08-01T00:00:00Z""]",[]
515607,Q515607,UM Airlines,ウクライナ地中海航空,"[""UF""]","[""UKM""]","[""Q212""]","[""1998-01-01T00:00:00Z""]","[""2018-01-01T00:00:00Z""]"
516933,Q516933,Islas Airways,,"[""IF""]","[""ISW""]","[""Q29""]","[""2002-01-01T00:00:00Z""]","[""2012-10-15T00:00:00Z""]"
519211,Q519211,Smartavia,スマータヴィア,"[""5N""]","[""AUL""]","[""Q159""]","[""2004-01-01T00:00:00Z""]",[]
520869,Q520869,TUI fly Netherlands,アークフライ,"[""OR""]","[""TFL""]","[""Q55""]","[""2005-01-01T00:00:00Z""]",[]
526550,Q526550,TUI fly Belgium,ジェットエアフライ,"[""TB""]","[""JAF""]","[""Q31""]","[""2004-01-01T00:00:00Z""]",[]
527192,Q527192,Bridge Airlines,,[],"[""BGE""]","[""Q1014""]",[],"[""http://www.wikidata.org/.well-known/genid/f5ae7e50afb0b550765d01de66490392""]"
527341,Q527341,Trans World Airlines,トランス・ワールド航空,"[""TW""]","[""TWA""]","[""Q30""]","[""1926-01-01T00:00:00Z""]","[""2001-01-01T00:00:00Z""]"
528492,Q528492,CommuteAir,コミュートエア,"[""C5""]","[""UCA""]","[""Q30""]","[""1989-01-01T00:00:00Z""]",[]
528978,Q528978,Tajik Air,タジキスタン航空,"[""7J""]","[""TJK""]","[""Q863""]","[""1924-09-03T00:00:00Z""]",[]
531463,Q531463,Angel Air,エンジェルエア,"[""8G""]","[""NGE""]","[""Q869""]","[""1997-01-01T00:00:00Z""]","[""2003-01-01T00:00:00Z""]"
532077,Q532077,Tor Air,トール・エアー,"[""OD""]","[""OAI""]","[""Q34""]","[""2008-01-01T00:00:00Z""]","[""2011-12-20T00:00:00Z""]"
533091,Q533091,Air Caledonian,,[],[],"[""Q145""]","[""2003-01-01T00:00:00Z""]","[""2005-01-01T00:00:00Z""]"
534136,Q534136,Japan Domestic Airlines,日本国内航空,[],[],"[""Q17""]","[""1964-04-15T00:00:00Z""]","[""1971-05-15T00:00:00Z""]"
534617,Q534617,Catovair,,"[""OC""]","[""ABL""]","[""Q1027""]","[""2005-01-01T00:00:00Z""]","[""2008-01-01T00:00:00Z""]"
536368,Q536368,Nile Air,ナイル航空,"[""NP""]","[""NIA""]","[""Q79""]","[""2009-01-01T00:00:00Z""]",[]
537223,Q537223,LATAM Cargo Colombia,ランコ,"[""L7""]","[""LAE""]","[""Q739""]","[""2009-01-01T00:00:00Z""]",[]
539218,Q539218,Texas International Airlines,テキサス国際空港,"[""TI""]","[""TIA""]","[""Q30""]","[""1944-01-01T00:00:00Z""]","[""1982-01-01T00:00:00Z""]"
540041,Q540041,Angkor Airways,アンコール航空,"[""G6""]","[""AKW""]","[""Q424""]","[""2004-01-01T00:00:00Z""]","[""2008-01-01T00:00:00Z""]"
541179,Q541179,Saudia,サウディア,"[""SV""]","[""SVA""]","[""Q851""]","[""1945-09-01T00:00:00Z""]",[]
541840,Q541840,Angola Air Charter,,[],"[""AGO""]","[""Q916""]","[""1987-01-01T00:00:00Z""]",[]
543277,Q543277,Swiss Global Air Lines,スイスヨーロピアンエアラインズ,"[""LZ""]","[""SWU""]","[""Q39""]","[""2005-11-01T00:00:00Z""]","[""2018-04-19T00:00:00Z""]"
543645,Q543645,Tunisair Express,チュニスエア・エクスプレス,"[""UG""]","[""TUX""]","[""Q948""]","[""1991-01-01T00:00:00Z""]",[]
544971,Q544971,Air Kasaï,エア・カサイ,[],[],"[""Q974""]","[""1983-01-01T00:00:00Z""]",[]
545276,Q545276,Peruvian International Airways,,[],[],"[""Q419""]","[""1947-01-01T00:00:00Z""]","[""1949-01-01T00:00:00Z""]"
546493,Q546493,Domestic Airlines,タッシリ航空,"[""SF""]","[""DTH""]","[""Q262""]","[""1998-01-01T00:00:00Z""]",[]
546812,Q546812,Q546812,ラン・エクスプレス,"[""LU""]","[""LXP""]","[""Q298""]","[""1958-01-01T00:00:00Z""]",[]
548133,Q548133,LASER Airlines,LASER航空,"[""QL""]","[""LER""]","[""Q717""]","[""1994-01-01T00:00:00Z""]",[]
549157,Q549157,Airlines Tonga,トンガ航空,[],[],"[""Q678""]","[""2005-01-01T00:00:00Z""]","[""2008-08-23T00:00:00Z""]"
550284,Q550284,Cebgo,サウスイースト・アジアンエアラインズ,"[""DG""]","[""SRQ""]","[""Q928""]","[""1994-01-01T00:00:00Z""]",[]
552807,Q552807,Rayyan Air,,"[""RA""]","[""RAB""]",[],"[""1993-01-01T00:00:00Z""]","[""2015-01-01T00:00:00Z""]"
552836,Q552836,Vision Air International,,[],"[""VIS""]","[""Q843""]","[""2006-01-01T00:00:00Z""]",[]
553149,Q553149,Sun d'Or International Airlines,サンドア国際航空,"[""2U"",""LY""]","[""ERO""]","[""Q801""]","[""1977-01-01T00:00:00Z""]",[]
553296,Q553296,Air Atlanta Europe,,"[""CT""]","[""AAE""]","[""Q233""]","[""2002-01-01T00:00:00Z"",""2021-01-01T00:00:00Z""]",[]
553314,Q553314,Air Cordial,,[],[],"[""Q145""]","[""2000-01-01T00:00:00Z""]","[""2005-09-01T00:00:00Z""]"
553385,Q553385,Air Foyle HeavyLift,,[],[],"[""Q145""]","[""2001-10-01T00:00:00Z""]","[""2006-10-01T00:00:00Z""]"
553426,Q553426,Air Harrods,エア・ハロッズ,[],[],"[""Q145""]",[],[]
553501,Q553501,Air Scandic,,[],"[""SCY""]","[""Q785""]",[],"[""http://www.wikidata.org/.well-known/genid/b8f41012cbcc5c10fe47869122188ac7""]"
553915,Q553915,Arkia,アルキア・イスラエル航空,"[""IZ""]","[""AIZ""]","[""Q801""]","[""1949-01-01T00:00:00Z""]",[]
554123,Q554123,Avanti Air,,[],"[""ATV""]","[""Q183""]","[""1994-01-01T00:00:00Z""]",[]
556277,Q556277,Ankair,,[],"[""VVF""]","[""Q43""]","[""2005-01-01T00:00:00Z""]","[""2008-01-01T00:00:00Z""]"
558002,Q558002,Israir Airlines,イズレール航空,"[""6H""]","[""ISR""]","[""Q801""]","[""1989-01-01T00:00:00Z""]",[]
561919,Q561919,Hamburg Airways,,"[""HK""]","[""HAY""]","[""Q183""]","[""2011-01-01T00:00:00Z""]","[""2014-12-01T00:00:00Z""]"
564717,Q564717,MIAT Mongolian Airlines,MIATモンゴル航空,"[""OM""]","[""MGL""]","[""Q711""]","[""1956-01-01T00:00:00Z""]",[]
570758,Q570758,Bhoja Air,ボジャ航空,"[""B4""]","[""BHO""]","[""Q843""]",[],"[""2012-01-01T00:00:00Z""]"
571239,Q571239,Antares Airtransport,,[],"[""ANM""]","[""Q183""]","[""2001-01-01T00:00:00Z""]","[""2005-01-01T00:00:00Z""]"
573300,Q573300,European Air Transport,ユーロビアン･エア･トランスポート,"[""QY""]","[""BCS""]","[""Q183""]","[""1971-01-01T00:00:00Z""]","[""2010-01-01T00:00:00Z""]"
573915,Q573915,Interflug,インターフルーク,"[""IF""]","[""IFL""]","[""Q16957""]","[""1958-09-18T00:00:00Z""]","[""1991-05-01T00:00:00Z""]"
574659,Q574659,Japan Transocean Air,日本トランスオーシャン航空,"[""NU""]","[""JTA""]","[""Q17""]","[""1993-07-01T00:00:00Z""]",[]
578032,Q578032,Nova Air,,[],"[""PMO""]","[""Q96""]","[""2005-01-01T00:00:00Z""]","[""2008-01-01T00:00:00Z""]"
578337,Q578337,Chanchangi Airlines,チャンチャンギ航空,"[""5B""]","[""NCH""]","[""Q1033""]","[""1997-01-01T00:00:00Z""]",[]
581161,Q581161,Ural Airlines,ウラル航空,"[""U6""]","[""SVR""]","[""Q159""]","[""1993-01-01T00:00:00Z""]",[]
581297,Q581297,Eagle Air,イーグル・エア,"[""H7""]","[""EGU""]","[""Q1036""]","[""1994-01-01T00:00:00Z""]",[]
582279,Q582279,Okay Airways,奥凱航空,"[""BK""]","[""OKA""]","[""Q148""]","[""2004-01-01T00:00:00Z""]",[]
583447,Q583447,Safiran Airlines,サフィラン航空,[],"[""SFN""]","[""Q794""]","[""1988-01-01T00:00:00Z""]","[""2013-01-01T00:00:00Z""]"
583843,Q583843,Olympic Air,,"[""OA""]","[""OAL""]","[""Q41""]","[""2009-01-01T00:00:00Z""]",[]
586562,Q586562,Orange Aviation,,[],[],"[""Q801""]",[],[]
588180,Q588180,Pronair,プロン・エア,[],"[""PRJ""]","[""Q29""]","[""2007-01-01T00:00:00Z""]","[""2009-01-01T00:00:00Z""]"
588909,Q588909,Nepal Airlines,ネパール航空,"[""RA""]","[""RNA""]","[""Q837""]","[""1958-01-01T00:00:00Z""]",[]
589629,Q589629,Slok Air International,スロク・エア・インターナショナル,"[""S0""]","[""OKS""]","[""Q1005""]","[""2004-01-01T00:00:00Z""]","[""2014-01-01T00:00:00Z""]"
591797,Q591797,Imperial Airways,インペリアル・エアウェイズ,[],[],"[""Q145""]","[""1924-03-31T00:00:00Z""]","[""1939-11-24T00:00:00Z""]"
592150,Q592150,Russian Sky Airlines,ロシアン・スカイ航空,"[""P7""]","[""ESL""]","[""Q159""]","[""1995-01-01T00:00:00Z""]","[""2014-01-01T00:00:00Z""]"
593510,Q593510,Wimbi Dira Airways,,"[""9C""]","[""WDA""]","[""Q974""]","[""2003-01-01T00:00:00Z""]","[""2014-01-01T00:00:00Z""]"
593931,Q593931,Omni Air International,オムニエアインターナショナル,"[""OY""]","[""OAE""]","[""Q30""]","[""1993-03-15T00:00:00Z""]",[]
595057,Q595057,Mali Air Transport,,[],[],"[""Q912""]",[],[]
596549,Q596549,Air One Nine Company,,"[""N6""]","[""ONR""]","[""Q1016""]","[""2004-01-01T00:00:00Z""]",[]
597294,Q597294,Air Guinée,エール・ギネ,"[""GI""]","[""GIB""]","[""Q1006""]","[""1960-01-01T00:00:00Z""]","[""2002-01-01T00:00:00Z""]"
597485,Q597485,Kam Air,カーム航空,"[""RQ""]","[""KMF""]","[""Q889""]","[""2003-01-01T00:00:00Z""]",[]
601583,Q601583,MAT Macedonian Airlines,,"[""IN""]","[""MAK""]","[""Q221""]","[""1994-01-01T00:00:00Z""]","[""2009-09-01T00:00:00Z""]"
602521,Q602521,KD Avia,,"[""KD""]","[""KNI""]","[""Q159""]","[""1945-01-01T00:00:00Z""]","[""2009-09-08T00:00:00Z""]"
602941,Q602941,Grant Aviation,,"[""GV""]","[""GUN""]","[""Q30""]","[""1971-01-01T00:00:00Z""]",[]
603512,Q603512,Indochina Airlines,,"[""VP""]","[""AXC""]","[""Q881""]","[""2008-01-01T00:00:00Z""]","[""2009-11-25T00:00:00Z""]"
604752,Q604752,ARP 410 Airlines,,[],"[""URP""]","[""Q212""]","[""1999-01-01T00:00:00Z""]","[""2007-01-01T00:00:00Z""]"
605968,Q605968,West Atlantic Sweden,ウエスト・エア・スウェーデン,"[""PT""]","[""SWN""]","[""Q34""]","[""1992-01-01T00:00:00Z""]",[]
606190,Q606190,VLM Airlines,VLMエアラインズ,"[""VG""]","[""VLM""]","[""Q145"",""Q31""]","[""1992-01-01T00:00:00Z""]","[""2016-06-22T00:00:00Z"",""2018-08-31T00:00:00Z""]"
606390,Q606390,GMG Airlines,GMG航空,"[""Z5""]","[""GMG""]","[""Q902""]","[""1997-01-01T00:00:00Z""]","[""2012-01-01T00:00:00Z""]"
606738,Q606738,Kuban Airlines,クバン航空,"[""GW""]","[""KIL""]","[""Q159""]","[""1992-01-01T00:00:00Z""]","[""2012-01-01T00:00:00Z""]"
608421,Q608421,Virgin Australia Regional Airlines,スカイウエスト,"[""VA""]","[""VOZ""]","[""Q408""]","[""1963-01-01T00:00:00Z""]",[]
608961,Q608961,Antrak Air,アントラック・エア,"[""O4""]","[""ABV""]","[""Q117""]","[""2003-01-01T00:00:00Z""]","[""2012-01-01T00:00:00Z""]"
609818,Q609818,TMA Cargo,トランス・メディテラネアン航空,"[""T2""]","[""TMA""]","[""Q822""]","[""1953-01-01T00:00:00Z""]","[""2014-01-01T00:00:00Z""]"
610003,Q610003,Uzbekistan Airways,ウズベキスタン航空,"[""HY""]","[""UZB""]","[""Q265""]","[""1992-01-01T00:00:00Z""]",[]
611742,Q611742,Eastern Air Lines,イースタン航空,"[""EA""]","[""EAL""]","[""Q30""]","[""1926-01-01T00:00:00Z""]","[""1991-01-01T00:00:00Z""]"
612411,Q612411,LoneStar Airways,,[],"[""LOA""]","[""Q1014""]",[],"[""2006-01-01T00:00:00Z""]"
616935,Q616935,Jordan Aviation,ヨルダン・アビエーション,"[""R5""]","[""JAV""]","[""Q810""]","[""1998-01-01T00:00:00Z""]",[]
617584,Q617584,Petroleum Air Services,ペトロレウム・エア・サービス,"[""UF""]","[""PER"",""VPS""]","[""Q79""]","[""1982-01-01T00:00:00Z""]",[]
617939,Q617939,Apatas Air,,[],"[""LYT""]","[""Q37""]","[""1994-01-01T00:00:00Z""]","[""2009-01-01T00:00:00Z""]"
618058,Q618058,Portugália,ポルトガリア航空,"[""NI""]","[""PGA""]","[""Q45""]","[""1989-01-01T00:00:00Z""]",[]
618062,Q618062,LIAT,リアット,"[""LI""]","[""LIA""]","[""Q781""]","[""1956-01-01T00:00:00Z""]","[""2024-01-24T00:00:00Z""]"
618093,Q618093,White Airways,ホワイト・エアウェイズ,"[""WI""]","[""WHT""]","[""Q45""]","[""2005-01-01T00:00:00Z""]",[]
618132,Q618132,EuroAtlantic Airways,ユーロアトランティック航空,"[""YU""]","[""MMZ""]","[""Q45""]","[""1993-08-25T00:00:00Z""]",[]
618960,Q618960,Batik Air,バティック・エア,"[""ID""]","[""BTK""]","[""Q252""]","[""2013-03-01T00:00:00Z""]",[]
619050,Q619050,Asia Cargo Airlines,トライエムジー・イントラ・アジア航空,"[""GM""]","[""TMG""]","[""Q252""]","[""1973-01-01T00:00:00Z""]",[]
619089,Q619089,Sriwijaya Air,スリウィジャヤ航空,"[""SJ""]","[""SJY""]","[""Q252""]","[""2003-01-01T00:00:00Z""]",[]
619118,Q619118,Merpati Nusantara Airlines,メルパチ・ヌサンタラ航空,"[""MZ""]","[""MNA""]","[""Q252""]","[""1962-01-01T00:00:00Z""]","[""2014-01-01T00:00:00Z""]"
622029,Q622029,Buffalo Airways,バッファロー・エアウェイズ,"[""J4""]","[""BFL""]","[""Q16""]","[""1970-01-01T00:00:00Z""]",[]
623661,Q623661,Arab Wings,アラブ・ウィングス,[],"[""AWS""]","[""Q810""]","[""1975-01-01T00:00:00Z""]",[]
627115,Q627115,Canadian Airlines International,カナディアン航空,"[""CP""]","[""CDN""]","[""Q16""]","[""1987-01-01T00:00:00Z""]","[""2001-01-01T00:00:00Z""]"
628658,Q628658,New York Air,ニューヨーク・エア,"[""NY""]","[""NYA""]","[""Q30""]","[""1980-01-01T00:00:00Z""]","[""1987-02-01T00:00:00Z""]"
630591,Q630591,Suparna Airlines,揚子江快運航空,"[""Y8""]","[""YZR""]","[""Q148""]","[""2003-01-15T00:00:00Z""]",[]
632159,Q632159,Prima Charter,,[],"[""FFP""]","[""Q36""]","[""2003-01-01T00:00:00Z""]",[]
633436,Q633436,Imair Airlines,,"[""IK""]","[""ITX""]","[""Q227""]","[""1994-10-06T00:00:00Z""]","[""2009-11-23T00:00:00Z""]"
634777,Q634777,People Express Airlines,ピープル・エキスプレス,"[""PE""]","[""PEX""]","[""Q30""]","[""1981-01-01T00:00:00Z""]","[""1987-01-01T00:00:00Z""]"
635789,Q635789,Trump Shuttle,トランプ・シャトル,"[""TB""]","[""TPS""]","[""Q30""]","[""1989-01-01T00:00:00Z""]","[""1992-01-01T00:00:00Z""]"
635824,Q635824,Tyrolean Jet Services,,[],"[""TJS""]","[""Q40""]","[""1978-01-01T00:00:00Z""]",[]
637066,Q637066,Janet,ジャネット,[],"[""WWW""]","[""Q30""]","[""1972-01-01T00:00:00Z""]",[]
637291,Q637291,Dniproavia,ドニプロアヴィア,"[""Z6""]","[""UDN""]","[""Q212""]","[""1996-01-01T00:00:00Z""]","[""2018-01-01T00:00:00Z""]"
638066,Q638066,Independence Air,インディペンデンス航空,"[""DH""]","[""IDE""]","[""Q30""]","[""1989-01-01T00:00:00Z""]","[""2006-01-05T00:00:00Z""]"
638303,Q638303,Arcus Air,,"[""ZE""]","[""AZE""]","[""Q183""]","[""1973-01-01T00:00:00Z""]",[]
638450,Q638450,SN Brussels Airlines,SNブリュッセル航空,"[""SN""]","[""DAT""]","[""Q31""]","[""2002-01-01T00:00:00Z""]","[""2006-01-01T00:00:00Z""]"
638897,Q638897,Montenegro Airlines,モンテネグロ航空,"[""YM""]","[""MGX""]","[""Q236""]","[""1994-01-01T00:00:00Z""]","[""2020-01-01T00:00:00Z""]"
638900,Q638900,Kenya Airways,ケニア航空,"[""KQ""]","[""KQA""]","[""Q114""]","[""1977-01-01T00:00:00Z""]",[]
639004,Q639004,Dalavia,ダリアビア航空,[],"[""KHB""]","[""Q159""]","[""1999-01-01T00:00:00Z""]","[""2008-01-01T00:00:00Z""]"
641422,Q641422,Estonian Air,エストニアン・エア,"[""OV""]","[""ELL""]","[""Q191""]","[""1991-01-01T00:00:00Z""]","[""2015-01-01T00:00:00Z""]"
642610,Q642610,Hawaiian Airlines,ハワイアン航空,"[""HA""]","[""HAL""]","[""Q30""]","[""1929-01-30T00:00:00Z""]",[]
642873,Q642873,Midwest Airlines,ミッドウエスト航空,"[""YX""]","[""MEP""]","[""Q30""]","[""1984-01-01T00:00:00Z""]","[""2010-11-01T00:00:00Z""]"
643713,Q643713,Air Djibouti,エール・ジブチ,"[""DJ""]","[""DJU""]","[""Q977""]","[""1963-01-01T00:00:00Z""]",[]
645084,Q645084,Virgin America,ヴァージン・アメリカ,"[""VX""]","[""VRD""]","[""Q30""]","[""2004-01-01T00:00:00Z""]","[""2018-04-24T00:00:00Z""]"
645290,Q645290,Líneas Aéreas del Estado (LADE),LADE,"[""5U""]","[""LDE""]","[""Q414""]","[""1940-01-01T00:00:00Z""]",[]
645830,Q645830,Norwegian Air Lines,ノルウェー航空,[],[],"[""Q20""]","[""1933-01-01T00:00:00Z""]","[""1948-01-01T00:00:00Z""]"
646561,Q646561,Casa Air Service,,[],[],"[""Q1028""]","[""1995-01-01T00:00:00Z""]",[]
646741,Q646741,Vueling,ブエリング航空,"[""VY""]","[""VLG""]","[""Q29""]","[""2004-01-01T00:00:00Z""]",[]
647174,Q647174,Thai Sky Airlines,タイ・スカイ・エアウェイズ,"[""9I""]","[""TKY""]","[""Q869""]","[""2004-01-01T00:00:00Z""]","[""2006-01-01T00:00:00Z""]"
648074,Q648074,Aer Lingus Regional,エアリンガス・リージョナル,"[""EI""]","[""EAI""]","[""Q27""]","[""2010-01-01T00:00:00Z""]",[]
648845,Q648845,AlMasria Universal Airlines,アルマシーラ・ユニバーサル航空,"[""UJ""]","[""LMU""]","[""Q79""]","[""2008-01-01T00:00:00Z""]",[]
649178,Q649178,LATAM Airlines,ラタム・チリ,"[""LA""]","[""LAN""]","[""Q298""]","[""1929-01-01T00:00:00Z""]",[]
650170,Q650170,SCAT Airlines,SCAT航空,"[""DV""]","[""VSV""]","[""Q232""]","[""1997-01-01T00:00:00Z""]",[]
650450,Q650450,Direct Fly,,[],"[""SXP""]","[""Q36""]","[""2005-01-01T00:00:00Z""]","[""2007-01-01T00:00:00Z""]"
651491,Q651491,LATAM Airlines Ecuador,ラン・エクアドル,"[""XL""]","[""LNE""]","[""Q736""]","[""2002-01-01T00:00:00Z""]",[]
654248,Q654248,Aria Air,アーリヤー航空,[],"[""IRX""]","[""Q794""]","[""1999-01-01T00:00:00Z""]",[]
654953,Q654953,Ariana Afghan Airlines,アリアナ・アフガン航空,"[""FG""]","[""AFG""]","[""Q889""]","[""1955-01-27T00:00:00Z""]",[]
659057,Q659057,Republic Express Airlines,リパブリック・エクスプレス航空,"[""RH""]","[""RPH""]","[""Q252""]","[""2001-01-01T00:00:00Z""]",[]
660062,Q660062,Tailwind Airlines,テイルウィンド・エアラインズ,"[""TI""]","[""TWI""]","[""Q43""]","[""2008-01-01T00:00:00Z""]",[]
660191,Q660191,Tyrolean Airways,オーストリアン・アローズ,"[""VO""]","[""TYR""]","[""Q40""]","[""1978-01-01T00:00:00Z""]","[""2015-01-01T00:00:00Z""]"
660986,Q660986,Arik Air,アリクエア,"[""W3""]","[""ARA""]","[""Q1033""]","[""2002-01-01T00:00:00Z"",""2006-01-01T00:00:00Z""]",[]
661242,Q661242,SkyEurope Airlines,スカイヨーロッパ航空,"[""NE""]","[""ESK""]","[""Q214""]","[""2001-01-01T00:00:00Z""]","[""2009-09-01T00:00:00Z""]"
661602,Q661602,Hamburg International,ハンブルク・インターナショナル,"[""4R""]","[""HHI""]","[""Q183""]","[""1998-01-01T00:00:00Z""]","[""2010-10-20T00:00:00Z""]"
662050,Q662050,Edelweiss Air,エーデルワイス航空,"[""WK""]","[""EDW""]","[""Q39""]","[""1995-01-01T00:00:00Z""]",[]
662091,Q662091,Yemenia,イエメニア,"[""IY""]","[""IYE""]","[""Q805""]","[""1961-01-01T00:00:00Z""]",[]
662145,Q662145,SonAir,ソンエアー,[],"[""SOR""]","[""Q916""]","[""1998-02-16T00:00:00Z""]",[]
664721,Q664721,Air China Cargo,中国国際貨運航空,"[""CA""]","[""CAO""]","[""Q148""]","[""2003-01-01T00:00:00Z""]",[]
666821,Q666821,Air Canada Express,エア・カナダ・エクスプレス,[],[],"[""Q16""]","[""2011-05-03T00:00:00Z""]",[]
667400,Q667400,Air Thanlwin,ヤンゴン航空,"[""ST""]","[""RTL""]","[""Q836""]","[""1996-01-01T00:00:00Z""]",[]
667656,Q667656,Crossair,クロスエア,"[""LX""]","[""CRX""]","[""Q142"",""Q39""]","[""1975-01-01T00:00:00Z""]","[""2002-01-01T00:00:00Z""]"
667992,Q667992,Song,ソング,"[""DL""]","[""DAL""]","[""Q30""]","[""2003-01-01T00:00:00Z""]","[""2006-05-01T00:00:00Z""]"
669002,Q669002,Corendon Airlines,コレンドン航空,"[""XC""]","[""CAI""]","[""Q43""]","[""2004-01-01T00:00:00Z""]",[]
669686,Q669686,Cabo Verde Airlines,カーボベルデ航空,"[""VR""]","[""TCV""]","[""Q1011""]","[""1958-01-01T00:00:00Z""]",[]
671339,Q671339,Flyant,Flyant,[],"[""FYA""]","[""Q29""]","[""2006-01-01T00:00:00Z""]","[""2008-01-01T00:00:00Z""]"
672326,Q672326,Wind Jet,ウィンドジェット,"[""IV""]","[""JET""]","[""Q38""]","[""2003-01-01T00:00:00Z""]","[""2012-08-11T00:00:00Z""]"
673490,Q673490,Italy First,,"[""IF""]","[""IFS""]","[""Q38""]","[""1999-01-01T00:00:00Z""]","[""2004-01-01T00:00:00Z""]"
673666,Q673666,Hello,,"[""HW""]","[""FHE""]","[""Q39""]","[""2004-01-01T00:00:00Z""]","[""2012-01-01T00:00:00Z""]"
673832,Q673832,Jetalliance,,[],"[""JAG""]","[""Q40""]","[""1996-01-01T00:00:00Z""]","[""2013-01-01T00:00:00Z""]"
673852,Q673852,Q673852,ペルビアン航空,"[""P9""]","[""PVN""]","[""Q419""]","[""2007-01-01T00:00:00Z""]",[]
674673,Q674673,Lynx Aviation,,[],[],"[""Q30""]","[""2006-01-01T00:00:00Z""]","[""2011-01-01T00:00:00Z""]"
677606,Q677606,Conviasa,コンビアサ航空,"[""V0""]","[""VCV""]","[""Q717""]","[""2004-01-01T00:00:00Z""]",[]
677726,Q677726,Augsburg Airways,アウクスブルク航空,"[""IQ""]","[""AUB""]","[""Q183""]","[""1980-01-01T00:00:00Z""]","[""2013-01-01T00:00:00Z""]"
677831,Q677831,Piedmont Airlines,ピードモント航空,"[""PI""]","[""PDT""]","[""Q30""]","[""1948-01-01T00:00:00Z""]","[""1989-01-01T00:00:00Z""]"
679702,Q679702,Armavia,アルマヴィア,"[""U8""]","[""RNV""]","[""Q399""]","[""1996-12-12T00:00:00Z""]","[""2013-04-01T00:00:00Z""]"
681644,Q681644,Mission Aviation Fellowship,ミッション・アヴィエーション・フェローシップ,[],[],"[""Q252""]","[""1945-01-01T00:00:00Z""]",[]
682863,Q682863,DELAG,ドイツ飛行船旅行,[],[],"[""Q183""]","[""1909-01-01T00:00:00Z""]","[""1935-01-01T00:00:00Z""]"
684241,Q684241,Cirrus Airlines,ツィルス航空,"[""C9""]","[""RUS""]","[""Q183""]","[""1995-01-01T00:00:00Z""]","[""2012-01-01T00:00:00Z""]"
684526,Q684526,Shanxi Airlines,山西航空,"[""8C""]","[""CXI""]","[""Q148""]","[""1998-01-01T00:00:00Z""]","[""2009-01-01T00:00:00Z""]"
684612,Q684612,Heliswiss,ヘリスイス,[],"[""HSI""]","[""Q39""]","[""1953-01-01T00:00:00Z""]","[""2012-01-01T00:00:00Z""]"
685418,Q685418,Eritrean Airlines,エリトリア航空,"[""B8""]","[""ERT""]","[""Q986""]","[""1991-01-01T00:00:00Z""]",[]
685605,Q685605,Blue Wings,,"[""QW""]","[""BWG""]","[""Q183""]","[""2002-01-01T00:00:00Z""]","[""2010-01-01T00:00:00Z""]"
688222,Q688222,PrivatAir,プライバットエア,"[""PT"",""PV""]","[""PTI""]","[""Q39""]","[""1977-01-01T00:00:00Z""]","[""2018-12-05T00:00:00Z""]"
688359,Q688359,Lufthansa Italia,ルフトハンザ・イタリア,"[""LU""]","[""LIT""]","[""Q183""]","[""2008-11-27T00:00:00Z""]","[""2011-10-29T00:00:00Z""]"
690598,Q690598,Robin Hood Aviation,,"[""RH""]","[""RHA""]","[""Q40""]","[""2007-01-01T00:00:00Z""]","[""2011-01-01T00:00:00Z""]"
690789,Q690789,LATAM Brasil,ラタム・ブラジル,"[""JJ""]","[""TAM""]","[""Q155""]","[""1961-01-01T00:00:00Z""]",[]
690988,Q690988,VistaJet,ビスタジェット,[],"[""VJT""]","[""Q233"",""Q40""]","[""2004-01-01T00:00:00Z""]",[]
691637,Q691637,Gol Transportes Aéreos,ゴル航空,"[""G3""]","[""GLO""]","[""Q155""]","[""2001-01-15T00:00:00Z""]",[]
691639,Q691639,Jetclub,,[],[],"[""Q96""]","[""2003-01-01T00:00:00Z""]","[""2011-01-01T00:00:00Z""]"
692811,Q692811,Tunisair,チュニスエア,"[""TU""]","[""TAR""]","[""Q948""]","[""1948-01-01T00:00:00Z""]",[]
692838,Q692838,Helvetic Wings,,[],[],"[""Q39""]","[""2003-01-01T00:00:00Z""]","[""2004-01-01T00:00:00Z""]"
693008,Q693008,Sky Work Airlines,スカイワーク航空,"[""SX""]","[""SRK""]","[""Q39""]","[""1983-01-01T00:00:00Z""]","[""2018-01-01T00:00:00Z""]"
694098,Q694098,Swissair,スイス航空,"[""SR""]","[""SWR""]","[""Q39""]","[""1931-03-26T00:00:00Z""]","[""2002-03-31T00:00:00Z""]"
694501,Q694501,Skybus Airlines,スカイバス航空,"[""SX""]","[""SKB""]","[""Q30""]","[""2004-01-01T00:00:00Z""]","[""2008-04-05T00:00:00Z""]"
697009,Q697009,Styrian Spirit,,"[""Z2""]","[""STY""]","[""Q40""]","[""2002-01-01T00:00:00Z""]","[""2006-01-01T00:00:00Z""]"
698132,Q698132,InterSky,インタースカイ,"[""3L""]","[""ISK""]","[""Q183""]","[""2001-01-01T00:00:00Z""]","[""2015-11-05T00:00:00Z""]"
699514,Q699514,XL Airways Germany,XL航空,"[""9E"",""G1""]","[""GXL""]","[""Q183""]","[""2006-01-01T00:00:00Z""]","[""2012-01-01T00:00:00Z""]"
699933,Q699933,Hapag-Lloyd Express,ハパックロイド・エクスプレス,"[""X3""]","[""HLX""]","[""Q183""]","[""2002-01-01T00:00:00Z""]","[""2007-01-01T00:00:00Z""]"
699945,Q699945,Germania,ゲルマニア,"[""ST""]","[""GMI""]","[""Q183""]","[""1986-06-01T00:00:00Z""]","[""2019-02-05T00:00:00Z""]"
701761,Q701761,Uni Air,ユニー航空,"[""B7""]","[""UIA""]","[""Q865""]","[""1988-08-06T00:00:00Z""]",[]
702200,Q702200,Japan Asia Airways,日本アジア航空,"[""EG""]","[""JAA""]","[""Q17"",""Q865""]","[""1975-01-01T00:00:00Z""]","[""2008-01-01T00:00:00Z""]"
702435,Q702435,Flybmi,Bmiリージョナル,"[""BM""]","[""BMR""]","[""Q145""]","[""1987-01-01T00:00:00Z""]","[""2019-02-16T00:00:00Z""]"
702928,Q702928,OLT Express Germany,OLTエキスプレス・ジャーマニー,"[""OL"",""S2""]","[""OLT""]","[""Q183""]","[""1958-01-01T00:00:00Z""]","[""2013-01-30T00:00:00Z""]"
702959,Q702959,Q702959,アロー航空,"[""JW""]","[""APW""]","[""Q30""]","[""1947-01-01T00:00:00Z""]","[""2010-01-01T00:00:00Z""]"
704694,Q704694,Far Eastern Air Transport,ファーイースタン航空,"[""FE""]","[""FEA""]","[""Q865""]","[""1957-01-01T00:00:00Z""]","[""2019-12-13T00:00:00Z""]"
707568,Q707568,LTU International,LTU国際航空,"[""LT""]","[""LTU""]","[""Q183""]","[""1955-01-01T00:00:00Z""]","[""2011-01-01T00:00:00Z""]"
710605,Q710605,Daily Air,徳安航空,"[""DA""]","[""DAC""]","[""Q865""]","[""1994-01-19T00:00:00Z""]",[]
715113,Q715113,EVA Air,エバー航空,"[""BR""]","[""EVA""]","[""Q865""]","[""1989-04-07T00:00:00Z""]",[]
717906,Q717906,Aryan Cargo Express,,[],[],"[""Q668""]","[""2005-01-01T00:00:00Z""]","[""2010-01-01T00:00:00Z""]"
721994,Q721994,Shanghai Airlines,上海航空,"[""FM""]","[""CSH""]","[""Q148""]","[""1985-01-01T00:00:00Z""]",[]
724282,Q724282,Aserca Airlines,,"[""R7""]","[""OCA""]","[""Q717""]","[""1994-01-01T00:00:00Z""]",[]
726813,Q726813,Luxair,ルクスエア,"[""LG""]","[""LGL""]","[""Q32""]","[""1961-10-21T00:00:00Z""]",[]
727066,Q727066,Jet Airways,ジェットエアウェイズ,"[""9W""]","[""JAI""]","[""Q668""]","[""1992-01-01T00:00:00Z""]","[""2019-04-17T00:00:00Z""]"
727074,Q727074,Virgin Australia,ヴァージン・オーストラリア,"[""VA""]","[""VOZ""]","[""Q408""]","[""2000-01-01T00:00:00Z""]",[]
727452,Q727452,Rossiya,ロシア航空,"[""FV""]","[""SDM""]","[""Q159""]","[""1934-05-07T00:00:00Z""]",[]
727769,Q727769,Cairo Aviation,カイロ航空,"[""OE""]","[""CCE""]","[""Q79""]","[""1998-01-01T00:00:00Z""]",[]
729175,Q729175,Hemus Air,ヘムス航空,"[""DU""]","[""HMS""]","[""Q219""]","[""1987-01-01T00:00:00Z""]","[""2010-01-01T00:00:00Z""]"
731312,Q731312,CEIBA Intercontinental,CEIBAインターコンチネンタル,"[""C2""]","[""CEL""]","[""Q983""]","[""2007-05-01T00:00:00Z""]",[]
731360,Q731360,Northeast Airlines,東北航空,"[""NS""]","[""DBH""]","[""Q148""]","[""2006-01-01T00:00:00Z""]","[""2010-01-01T00:00:00Z""]"
734872,Q734872,Birgenair,バージェン航空,"[""KT""]","[""BHY""]","[""Q43""]","[""1988-01-01T00:00:00Z""]","[""1996-10-01T00:00:00Z""]"
734942,Q734942,Buddha Air,ブッダ・エアー,"[""U4""]","[""BHA""]","[""Q837""]","[""1996-01-01T00:00:00Z""]",[]
735664,Q735664,Skymark Airlines,スカイマーク,"[""BC""]","[""SKY""]","[""Q17""]","[""1996-01-01T00:00:00Z""]",[]
736435,Q736435,Bergen Air Transport (1998),,[],"[""BGT""]","[""Q20""]","[""1998-01-01T00:00:00Z""]","[""2017-01-01T00:00:00Z""]"
736852,Q736852,Camair-Co,カメルーン航空,"[""QC""]","[""CRC""]","[""Q1009""]","[""2006-01-01T00:00:00Z""]",[]
740844,Q740844,Q740844,S7航空,"[""S7""]","[""SBI""]","[""Q159""]","[""1992-05-01T00:00:00Z""]",[]
741093,Q741093,Eurofly,ユーロフライ,"[""GJ""]","[""EEZ""]","[""Q38""]","[""1989-01-01T00:00:00Z""]","[""2010-02-27T00:00:00Z""]"
743161,Q743161,Air Trust,,[],[],"[""Q232""]",[],[]
744935,Q744935,Kingfisher Airlines,キングフィッシャー航空,"[""IT""]","[""KFR""]","[""Q668""]","[""2005-01-01T00:00:00Z""]","[""2012-01-01T00:00:00Z""]"
745519,Q745519,Air Next,エアーネクスト,"[""7A""]","[""NXA""]","[""Q17""]","[""2004-01-01T00:00:00Z""]","[""2010-01-01T00:00:00Z""]"
745600,Q745600,Regional Air Services,リージョナルエア,"[""8N""]","[""REG""]","[""Q924""]","[""1997-01-01T00:00:00Z""]",[]
745971,Q745971,Indonesia AirAsia,インドネシア・エアアジア,"[""QZ""]","[""AWQ""]","[""Q252""]","[""2004-01-01T00:00:00Z""]",[]
746174,Q746174,Cyprus Airways,キプロス航空,"[""CY""]","[""CYP""]","[""Q229""]","[""1947-09-24T00:00:00Z""]","[""2015-01-30T00:00:00Z""]"
747829,Q747829,Air Loyauté,エア・ロアイヨーテ,"[""RL""]",[],[],"[""2003-01-01T00:00:00Z""]",[]
748279,Q748279,Siem Reap Airways International,シェムリアップ・エアウェイズ,"[""FT""]","[""SRH""]","[""Q424""]","[""2000-01-01T00:00:00Z""]","[""2008-01-01T00:00:00Z""]"
748827,Q748827,Golden Rule Airlines,,[],"[""GRS""]","[""Q813""]","[""2003-01-01T00:00:00Z""]","[""2011-01-01T00:00:00Z""]"
749069,Q749069,Heli Air Monaco,ヘリ・エア・モナコ,"[""YO""]","[""MCM""]","[""Q235""]","[""1976-01-01T00:00:00Z""]",[]
749332,Q749332,Lloyd Aereo Boliviano,LAB航空,"[""LB""]","[""LLB""]","[""Q750""]","[""1925-01-01T00:00:00Z""]","[""2010-01-01T00:00:00Z""]"
750198,Q750198,Q750198,フォーセット航空,"[""CF""]","[""CFP""]","[""Q419""]","[""1928-01-01T00:00:00Z""]","[""1999-01-01T00:00:00Z""]"
750308,Q750308,Astra Airlines,アストラ航空,"[""A2""]","[""AZI""]","[""Q41""]","[""2008-01-01T00:00:00Z""]","[""2019-11-14T00:00:00Z""]"
750374,Q750374,Astraeus Airlines,アストライオス航空,"[""5W""]","[""AEU""]","[""Q145""]","[""2002-01-01T00:00:00Z""]","[""2011-11-21T00:00:00Z""]"
756172,Q756172,Lao Airlines,ラオス国営航空,"[""QV""]","[""LAO""]","[""Q819""]","[""1976-01-01T00:00:00Z""]",[]
756290,Q756290,West Atlantic UK,アトランティック航空 (イギリス),[],"[""NPT""]","[""Q145""]","[""1994-01-01T00:00:00Z""]",[]
757135,Q757135,Atlas Air,アトラス航空,"[""5Y""]","[""GTI""]","[""Q30""]","[""1993-01-01T00:00:00Z""]",[]
757137,Q757137,Atlas Air Service,,[],"[""ATL""]","[""Q183""]",[],[]
757153,Q757153,Atlas Blue,アトラス・ブルー,"[""8A""]","[""BMM""]","[""Q1028""]","[""2004-01-01T00:00:00Z""]","[""2010-01-01T00:00:00Z""]"
757295,Q757295,Atlasglobal,アトラスジェット,"[""KK""]","[""KKK""]","[""Q43""]","[""2001-03-14T00:00:00Z""]","[""2020-02-12T00:00:00Z""]"
763478,Q763478,Sky Wings Airlines,,"[""ND""]","[""GSW""]","[""Q41""]","[""2004-01-01T00:00:00Z""]","[""2012-01-01T00:00:00Z""]"
765297,Q765297,Volga-Dnepr Airlines,ヴォルガ・ドニエプル航空,"[""VI""]","[""VDA""]","[""Q159""]","[""1990-01-01T00:00:00Z""]",[]
765629,Q765629,Augusta Air,,[],"[""AUF""]","[""Q183""]","[""1985-01-01T00:00:00Z""]","[""2014-01-01T00:00:00Z""]"
766521,Q766521,Azal Avia Cargo,アザル・アビア・カーゴ,[],"[""AHC""]","[""Q227""]","[""1996-01-01T00:00:00Z""]",[]
766724,Q766724,FlyNordic,,"[""LF""]","[""NDC""]","[""Q34""]","[""1996-01-01T00:00:00Z""]","[""2008-01-01T00:00:00Z""]"
766807,Q766807,Concors,,[],"[""COS""]","[""Q211""]","[""1991-01-01T00:00:00Z""]","[""2005-01-01T00:00:00Z""]"
766979,Q766979,Bingo Airways,,[],"[""BGY""]","[""Q36""]","[""2011-01-01T00:00:00Z""]","[""2014-01-01T00:00:00Z""]"
767627,Q767627,Jetstar Airways,ジェットスター航空,"[""JQ""]","[""JST""]","[""Q408""]","[""2003-01-01T00:00:00Z""]",[]
768164,Q768164,MASwings,MASwings,"[""MY""]","[""MWG""]","[""Q833""]","[""2007-01-01T00:00:00Z""]",[]
770006,Q770006,Volkswagen Air Service,,[],"[""BTX""]","[""Q183""]",[],[]
773662,Q773662,SkyWest Airlines,スカイウェスト航空,"[""OO""]","[""SKW""]","[""Q30""]","[""1972-01-01T00:00:00Z""]",[]
774108,Q774108,Tara Air,タラ・エア,[],[],"[""Q837""]","[""2009-01-01T00:00:00Z""]",[]
775158,Q775158,Aurela,,[],"[""LSK""]","[""Q37""]","[""1995-01-01T00:00:00Z""]","[""2013-01-01T00:00:00Z""]"
776114,Q776114,Hex'Air,エグゼール,"[""UD""]","[""HER""]","[""Q142""]","[""1991-01-01T00:00:00Z""]","[""2016-01-01T00:00:00Z""]"
776145,Q776145,Aurigny Air Services,オーリニー・エア・サービス,"[""GR""]","[""AUR""]","[""Q145""]","[""1968-01-01T00:00:00Z""]",[]
776457,Q776457,Eram Air,エラム航空,"[""YE""]","[""IRY""]","[""Q794""]","[""2005-01-01T00:00:00Z""]","[""2013-01-01T00:00:00Z""]"
777034,Q777034,Globus,グローバス航空,"[""GH""]","[""GLP""]","[""Q159""]","[""2008-01-01T00:00:00Z""]",[]
777246,Q777246,Aurora Airlines,オーロラ航空,[],"[""URR""]","[""Q215""]","[""2005-01-01T00:00:00Z""]","[""2009-01-01T00:00:00Z""]"
777325,Q777325,Alpi Eagles,,"[""E8""]","[""ELG""]","[""Q38""]","[""1979-01-01T00:00:00Z""]","[""2008-01-01T00:00:00Z""]"
781222,Q781222,Q781222,アウストラル航空,"[""AU""]","[""AUT""]","[""Q414""]","[""1957-01-01T00:00:00Z""]","[""2020-11-30T00:00:00Z""]"
781323,Q781323,Australian air Express,オーストラリアン・エア・エクスプレス,"[""XM""]","[""XME""]","[""Q408""]","[""1992-01-01T00:00:00Z""]","[""2013-01-01T00:00:00Z""]"
781770,Q781770,Austrian Airlines,オーストリア航空,"[""OS""]","[""AUA""]","[""Q40""]","[""1957-09-30T00:00:00Z""]",[]
782557,Q782557,FedEx Express,フェデックス・エクスプレス,"[""FX""]","[""FDX""]","[""Q30""]","[""1971-06-18T00:00:00Z""]",[]
783902,Q783902,Austrojet,,[],"[""AUJ""]","[""Q40""]","[""2008-01-01T00:00:00Z""]","[""2010-01-01T00:00:00Z""]"
784062,Q784062,British Gulf International Airlines,,[],"[""BGI""]","[""Q878""]","[""1996-01-01T00:00:00Z""]",[]
787136,Q787136,Golden International Airlines,,[],"[""GTC""]","[""Q43""]","[""2005-01-01T00:00:00Z""]","[""2008-01-01T00:00:00Z""]"
788906,Q788906,Rex Airlines,レックス航空,"[""ZL""]","[""RXA""]","[""Q408""]","[""2002-01-01T00:00:00Z""]",[]
790723,Q790723,Avianova,アヴィアノーヴァ,"[""AO""]","[""VNV""]","[""Q159""]","[""2009-01-01T00:00:00Z""]","[""2011-10-09T00:00:00Z""]"
790771,Q790771,Aviaco,アビアコ,"[""AO""]","[""AYC""]","[""Q29""]","[""1948-02-18T00:00:00Z""]","[""1999-09-01T00:00:00Z""]"
790772,Q790772,Aviacsa,,"[""6A""]","[""CHP""]","[""Q96""]","[""1990-01-01T00:00:00Z""]","[""2011-01-01T00:00:00Z""]"
790773,Q790773,Aviaction,,[],[],"[""Q183""]","[""1969-01-01T00:00:00Z""]","[""1973-01-01T00:00:00Z""]"
790778,Q790778,Aviaenergo,,"[""7U""]","[""ERG""]","[""Q159""]","[""1992-01-01T00:00:00Z""]","[""2011-01-01T00:00:00Z""]"
790788,Q790788,Avianca Group,,[],[],"[""Q145"",""Q739""]","[""2010-02-01T00:00:00Z""]",[]
790790,Q790790,Q790790,アビアンカ・ブラジル航空,"[""O6""]","[""ONE""]","[""Q155""]","[""1998-01-01T00:00:00Z""]","[""2019-05-24T00:00:00Z""]"
790792,Q790792,Avianova,,"[""RD""]","[""NOV""]","[""Q38""]","[""1986-01-01T00:00:00Z""]","[""1996-01-01T00:00:00Z""]"
790800,Q790800,Aviaprad,,"[""WR""]","[""VID""]","[""Q159""]","[""1996-01-01T00:00:00Z""]","[""2008-01-01T00:00:00Z""]"
790807,Q790807,Q790807,アヴィアテカ航空,"[""GU""]","[""GUG""]","[""Q774""]","[""1929-01-01T00:00:00Z""]",[]
790858,Q790858,Aviavilsa,,[],"[""LVR""]","[""Q37""]","[""1999-01-01T00:00:00Z""]","[""2018-01-01T00:00:00Z""]"
790937,Q790937,Avient Aviation,,"[""Z3""]","[""SMJ""]","[""Q31""]","[""1993-01-01T00:00:00Z""]","[""2013-01-01T00:00:00Z""]"
790945,Q790945,Avies,,"[""U3""]","[""AIA""]","[""Q191""]","[""1991-01-01T00:00:00Z""]","[""2016-01-01T00:00:00Z""]"
791086,Q791086,Aviogenex,,"[""JJ""]","[""AGX""]","[""Q403"",""Q83286""]","[""1968-05-21T00:00:00Z""]","[""2015-01-01T00:00:00Z""]"
791089,Q791089,Avioimpex,アビオインペックス航空,"[""M4""]","[""AXX""]","[""Q221""]","[""1992-01-01T00:00:00Z""]","[""2002-01-01T00:00:00Z""]"
791093,Q791093,Avion Express,,"[""X9""]","[""NVD""]","[""Q37""]","[""2005-02-11T00:00:00Z""]",[]
791117,Q791117,Avior Airlines,アビオール・エアラインズ,"[""9V""]","[""ROI""]","[""Q717""]","[""1994-01-01T00:00:00Z""]",[]
794272,Q794272,Q794272,アズールブラジル航空,"[""AD""]","[""AZU""]","[""Q155""]","[""2008-01-04T00:00:00Z""]",[]
794427,Q794427,Azza Transport,アッザ・トランスポート,[],"[""AZZ""]","[""Q1049""]","[""1993-01-01T00:00:00Z""]",[]
794530,Q794530,Aéromaritime,,"[""OV""]","[""QKL""]","[""Q142""]","[""1966-01-01T00:00:00Z""]","[""1990-01-01T00:00:00Z""]"
794959,Q794959,B&H Airlines,B&H航空,"[""JA""]","[""BON""]","[""Q225""]","[""2005-01-01T00:00:00Z""]","[""2015-07-02T00:00:00Z""]"
795301,Q795301,Weststar Aviation,,[],[],"[""Q833""]","[""2003-04-01T00:00:00Z""]",[]
795487,Q795487,BA Connect,BAコネクト,"[""TH""]","[""BRT""]","[""Q145""]","[""2006-01-01T00:00:00Z""]","[""2007-01-01T00:00:00Z""]"
795529,Q795529,Layang Layang Aerospace,,[],"[""LAY""]","[""Q833""]",[],[]
795939,Q795939,Donbassaero,ドンバスアエロ,"[""7D""]","[""UDC""]","[""Q212""]","[""2003-01-01T00:00:00Z""]","[""2013-01-14T00:00:00Z""]"
795961,Q795961,Bukovyna Airlines,,"[""BQ""]","[""BKV""]","[""Q212""]","[""1999-01-01T00:00:00Z""]","[""2021-02-01T00:00:00Z""]"
795990,Q795990,Viva,ビバアエロバス,"[""VB""]","[""VIV""]","[""Q96""]","[""2006-01-01T00:00:00Z""]",[]
796000,Q796000,MexicanaClick,メキシカーナクリック,"[""QA""]","[""CBE""]","[""Q96""]","[""2005-01-01T00:00:00Z""]","[""2010-01-01T00:00:00Z""]"
796158,Q796158,Turkmenistan Airlines,トルクメニスタン航空,"[""T5""]","[""TUA""]","[""Q874""]","[""1992-01-01T00:00:00Z""]",[]
796494,Q796494,BMW Flight Service,,[],"[""BMW""]","[""Q183""]",[],[]
797197,Q797197,BWIA West Indies Airways,西インド諸島航空,"[""BW""]","[""BWA""]","[""Q754""]","[""1939-01-01T00:00:00Z""]","[""2006-12-31T00:00:00Z""]"
799679,Q799679,Badr Airlines,Badr 航空,"[""J4""]","[""BDR""]","[""Q1049""]","[""1997-01-01T00:00:00Z""]",[]
800208,Q800208,Q800208,バハマスエア,"[""UP""]","[""BHS""]","[""Q778""]","[""1973-01-01T00:00:00Z""]",[]
803632,Q803632,Bahrain Air,バーレーン航空,"[""BN""]","[""BAB""]","[""Q398""]","[""2007-01-01T00:00:00Z""]",[]
804417,Q804417,Bakhtar Afghan Airlines,,[],"[""BYJ""]","[""Q889""]","[""1967-01-01T00:00:00Z""]","[""1988-01-01T00:00:00Z""]"
804561,Q804561,Blue Air,ブルーエア,"[""0B""]","[""BLA""]","[""Q218""]","[""2004-01-01T00:00:00Z""]","[""2023-03-21T00:00:00Z""]"
804951,Q804951,Bali Air,,[],"[""BLN""]","[""Q252""]","[""1973-01-01T00:00:00Z""]","[""2006-01-01T00:00:00Z""]"
805701,Q805701,Baltic International Airlines,,[],[],"[""Q211""]","[""1992-01-01T00:00:00Z""]",[]
806487,Q806487,Bangkok Airways,バンコク・エアウェイズ,"[""PG""]","[""BKP""]","[""Q869""]","[""1968-01-01T00:00:00Z""]",[]
809823,Q809823,Base Airlines,,[],[],[],[],[]
810738,Q810738,Batavia Air,バタビア航空,"[""7P"",""Y6""]","[""BTV""]","[""Q252""]","[""2002-01-01T00:00:00Z""]","[""2013-01-31T00:00:00Z""]"
811994,Q811994,Bavaria Germanair,,[],"[""BV""]","[""Q183""]","[""1977-01-01T00:00:00Z""]","[""1979-01-01T00:00:00Z""]"
811995,Q811995,Bavaria Fluggesellschaft,,[],"[""BV""]","[""Q183""]","[""1957-01-01T00:00:00Z""]","[""1977-03-01T00:00:00Z""]"
812058,Q812058,Bay Air Aviation,,"[""N6""]","[""NMD""]","[""Q1030""]","[""1993-01-01T00:00:00Z""]",[]
813036,Q813036,Bearskin Airlines,ベアスキン航空,"[""JV""]","[""BLS""]","[""Q16""]","[""1963-01-01T00:00:00Z""]",[]
815314,Q815314,Belavia,ベラヴィア,"[""B2""]","[""BRU""]","[""Q184""]","[""1996-03-05T00:00:00Z""]",[]
815842,Q815842,Belle Air,ベッレ・エアー,"[""LZ""]","[""LBY""]","[""Q222""]","[""2005-01-01T00:00:00Z""]","[""2013-01-01T00:00:00Z""]"
816066,Q816066,Bellview Airlines,ベルビュー航空,"[""B3""]","[""BLV""]","[""Q1033""]","[""1992-01-01T00:00:00Z""]","[""2009-01-01T00:00:00Z""]"
820731,Q820731,Berjaya Air,ベルジャヤ航空,"[""J8""]","[""BVT""]","[""Q833""]","[""1989-01-01T00:00:00Z""]",[]
821281,Q821281,Berlin European UK,,"[""WZ""]",[],"[""Q183""]","[""1986-01-01T00:00:00Z""]","[""1991-01-01T00:00:00Z""]"
821375,Q821375,Berline,,"[""BZ""]","[""TBL""]","[""Q183""]","[""1991-01-01T00:00:00Z""]","[""1994-01-01T00:00:00Z""]"
822130,Q822130,Q822130,ブルガリア航空,"[""FB""]","[""LZB""]","[""Q219""]","[""2002-01-01T00:00:00Z""]",[]
822614,Q822614,Alaska Airlines,アラスカ航空,"[""AS""]","[""ASA""]","[""Q30""]","[""1932-01-01T00:00:00Z""]",[]
823430,Q823430,Smartwings Hungary,トラベルサービス・ハンガリー,"[""7O""]","[""TVL""]","[""Q28""]","[""2001-01-01T00:00:00Z""]",[]
824225,Q824225,Royal Jordanian,ロイヤル・ヨルダン航空,"[""RJ""]","[""RJA""]","[""Q810""]","[""1967-01-01T00:00:00Z""]",[]
825150,Q825150,Star Air (Denmark),スター・エア,"[""S6""]","[""SRR""]","[""Q35""]","[""1987-01-01T00:00:00Z""]",[]
833531,Q833531,Central Mountain Air,セントラル・マウンテン航空,"[""9M""]","[""GLR""]","[""Q16""]","[""1987-01-01T00:00:00Z""]",[]
835482,Q835482,DHL Air UK,DHLエアUK,"[""D0""]","[""DHK""]","[""Q145""]","[""1982-01-01T00:00:00Z""]",[]
836560,Q836560,Ukraine International Airlines,ウクライナ国際航空,"[""UU""]","[""AUI""]","[""Q212""]","[""1992-01-01T00:00:00Z""]","[""2022-02-24T00:00:00Z""]"
840402,Q840402,Carpatair,カーペットエア,"[""V3""]","[""KRP""]","[""Q218""]","[""1999-01-01T00:00:00Z""]",[]
842353,Q842353,Q842353,MK航空,"[""7G""]",[],[],"[""1990-01-01T00:00:00Z""]","[""2010-01-01T00:00:00Z""]"
843221,Q843221,Metrojet Ltd.,メトロジェット,[],"[""MTJ""]","[""Q148""]","[""1995-01-01T00:00:00Z""]",[]
845932,Q845932,Luxaviation,,[],"[""LXA""]","[""Q32""]","[""2008-06-13T00:00:00Z""]",[]
846729,Q846729,Futura Gael,,"[""F0""]","[""FGL""]","[""Q27""]","[""2007-01-01T00:00:00Z""]","[""2008-09-08T00:00:00Z""]"
846885,Q846885,British Overseas Airways Corporation,英国海外航空,"[""BA""]",[],"[""Q145""]","[""1939-01-01T00:00:00Z""]","[""1974-04-01T00:00:00Z""]"
846910,Q846910,Philippine Airlines,フィリピン航空,"[""PR""]","[""PAL""]","[""Q928""]","[""1941-01-01T00:00:00Z""]",[]
846922,Q846922,Avianca Honduras,イスレナ航空,"[""WC""]","[""ISV""]","[""Q783""]","[""1981-01-01T00:00:00Z""]",[]
848824,Q848824,Prince Edward Air,,[],"[""CME""]","[""Q16""]","[""1989-01-01T00:00:00Z""]","[""2010-01-01T00:00:00Z""]"
848845,Q848845,Icaro Air,イカロ航空,"[""X8""]","[""ICD""]","[""Q736""]",[],"[""2011-01-01T00:00:00Z""]"
848881,Q848881,Transwede Airways,トランスウェード航空,"[""TQ""]","[""TWE""]","[""Q34""]","[""1985-04-01T00:00:00Z""]","[""1998-01-01T00:00:00Z""]"
849220,Q849220,Ryan International Airlines,,"[""RD""]","[""RYN""]","[""Q30""]","[""1972-01-01T00:00:00Z""]","[""2013-01-11T00:00:00Z""]"
849404,Q849404,Copa Airlines,コパ航空,"[""CM""]","[""CMP""]","[""Q804""]","[""1947-01-01T00:00:00Z""]",[]
849910,Q849910,Cubana de Aviación,クバーナ航空,"[""CU""]","[""CUB""]","[""Q241""]","[""1929-10-08T00:00:00Z""]",[]
851054,Q851054,Budapest Aircraft Service,,"[""RP""]","[""BPS""]","[""Q28""]","[""1991-01-01T00:00:00Z""]",[]
851473,Q851473,airtransse,エアトランセ,[],"[""TSQ""]","[""Q17""]","[""2004-08-01T00:00:00Z""]",[]
852650,Q852650,Thomas Cook Airlines,トーマス・クック航空,"[""MT""]","[""TCX""]","[""Q145""]","[""1999-01-01T00:00:00Z""]","[""2019-09-23T00:00:00Z""]"
853293,Q853293,SriLankan Airlines,スリランカ航空,"[""UL""]","[""ALK""]","[""Q854""]","[""1979-07-01T00:00:00Z""]",[]
853878,Q853878,VietJet Air,ベトジェットエア,"[""VJ""]","[""VJC""]","[""Q881""]","[""2012-01-01T00:00:00Z""]",[]
853937,Q853937,Iraqi Airways,イラク航空,"[""IA""]","[""IAW""]","[""Q796""]","[""1946-01-28T00:00:00Z""]",[]
859245,Q859245,Syrian Air,シリア・アラブ航空,"[""RB""]","[""SYR""]","[""Q858""]","[""1961-01-01T00:00:00Z""]",[]
859510,Q859510,Middle East Airlines - Air Liban,ミドル・イースト航空,"[""ME""]","[""MEA""]","[""Q822""]","[""1945-01-01T00:00:00Z""]",[]
860379,Q860379,Oman Air,オマーン・エア,"[""WY""]","[""OMA""]","[""Q842""]","[""1993-01-01T00:00:00Z""]",[]
860389,Q860389,Kuwait Airways,クウェート航空,"[""KU""]","[""KAC""]","[""Q817""]","[""1954-01-01T00:00:00Z""]",[]
860601,Q860601,Albanian Airlines,アルバニア航空,"[""LV""]","[""LBC""]","[""Q222""]","[""1991-01-01T00:00:00Z""]","[""2011-01-01T00:00:00Z""]"
861197,Q861197,Varig,ヴァリグ・ブラジル航空,"[""RG""]","[""VRG""]","[""Q155""]","[""1927-05-07T00:00:00Z""]","[""2006-01-01T00:00:00Z""]"
862227,Q862227,Tasair,,"[""TA""]",[],"[""Q408""]","[""1965-01-01T00:00:00Z""]","[""2012-01-01T00:00:00Z""]"
862424,Q862424,Awan Inspirasi,,[],[],"[""Q833""]",[],[]
862668,Q862668,Hornbill Skyways,,[],[],"[""Q833""]",[],[]
863432,Q863432,Q863432,ビーマン・バングラデシュ航空,"[""BG""]","[""BBC""]","[""Q902""]","[""1972-01-01T00:00:00Z""]",[]
864087,Q864087,Binter Canarias,ビンテル・カナリアス,"[""NT""]","[""IBB""]","[""Q29""]","[""1989-01-01T00:00:00Z""]",[]
864117,Q864117,Sudan Airways,スーダン航空,"[""SD""]","[""SUD""]","[""Q1049""]","[""1947-01-01T00:00:00Z""]",[]
865858,Q865858,Niki,ニキ航空,"[""HG""]","[""NLY""]","[""Q40""]","[""2003-01-01T00:00:00Z""]","[""2017-01-01T00:00:00Z""]"
866103,Q866103,Royal Air Maroc,ロイヤル・エア・モロッコ,"[""AT""]","[""RAM""]","[""Q1028""]","[""1957-06-18T00:00:00Z""]",[]
866289,Q866289,Sun Country Airlines,サン・カントリー航空,"[""SY""]","[""SCX""]","[""Q30""]","[""2002-01-01T00:00:00Z""]",[]
866852,Q866852,China National Aviation Corporation,中国航空公司,"[""F6""]","[""CAG""]","[""Q13426199"",""Q148""]","[""1930-08-01T00:00:00Z""]","[""1952-07-17T00:00:00Z""]"
868414,Q868414,Iceland Express,アイスランド・エクスプレス,"[""HC"",""HW""]",[],"[""Q189""]","[""2002-01-01T00:00:00Z""]","[""2012-01-01T00:00:00Z""]"
869160,Q869160,Shanghai Airlines Cargo,上海国際貨運航空,"[""F4""]","[""SHQ""]","[""Q148""]","[""2006-01-01T00:00:00Z""]","[""2011-01-01T00:00:00Z""]"
869352,Q869352,Qantas Freight,カンタス・フライト,"[""QF""]","[""QFA""]","[""Q408""]","[""2001-01-01T00:00:00Z""]",[]
869505,Q869505,Grandstar Cargo,,"[""GD""]","[""GSC""]","[""Q148""]","[""2008-01-01T00:00:00Z""]","[""2012-01-01T00:00:00Z""]"
869640,Q869640,Global Supply Systems,グローバル・サプライ・システムズ,"[""XH""]","[""GSS""]","[""Q145""]","[""2001-01-01T00:00:00Z""]","[""2014-01-01T00:00:00Z""]"
869916,Q869916,Farnair Switzerland,ASLエアラインズ・スイス,[],"[""FAT""]","[""Q39""]","[""1984-01-01T00:00:00Z""]","[""2017-01-01T00:00:00Z""]"
870818,Q870818,Jett8 Airlines,,"[""JX""]","[""JEC""]","[""Q334""]","[""2006-01-01T00:00:00Z""]","[""2012-01-01T00:00:00Z""]"
871477,Q871477,Continental Connection,コンチネンタル・コネクション,[],[],"[""Q30""]",[],"[""2012-03-03T00:00:00Z""]"
871849,Q871849,Crystal Thai Airlines,クリスタル・タイ航空,"[""YL""]","[""KPS""]","[""Q869""]","[""2009-01-01T00:00:00Z""]",[]
872798,Q872798,Jetstar Hong Kong,ジェットスター香港,"[""JM""]","[""JKT""]","[""Q148""]","[""2012-01-01T00:00:00Z""]","[""2015-01-01T00:00:00Z""]"
873330,Q873330,PAL Express,PAL エクスプレス,"[""2P""]","[""GAP""]","[""Q928""]","[""1995-01-01T00:00:00Z""]",[]
873376,Q873376,People's,ピーポーズ・ヴィエナライン,"[""PE""]","[""PEV""]","[""Q39""]","[""2010-01-01T00:00:00Z""]",[]
874424,Q874424,TransGlobal Airways,,"[""T7""]","[""TCU""]","[""Q928""]","[""2005-01-01T00:00:00Z""]","[""2010-01-01T00:00:00Z""]"
874625,Q874625,Northwest Airlink,ノースウエスト・エアーリンク,[],[],"[""Q30""]",[],[]
875472,Q875472,Midex Airlines,ミデックス・エアラインズ,"[""MG""]","[""MIX""]","[""Q878""]","[""2007-01-01T00:00:00Z""]","[""2015-01-01T00:00:00Z""]"
875496,Q875496,Thai Tiger Airways,タイ・タイガー・エアウェイズ,[],[],"[""Q869""]","[""2010-01-01T00:00:00Z""]","[""2011-09-19T00:00:00Z""]"
876323,Q876323,Indian Airlines,インディアン航空,"[""IC""]","[""IAC""]","[""Q668""]","[""1953-01-01T00:00:00Z""]","[""2011-02-27T00:00:00Z""]"
877277,Q877277,Thai Pacific Airlines,,[],[],"[""Q869""]","[""2003-01-01T00:00:00Z""]","[""2004-01-01T00:00:00Z""]"
877284,Q877284,Sunstate Airlines,サンステート航空,"[""QF""]","[""QLK"",""SSQ""]","[""Q408""]","[""1981-01-01T00:00:00Z""]",[]
879233,Q879233,Bizair,,[],"[""BZA""]","[""Q183""]","[""1990-01-01T00:00:00Z""]","[""2010-01-01T00:00:00Z""]"
879840,Q879840,Luftverkehr Friesland-Harle,,[],[],"[""Q183""]","[""1983-01-01T00:00:00Z""]","[""2014-01-01T00:00:00Z""]"
885738,Q885738,Blue Islands,ブルー・アイランズ,"[""SI""]","[""BCI""]","[""Q25230""]","[""1999-01-01T00:00:00Z""]",[]
885753,Q885753,Blue Line,ブルーライン (航空会社),"[""4Y""]","[""BLE""]","[""Q142""]","[""2002-01-01T00:00:00Z""]","[""2010-01-01T00:00:00Z""]"
885841,Q885841,Blue Panorama Airlines S.p.A.,ブルーパノラマ航空,"[""BV""]","[""BPA""]","[""Q38""]","[""1998-01-01T00:00:00Z""]","[""2022-01-01T00:00:00Z""]"
885874,Q885874,Blue Sky Aviation,ブルー・スカイ・アビエーション,[],"[""BCA""]","[""Q711""]",[],[]
885944,Q885944,Blue Wing Airlines,ブルー・ウィング航空,[],"[""BWI""]","[""Q730""]","[""2002-01-01T00:00:00Z""]",[]
885970,Q885970,Bluebird Aviation,,[],"[""BBZ""]","[""Q114""]","[""1992-01-01T00:00:00Z""]",[]
885973,Q885973,Bluebird Nordic,ブルーバード・カーゴ,"[""BO""]","[""BBD""]","[""Q189""]","[""2000-01-01T00:00:00Z""]",[]
889607,Q889607,U Airlines,,"[""YL""]","[""ULG""]","[""Q869""]","[""2012-01-01T00:00:00Z""]","[""2014-01-01T00:00:00Z""]"
891372,Q891372,Boliviana de Aviación,ボリビアーナ航空,"[""OB""]","[""BOV""]","[""Q750""]","[""2007-10-24T00:00:00Z""]",[]
891555,Q891555,Pacific Wings,パシフィック・ウイングス,"[""LW""]","[""NMI""]","[""Q30""]","[""1974-01-01T00:00:00Z""]",[]
891637,Q891637,SeaPort Airlines,,"[""K5""]","[""SQH""]","[""Q30""]","[""2008-01-01T00:00:00Z""]","[""2016-01-01T00:00:00Z""]"
891861,Q891861,New Mexico Airlines,ニューメキシコ州航空,"[""LW""]","[""NMI""]","[""Q30""]","[""2007-01-01T00:00:00Z""]","[""2015-01-01T00:00:00Z""]"
893310,Q893310,Borajet,ボラジェット,"[""YB""]","[""BRJ""]","[""Q43""]","[""2008-01-01T00:00:00Z""]","[""2017-04-24T00:00:00Z""]"
894484,Q894484,Bosphorus Airways,,"[""6Z""]","[""BSP""]","[""Q43""]","[""1992-01-01T00:00:00Z""]","[""1993-01-01T00:00:00Z""]"
894554,Q894554,Boston-Maine Airways,,"[""E9""]","[""CXS""]","[""Q30""]","[""1999-01-01T00:00:00Z""]","[""2008-01-01T00:00:00Z""]"
895173,Q895173,Bouraq Indonesia Airlines,ブラク航空,"[""BO""]","[""BOU""]","[""Q252""]","[""1970-01-01T00:00:00Z""]","[""2005-01-01T00:00:00Z""]"
895800,Q895800,German Wings,,"[""PW""]","[""KFK""]","[""Q183""]","[""1983-01-01T00:00:00Z""]","[""1990-01-01T00:00:00Z""]"
898522,Q898522,Braniff International Airways,ブラニフ航空,"[""BN""]","[""BNF""]","[""Q30""]","[""1928-01-01T00:00:00Z""]","[""1982-05-12T00:00:00Z""]"
899512,Q899512,Harlequin Air,ハーレクィンエア,"[""JH""]","[""HLQ""]","[""Q17""]","[""1997-01-01T00:00:00Z""]","[""2005-01-01T00:00:00Z""]"
899774,Q899774,National Airlines,ナショナル航空 (N8),"[""N8""]","[""NCR""]","[""Q30""]","[""1985-01-01T00:00:00Z""]",[]
900942,Q900942,Northern Air Cargo,ノーザン・エア・カーゴ,"[""NC""]","[""NAC""]","[""Q30""]","[""1956-01-01T00:00:00Z""]",[]
900951,Q900951,Monarch Airlines,モナークエアライン,"[""ZB""]","[""MON""]","[""Q145""]","[""1967-01-01T00:00:00Z""]","[""2017-01-01T00:00:00Z""]"
901266,Q901266,Aloha Air Cargo,アロハ・エアカーゴ,"[""KH""]","[""AAH""]","[""Q30""]","[""2008-01-01T00:00:00Z""]",[]
901317,Q901317,Amerijet International,アメリジェット・インターナショナル,"[""M6""]","[""AJT""]","[""Q30""]","[""1974-01-01T00:00:00Z""]",[]
902786,Q902786,Q902786,,"[""K6""]","[""BRV""]","[""Q974""]","[""2006-01-01T00:00:00Z""]","[""2007-12-10T00:00:00Z""]"
902789,Q902789,Bravo Airlines,,"[""BQ""]","[""BBV""]","[""Q29""]","[""2004-01-01T00:00:00Z""]","[""2008-01-01T00:00:00Z""]"
903486,Q903486,Fly Guam,フライ・ミクロネシア,[],[],[],"[""2011-01-01T00:00:00Z""]",[]
903749,Q903749,TESIS Aviation Enterprise,,"[""UZ""]","[""TIS""]","[""Q159""]","[""1992-01-01T00:00:00Z""]","[""2008-10-01T00:00:00Z""]"
903759,Q903759,Libyan Arab Air Cargo,,[],"[""LCR""]","[""Q1016""]","[""1979-01-01T00:00:00Z""]",[]
904069,Q904069,Hunnu Air,モンゴリアン・エアラインズ,"[""MR""]","[""MML""]","[""Q711""]","[""2011-01-01T00:00:00Z""]",[]
904210,Q904210,Eaglexpress,イーグレクスプレス,"[""9A""]","[""EZX""]","[""Q833""]","[""2011-01-01T00:00:00Z""]",[]
907891,Q907891,Medavia,メダヴィア,"[""N5""]","[""MDM""]","[""Q233""]","[""1978-01-01T00:00:00Z""]",[]
908014,Q908014,MacAir Airlines,,"[""CC""]","[""MCK""]","[""Q408""]","[""2000-01-01T00:00:00Z""]","[""2009-01-01T00:00:00Z""]"
909076,Q909076,Georgian Airways,ジョージアン・エアウェイズ,"[""A9""]","[""TGZ""]","[""Q230""]","[""2004-01-01T00:00:00Z""]",[]
909560,Q909560,Drukair,ドゥルク航空,"[""KB""]","[""DRK""]","[""Q917""]","[""1981-01-01T00:00:00Z""]",[]
912351,Q912351,Q912351,カスピアン航空,"[""RV""]","[""CPN""]","[""Q794""]","[""1993-01-01T00:00:00Z""]",[]
916101,Q916101,Twin Jet,ツインジェット,"[""T7""]","[""TJT""]","[""Q142""]","[""2001-05-01T00:00:00Z""]",[]
918006,Q918006,Brit Air,ブリテール,"[""DB""]","[""BZH""]","[""Q142""]","[""1973-01-01T00:00:00Z""]","[""2017-03-01T00:00:00Z""]"
918046,Q918046,Britannia Airways,ブリタニア・エアウェイズ,"[""BY""]","[""BAL""]","[""Q145""]","[""1961-01-01T00:00:00Z""]","[""2005-11-01T00:00:00Z""]"
918817,Q918817,British Caledonian,ブリティッシュ・カレドニアン航空,"[""BR""]","[""BCC""]","[""Q145""]","[""1970-01-01T00:00:00Z""]","[""1988-01-01T00:00:00Z""]"
919252,Q919252,British European Airways,英国欧州航空,"[""BE""]","[""BEA""]","[""Q145""]","[""1946-01-01T00:00:00Z""]","[""1974-04-01T00:00:00Z""]"
920362,Q920362,British United Air Ferries,,"[""VF""]","[""BAF""]","[""Q145""]","[""1963-01-01T00:00:00Z""]","[""1967-10-01T00:00:00Z""]"
921390,Q921390,PacificFlier,パシフィックフライアー,"[""PI""]","[""PFL""]","[""Q695""]","[""2010-01-01T00:00:00Z""]","[""2010-01-01T00:00:00Z""]"
921507,Q921507,Allied Air,アライド・エア,"[""4W""]","[""AJK""]","[""Q1033""]","[""1998-01-01T00:00:00Z""]",[]
924030,Q924030,Heli Malongo Airways,ヘリ・マロンゴ航空,[],[],"[""Q916""]","[""2005-01-01T00:00:00Z""]",[]
927640,Q927640,Trans Maldivian Airways,トランスモルディブ航空,"[""M8""]","[""TMW""]","[""Q826""]","[""1989-01-01T00:00:00Z""]",[]
928676,Q928676,First Choice Airways,,"[""DP""]","[""FCA""]","[""Q145""]","[""1987-01-01T00:00:00Z""]","[""2008-01-01T00:00:00Z""]"
928832,Q928832,Grossmann Jet Service,,[],"[""GSJ""]","[""Q213""]","[""2004-01-01T00:00:00Z""]",[]
929445,Q929445,Mid Express Tchad,,[],[],"[""Q657""]",[],[]
929639,Q929639,Associated Aviation,アソシエイテッド・アビエーション,[],"[""SCD""]","[""Q1033""]","[""1996-01-01T00:00:00Z""]","[""2019-01-01T00:00:00Z""]"
929793,Q929793,Karthago Airlines,カルタゴ航空,"[""5R""]","[""KAJ""]","[""Q948""]","[""2001-08-22T00:00:00Z""]","[""2011-01-01T00:00:00Z""]"
930120,Q930120,kulula.com,クルラコム,"[""MN""]","[""CAW""]","[""Q258""]","[""2001-01-01T00:00:00Z""]","[""2022-06-09T00:00:00Z""]"
930379,Q930379,Transportes Aéreos Guatemaltecos,,"[""5U""]","[""TGU""]","[""Q774""]","[""1961-01-01T00:00:00Z""]",[]
930943,Q930943,SBA Airlines,SBAエアラインズ,"[""S3""]","[""BBR""]","[""Q717""]","[""1995-01-01T00:00:00Z""]","[""2018-04-26T00:00:00Z""]"
933329,Q933329,Alidaunia,,"[""D4""]","[""LID""]","[""Q38""]","[""1976-01-01T00:00:00Z""]",[]
933557,Q933557,Thomsonfly,,"[""BY""]","[""TOM""]","[""Q145""]","[""1962-01-01T00:00:00Z""]","[""2008-01-01T00:00:00Z""]"
934983,Q934983,Loganair,ローガンエアー,"[""LM""]","[""LOG""]","[""Q145""]","[""1962-01-01T00:00:00Z""]",[]
935837,Q935837,Jetstar Asia Airways,ジェットスター・アジア航空,"[""3K""]","[""JSA""]","[""Q334""]","[""2004-01-01T00:00:00Z""]",[]
936500,Q936500,Q936500,ガーナ国際航空,"[""G0""]","[""GHB""]","[""Q117""]","[""2005-01-01T00:00:00Z""]","[""2010-05-13T00:00:00Z""]"
937509,Q937509,Tower Air,タワーエア,"[""FF""]","[""TOW""]","[""Q30""]","[""1982-01-01T00:00:00Z""]","[""2000-01-01T00:00:00Z""]"
937823,Q937823,Toa Airways,東亜航空,[],[],"[""Q17""]","[""1953-11-30T00:00:00Z""]","[""1971-05-15T00:00:00Z""]"
940714,Q940714,DutchBird,,"[""5D""]","[""DBR""]","[""Q55""]","[""2000-01-01T00:00:00Z""]","[""2004-01-01T00:00:00Z""]"
941940,Q941940,Jet Aviation,ジェット・アビエーション,"[""PP""]","[""JAS""]","[""Q142""]","[""1967-01-01T00:00:00Z""]",[]
943813,Q943813,SpiceJet,スパイスジェット,"[""SG""]","[""SEJ""]","[""Q668""]","[""2005-01-01T00:00:00Z""]",[]
945198,Q945198,Quebecair,ケベックエア,"[""QB""]","[""QBA""]","[""Q16""]","[""1946-01-01T00:00:00Z""]","[""1986-01-01T00:00:00Z""]"
945386,Q945386,Thomas Cook Airlines Belgium,トーマス・クック航空 (ベルギー),"[""HQ""]","[""TCW""]","[""Q31""]","[""2001-01-01T00:00:00Z""]",[]
945493,Q945493,Great Lakes Airlines,グレイトレイクス航空,"[""ZK""]","[""GLA""]","[""Q30""]","[""1977-01-01T00:00:00Z""]",[]
945577,Q945577,TAER Andalus,,[],[],"[""Q29""]","[""2007-01-01T00:00:00Z""]",[]
946689,Q946689,Air Sofia,,"[""CT""]","[""SFB""]","[""Q219""]","[""1992-01-01T00:00:00Z""]","[""2007-03-05T00:00:00Z""]"
948198,Q948198,Höga Kusten Flyg,,"[""HK""]","[""GAO""]","[""Q34""]","[""2007-01-01T00:00:00Z""]",[]
948355,Q948355,Q948355,,"[""EX""]","[""SDO""]","[""Q786""]","[""1996-01-01T00:00:00Z""]","[""2005-01-01T00:00:00Z""]"
948500,Q948500,Air Do,AIRDO,"[""HD""]","[""ADO""]","[""Q17""]","[""1996-11-14T00:00:00Z""]",[]
949147,Q949147,Ted,Ted,"[""UA""]","[""UAL""]","[""Q30""]","[""2003-01-01T00:00:00Z""]","[""2009-01-06T00:00:00Z""]"
952370,Q952370,Mahfooz Aviation,マフーズ・アヴィエーション,"[""M2""]","[""MZS""]","[""Q851""]","[""1992-01-01T00:00:00Z""]",[]
953485,Q953485,Pantanal Linhas Aéreas,,"[""GP""]","[""PTN""]","[""Q155""]","[""1992-01-01T00:00:00Z""]","[""2013-01-01T00:00:00Z""]"
954747,Q954747,East African Airways,イースト・アフリカン航空,"[""EC""]","[""JND""]","[""Q1036"",""Q114"",""Q924""]","[""1945-01-01T00:00:00Z""]","[""1977-01-01T00:00:00Z""]"
955189,Q955189,Turkuaz Airlines,,[],"[""TRK""]","[""Q43""]","[""2006-01-01T00:00:00Z""]","[""2010-12-17T00:00:00Z""]"
955277,Q955277,Futura International Airways,フューチュラ国際航空,"[""FH""]","[""FUA""]","[""Q29""]","[""1989-01-01T00:00:00Z""]","[""2008-09-07T00:00:00Z""]"
955816,Q955816,Malert,,[],[],"[""Q28""]","[""1922-01-01T00:00:00Z""]","[""1944-01-01T00:00:00Z""]"
956449,Q956449,Samoa Airways,ポリネシアン航空,"[""OL""]","[""PAO""]","[""Q683""]","[""1959-01-01T00:00:00Z""]",[]
956704,Q956704,Alma de México,,"[""C4""]","[""MSO""]","[""Q96""]","[""2005-01-01T00:00:00Z""]","[""2008-01-01T00:00:00Z""]"
956945,Q956945,LUKOIL-AVIA,,[],"[""LUK""]","[""Q159""]","[""1994-01-01T00:00:00Z""]",[]
957305,Q957305,Precision Air,プレシジョンエア,"[""PW""]","[""PRF""]","[""Q924""]","[""1991-01-01T00:00:00Z""]",[]
958500,Q958500,Calm Air,,"[""MO""]","[""CAV""]","[""Q16""]","[""1962-01-01T00:00:00Z""]",[]
958837,Q958837,Cimber Sterling,シンバ・スターリング,"[""QI""]","[""CIM""]","[""Q35""]","[""1950-01-01T00:00:00Z""]","[""2012-01-01T00:00:00Z""]"
960848,Q960848,Flight Express,,[],[],"[""Q974""]","[""2004-01-01T00:00:00Z""]",[]
960869,Q960869,Viaggio Air,,"[""VM""]","[""VOA""]","[""Q219""]","[""2002-01-01T00:00:00Z""]","[""2007-01-01T00:00:00Z""]"
967282,Q967282,Halcyonair,ハルシオンエアー,"[""7Z""]","[""HCV""]","[""Q1011""]","[""2005-02-25T00:00:00Z""]","[""2013-01-01T00:00:00Z""]"
968291,Q968291,Xpress Air,エクスプレス・エア,"[""XN""]","[""XAR""]","[""Q252""]","[""2003-01-01T00:00:00Z""]","[""2021-01-01T00:00:00Z""]"
968566,Q968566,Air California,エア・カリフォルニア,"[""OC""]","[""ACL""]","[""Q30""]","[""1967-01-01T00:00:00Z""]","[""1987-01-01T00:00:00Z""]"
968694,Q968694,Continental Express,コンチネンタル・エキスプレス,[],[],"[""Q30""]","[""1986-01-01T00:00:00Z""]","[""2012-03-03T00:00:00Z""]"
969830,Q969830,Namibia Commercial Aviation,,[],[],"[""Q1030""]","[""1992-01-01T00:00:00Z""]","[""2010-01-01T00:00:00Z""]"
974899,Q974899,Shenzhen Airlines,深圳航空,"[""ZH""]","[""CSZ""]","[""Q148""]","[""1992-01-01T00:00:00Z""]",[]
975169,Q975169,GeorgiaSkies,,"[""LW""]","[""NMI""]","[""Q30""]","[""2008-01-01T00:00:00Z""]","[""2013-03-31T00:00:00Z""]"
975752,Q975752,Air Union,ユニオン航空,[],[],"[""Q142""]","[""1923-01-01T00:00:00Z""]","[""1933-10-07T00:00:00Z""]"
977140,Q977140,Sama,,"[""ZS""]","[""SMY""]","[""Q851""]","[""2007-01-01T00:00:00Z""]","[""2010-01-01T00:00:00Z""]"
978139,Q978139,Virgin Sun Airlines,,"[""VS""]","[""VIR""]","[""Q145""]","[""1998-01-01T00:00:00Z""]","[""2001-10-31T00:00:00Z""]"
978831,Q978831,Sterling Airlines,スターリング航空,"[""NB""]","[""SNB""]","[""Q35""]","[""1962-01-01T00:00:00Z""]","[""2008-10-29T00:00:00Z""]"
980203,Q980203,Aviast Air,,"[""6I""]","[""VVA""]","[""Q159""]","[""1992-01-01T00:00:00Z""]","[""2011-01-01T00:00:00Z""]"
980419,Q980419,Gomelavia,ゴメラヴィア,"[""YD""]","[""GOM""]","[""Q184""]","[""1996-01-01T00:00:00Z""]","[""2011-01-01T00:00:00Z""]"
980781,Q980781,Nature Air,,"[""5C""]","[""NRR""]","[""Q800""]","[""1991-01-01T00:00:00Z""]",[]
986457,Q986457,Timor Air,,"[""BF""]","[""ETA""]","[""Q574""]","[""2011-01-01T00:00:00Z""]","[""2012-01-01T00:00:00Z""]"
986941,Q986941,Canadian Pacific Air Lines,カナダ太平洋航空,"[""CP""]","[""CPC""]","[""Q16""]","[""1942-01-01T00:00:00Z""]","[""1987-01-01T00:00:00Z""]"
995151,Q995151,Cebu Pacific,セブパシフィック航空,"[""5J""]","[""CEB""]","[""Q928""]","[""1988-08-26T00:00:00Z""]",[]
1001052,Q1001052,Gorkha Airlines,ゴルカ航空,"[""G1""]","[""IKA""]","[""Q837""]","[""1996-01-01T00:00:00Z""]",[]
1003679,Q1003679,European Air Charter,ブルガリア・エア・チャーター,"[""H6""]","[""BUC""]","[""Q219""]","[""2000-06-01T00:00:00Z""]",[]
1017549,Q1017549,Business Air,ビジネス・エア,"[""8B""]","[""BCC""]","[""Q869""]","[""2009-01-01T00:00:00Z""]",[]
1017626,Q1017626,Businesswings,,[],"[""JMP""]","[""Q183""]","[""1979-01-01T00:00:00Z""]",[]
1018340,Q1018340,Buzz,Buzz（航空会社）,"[""UK""]","[""BUZ""]","[""Q145""]","[""1999-01-01T00:00:00Z""]","[""2004-10-31T00:00:00Z""]"
1022138,Q1022138,Jetconnect,ジェットコネクト,"[""QF""]","[""QNZ""]","[""Q664""]","[""2002-01-01T00:00:00Z""]",[]
1022163,Q1022163,Air Andaman,,[],[],"[""Q869""]","[""2000-01-01T00:00:00Z""]","[""2004-01-01T00:00:00Z""]"
1023036,Q1023036,CCF Manager Airline,,[],[],"[""Q183""]",[],[]
1026204,Q1026204,Calair,,[],"[""DZ""]","[""Q183""]","[""1970-11-17T00:00:00Z""]","[""1972-01-01T00:00:00Z""]"
1027505,Q1027505,Norse Air,,[],"[""NRX""]","[""Q258""]","[""1992-01-01T00:00:00Z""]",[]
1027577,Q1027577,Rostvertol,,[],[],"[""Q159""]","[""1939-01-01T00:00:00Z""]",[]
1027624,Q1027624,Egoli Air,,[],[],"[""Q258""]","[""1996-01-01T00:00:00Z""]",[]
1027687,Q1027687,Executive Aerospace,,[],"[""EAS""]","[""Q258""]","[""1984-01-01T00:00:00Z""]",[]
1027707,Q1027707,Rossair Executive Air Charter,,[],"[""RSS""]","[""Q258""]","[""1956-01-01T00:00:00Z""]","[""2005-01-01T00:00:00Z""]"
1027714,Q1027714,Phoebus Apollo Aviation,フォイボス・アポロ・アビエーション,"[""PE""]","[""PHB""]","[""Q258""]","[""1995-01-01T00:00:00Z""]",[]
1028235,Q1028235,Alyemda,民営イエメン航空,"[""DY""]","[""DYA""]","[""Q199841""]","[""1971-03-11T00:00:00Z""]","[""1996-05-15T00:00:00Z""]"
1028575,Q1028575,Avianca Costa Rica,ラクサ航空,"[""LR""]","[""LRC""]","[""Q800""]","[""1946-01-01T00:00:00Z""]",[]
1028825,Q1028825,Cameroon Airlines,カメルーン航空,"[""UY""]","[""UYC""]","[""Q1009""]","[""1971-01-01T00:00:00Z""]","[""2008-01-01T00:00:00Z""]"
1029273,Q1029273,Windrose Airlines,ウインドローズ航空,"[""7W""]","[""WRC""]","[""Q212""]","[""2003-01-01T00:00:00Z"",""2007-01-01T00:00:00Z""]",[]
1030192,Q1030192,Yamal Airlines,ヤマル航空,"[""YC""]","[""LLM""]","[""Q159""]","[""1997-01-01T00:00:00Z""]",[]
1031842,Q1031842,CanJet,キャンジェット航空,"[""C6""]","[""CJA""]","[""Q16""]","[""1999-01-01T00:00:00Z"",""2002-06-20T00:00:00Z""]","[""2015-01-01T00:00:00Z""]"
1031924,Q1031924,Canada 3000,カナダ3000,"[""2T""]","[""CMM""]","[""Q16""]","[""1988-01-01T00:00:00Z""]","[""2001-11-08T00:00:00Z""]"
1032237,Q1032237,Canadian North,カナディアン・ノース,"[""5T""]","[""MPE""]","[""Q16""]","[""1989-01-01T00:00:00Z""]",[]
1034273,Q1034273,Cape Air,ケープエアー,"[""9K""]","[""KAP""]","[""Q30""]","[""1989-01-01T00:00:00Z""]",[]
1034688,Q1034688,Capitol Air,キャピトル航空,"[""CL""]",[],"[""Q30""]","[""1946-01-01T00:00:00Z""]",[]
1035195,Q1035195,Hong Kong Airlines,香港航空,"[""HX""]","[""CRK""]","[""Q148""]","[""2001-03-28T00:00:00Z""]",[]
1036058,Q1036058,Cargoitalia,カーゴイタリア,"[""2G""]","[""CRG""]","[""Q38""]","[""2005-01-01T00:00:00Z""]","[""2011-12-21T00:00:00Z""]"
1036086,Q1036086,Carib Aviation,,"[""3Q""]","[""DEL""]","[""Q781""]","[""1972-01-01T00:00:00Z""]","[""2008-01-01T00:00:00Z""]"
1036100,Q1036100,Cargolux,カーゴルックス航空,"[""CV""]","[""CLX""]","[""Q32""]","[""1970-03-04T00:00:00Z""]",[]
1036118,Q1036118,Q1036118,カリビアン航空,"[""BW""]","[""BWA""]","[""Q754""]","[""2006-12-31T00:00:00Z""]",[]
1037450,Q1037450,Ecuato Guineana,エクアート・ギニアーナ,"[""8Y""]","[""GGE""]","[""Q983""]","[""1986-01-01T00:00:00Z""]",[]
1038304,Q1038304,Equatair,,[],"[""EQR""]","[""Q983""]","[""2004-01-01T00:00:00Z""]","[""2005-08-31T00:00:00Z""]"
1038317,Q1038317,Aerolíneas de Guinea Ecuatorial,,[],[],"[""Q983""]","[""2003-01-01T00:00:00Z""]",[]
1038326,Q1038326,Swazi Express Airways,,"[""Q4""]","[""SWX""]","[""Q1050""]","[""1995-01-01T00:00:00Z""]","[""2008-04-01T00:00:00Z""]"
1048250,Q1048250,Slovak Airlines,スロバキア航空,"[""6Q""]","[""SLL""]","[""Q214""]","[""1996-01-01T00:00:00Z""]","[""2005-01-01T00:00:00Z""]"
1048418,Q1048418,JetLite,ジェットライト,"[""S2""]","[""JLL""]","[""Q668""]","[""1991-01-01T00:00:00Z""]","[""2012-01-01T00:00:00Z""]"
1048495,Q1048495,flydubai,フライドバイ,"[""FZ""]","[""FDB""]","[""Q878""]","[""2008-01-01T00:00:00Z""]",[]
1050518,Q1050518,TAAG Angola Airlines,TAAGアンゴラ航空,"[""DT""]","[""DTA""]","[""Q916""]","[""1938-09-01T00:00:00Z""]",[]
1050783,Q1050783,Royal Brunei Airlines,ロイヤルブルネイ航空,"[""BI""]","[""RBA""]","[""Q921""]","[""1974-01-01T00:00:00Z""]",[]
1050862,Q1050862,EasyJet Switzerland,イージージェット・スイス,"[""DS""]","[""EZS""]","[""Q39""]","[""1988-01-01T00:00:00Z""]",[]
1051390,Q1051390,Caucasus Airlines,,"[""NS""]","[""SRJ""]","[""Q230""]","[""2001-01-01T00:00:00Z""]",[]
1052017,Q1052017,Cayman Airways,ケイマン航空,"[""KX""]","[""CAY""]","[""Q145""]","[""1968-01-01T00:00:00Z""]",[]
1052688,Q1052688,Sky Angkor Airlines,スカイ・アンコール航空,"[""ZA""]","[""SWM""]","[""Q424""]","[""2011-01-01T00:00:00Z""]",[]
1053511,Q1053511,Centavia,,"[""7N""]","[""CNA""]","[""Q403""]","[""2005-01-01T00:00:00Z""]",[]
1053680,Q1053680,Central African Airways,,"[""CE""]","[""CAA""]","[""Q954""]","[""1946-01-01T00:00:00Z""]","[""1967-01-01T00:00:00Z""]"
1053758,Q1053758,Central Connect Airlines,,"[""3B""]","[""JBR""]","[""Q213""]","[""1993-10-01T00:00:00Z""]",[]
1053904,Q1053904,Q1053904,セントラル・モンゴリア・エアウェイズ,[],[],"[""Q711""]",[],[]
1054124,Q1054124,Centralwings,セントラルウィングス,"[""C0""]","[""CLW""]","[""Q36""]","[""2004-01-01T00:00:00Z""]","[""2009-01-01T00:00:00Z""]"
1054700,Q1054700,Eagle Airways,イーグル・エアウェイズ,"[""NZ""]","[""EAG""]","[""Q664""]","[""1969-01-01T00:00:00Z""]","[""2016-08-26T00:00:00Z""]"
1056794,Q1056794,Lion Air,ライオン・エア,"[""JT""]","[""LNI""]","[""Q252""]","[""1999-01-01T00:00:00Z""]",[]
1056939,Q1056939,Libyan Airlines,リビア航空,"[""LN""]","[""LAA""]","[""Q1016""]","[""1965-01-01T00:00:00Z""]",[]
1057110,Q1057110,IndiGo,IndiGo,"[""6E""]","[""IGO""]","[""Q668""]","[""2005-01-01T00:00:00Z""]",[]
1057130,Q1057130,Alitalia Express,アリタリア・エクスプレス,"[""XM""]","[""SMX""]","[""Q38""]","[""1997-01-01T00:00:00Z""]","[""2015-02-06T00:00:00Z""]"
1058133,Q1058133,Airlines of Tasmania,タスマニア航空,"[""FO""]","[""ATM""]","[""Q408""]","[""1984-01-01T00:00:00Z""]",[]
1058657,Q1058657,Skyline Express Airlines,UTエアー・ウクライナ,"[""QU""]","[""UTN""]","[""Q212""]","[""2008-01-01T00:00:00Z""]",[]
1059033,Q1059033,Surinam Airways,スリナム・エアウェイズ,"[""PY""]","[""SLM""]","[""Q730""]","[""1955-01-01T00:00:00Z""]",[]
1059770,Q1059770,WestJet,ウエストジェット航空,"[""WS""]","[""WJA""]","[""Q16""]","[""1994-06-27T00:00:00Z""]",[]
1059869,Q1059869,Chalk's International Airlines,チョークス・オーシャン・エアウェイズ,"[""OP""]","[""CHK""]","[""Q30""]","[""1917-01-01T00:00:00Z""]","[""2007-01-01T00:00:00Z""]"
1060336,Q1060336,TAM Cargo,TAMカーゴ,[],[],"[""Q155""]","[""1994-01-01T00:00:00Z""]",[]
1060465,Q1060465,Wataniya Airways,ワターニーヤ航空,"[""KW""]","[""WAN""]","[""Q817""]","[""2005-01-01T00:00:00Z""]",[]
1060578,Q1060578,Malaysia–Singapore Airlines,マレーシア・シンガポール航空,"[""ML""]","[""MSA""]","[""Q334"",""Q833""]","[""1966-01-01T00:00:00Z""]","[""1972-09-30T00:00:00Z""]"
1061085,Q1061085,Pacific Blue Airlines,パシフィック・ブルー,"[""DJ""]","[""PBN""]","[""Q664""]","[""2003-01-01T00:00:00Z""]","[""2015-03-01T00:00:00Z""]"
1061232,Q1061232,Champion Air,チャンピオン航空,"[""MG""]","[""CCP""]","[""Q30""]","[""1995-01-01T00:00:00Z""]","[""2008-05-31T00:00:00Z""]"
1061296,Q1061296,KLM Cityhopper,KLMシティホッパー,"[""WA""]","[""KLC""]","[""Q55""]","[""1991-01-01T00:00:00Z""]",[]
1061902,Q1061902,Air Changan,長安航空,"[""9H""]","[""CGN""]","[""Q148""]","[""1992-01-01T00:00:00Z""]",[]
1062247,Q1062247,Channel Airways,,"[""CW""]",[],"[""Q145""]","[""1946-01-01T00:00:00Z""]","[""1972-01-01T00:00:00Z""]"
1062248,Q1062248,Channel Express,,"[""LS""]","[""EXS""]","[""Q145""]","[""1978-01-01T00:00:00Z""]","[""2006-01-01T00:00:00Z""]"
1063314,Q1063314,Interstate Airlines,,"[""I4""]","[""FWA""]","[""Q55""]","[""2005-01-01T00:00:00Z""]","[""2010-01-01T00:00:00Z""]"
1063343,Q1063343,Air Orient,,"[""UT""]","[""ORT""]","[""Q142""]","[""1929-01-01T00:00:00Z""]","[""1933-01-01T00:00:00Z""]"
1064048,Q1064048,Jazeera Airways,ジャジーラ航空,"[""J9""]","[""JZR""]","[""Q817""]","[""2005-01-01T00:00:00Z""]",[]
1065088,Q1065088,Nok Air,ノックエア,"[""DD""]","[""NOK""]","[""Q869""]","[""2004-01-01T00:00:00Z""]",[]
1065835,Q1065835,UTair Aviation,UTエアー,"[""UT""]","[""UTA""]","[""Q159""]","[""1991-01-01T00:00:00Z""]",[]
1066031,Q1066031,ASL Airlines Belgium,TNT航空,"[""3V""]","[""TAY""]","[""Q27"",""Q31""]","[""1999-01-01T00:00:00Z""]",[]
1068419,Q1068419,Air India Cargo,エア・インディアカーゴ,"[""AI""]","[""AIC""]","[""Q668""]","[""1954-01-01T00:00:00Z""]","[""2012-01-01T00:00:00Z""]"
1068446,Q1068446,Vladivostok Air,ウラジオストク航空,"[""XF""]","[""VLK""]","[""Q159""]","[""1993-08-09T00:00:00Z""]","[""2014-01-01T00:00:00Z""]"
1068909,Q1068909,Orient Thai Airlines,オリエント・タイ航空,"[""OX""]","[""OEA""]","[""Q869""]","[""1995-01-01T00:00:00Z""]",[]
1073234,Q1073234,China Cargo Airlines,中国貨運航空,"[""CK""]","[""CKK""]","[""Q148""]","[""1998-01-01T00:00:00Z""]",[]
1073273,Q1073273,China Express Airlines,華夏航空,"[""G5""]","[""HXA""]","[""Q148""]","[""2004-01-01T00:00:00Z""]",[]
1073368,Q1073368,China Northwest Airlines,中国西北航空,"[""WH""]","[""CNW""]","[""Q148""]","[""1989-01-01T00:00:00Z""]","[""2002-01-01T00:00:00Z""]"
1073481,Q1073481,China Postal Airlines,中国貨運郵政航空,"[""CF""]","[""CYZ""]","[""Q148""]","[""1996-01-01T00:00:00Z""]",[]
1073544,Q1073544,West Air,中国西部航空,"[""PN""]","[""CHB""]","[""Q148""]","[""2006-01-01T00:00:00Z""]",[]
1073547,Q1073547,China Xinhua Airlines,中国新華航空,"[""XW""]","[""CXH""]","[""Q148""]","[""1992-01-01T00:00:00Z""]",[]
1073550,Q1073550,China United Airlines,中国聯合航空,"[""KN""]","[""CUA""]","[""Q148""]","[""1986-01-01T00:00:00Z""]",[]
1074422,Q1074422,Hebei Airlines,河北航空,"[""NS""]","[""HBH""]","[""Q148""]","[""2010-01-01T00:00:00Z""]",[]
1076141,Q1076141,Chongqing Airlines,重慶航空,"[""OQ""]","[""CQN""]","[""Q148""]","[""2007-01-01T00:00:00Z""]",[]
1090978,Q1090978,Tibet Airlines,チベット航空,"[""TV""]","[""TBA""]","[""Q148""]","[""2010-01-01T00:00:00Z""]",[]
1093383,Q1093383,Citilink,シティリンク,"[""QG""]","[""CTV""]","[""Q252""]","[""2001-01-01T00:00:00Z""]",[]
1093808,Q1093808,City-Air,,"[""6E""]","[""CIP""]","[""Q183""]","[""1998-01-01T00:00:00Z""]","[""2004-02-01T00:00:00Z""]"
1093855,Q1093855,City Airline,シティ・エアライン,"[""CF""]","[""SDR""]","[""Q34""]","[""1997-01-01T00:00:00Z""]","[""2011-11-29T00:00:00Z""]"
1094344,Q1094344,Daallo Airlines,ダーロ航空,"[""D3""]","[""DAO""]","[""Q977""]","[""1991-01-01T00:00:00Z""]",[]
1100424,Q1100424,Pegasus Airlines,ペガサス航空,"[""PC""]","[""PGT""]","[""Q43""]","[""1989-01-01T00:00:00Z""]",[]
1100473,Q1100473,Wingo xprs,,[],[],"[""Q33""]","[""2007-01-01T00:00:00Z""]","[""2011-01-01T00:00:00Z""]"
1100995,Q1100995,Clickair,クリックエアー,"[""XG""]","[""CLI""]","[""Q29""]","[""2006-01-01T00:00:00Z""]","[""2009-07-09T00:00:00Z""]"
1104372,Q1104372,Coast Air,,"[""BX""]","[""CST""]","[""Q20""]","[""1988-01-01T00:00:00Z""]","[""2008-01-01T00:00:00Z""]"
1111157,Q1111157,Color Air,カラー・エア,"[""CL""]","[""CLA""]","[""Q20""]","[""1998-01-01T00:00:00Z""]","[""1999-01-01T00:00:00Z""]"
1113243,Q1113243,Comair,コムエアー,"[""OH""]","[""COM""]","[""Q30""]","[""1977-01-01T00:00:00Z""]","[""2012-09-29T00:00:00Z""]"
1113248,Q1113248,Comair,コムエアー (南アフリカ),"[""MN""]","[""CAW""]","[""Q258""]","[""1946-01-01T00:00:00Z""]","[""2022-06-09T00:00:00Z""]"
1114279,Q1114279,Comfort Air,,[],"[""COF""]","[""Q183""]","[""1978-01-01T00:00:00Z""]","[""2009-01-01T00:00:00Z""]"
1114546,Q1114546,Mordovia Airlines,,[],[],"[""Q159""]","[""1992-01-01T00:00:00Z""]","[""2013-02-13T00:00:00Z""]"
1114931,Q1114931,Vologda Aviation Enterprise,ヴォログダ・アヴィエーション・プライズ,[],"[""VGV""]","[""Q159""]","[""1928-10-06T00:00:00Z""]",[]
1115295,Q1115295,Interjet,インテルジェット,"[""4O""]","[""AIJ""]","[""Q96""]","[""2005-01-01T00:00:00Z""]","[""2020-12-01T00:00:00Z""]"
1118154,Q1118154,Airstars,エアスターズ,"[""PL""]","[""ASE""]","[""Q159""]","[""2000-01-01T00:00:00Z""]","[""2011-01-01T00:00:00Z""]"
1119913,Q1119913,Winair,ウィンエアー,"[""WM""]","[""WIA""]","[""Q26273""]","[""1961-01-01T00:00:00Z""]",[]
1119983,Q1119983,Vildanden,,"[""2Q""]",[],"[""Q20""]","[""2004-01-01T00:00:00Z""]","[""2011-01-16T00:00:00Z""]"
1121073,Q1121073,Q1121073,コンパニ－・アフリケーヌ・ダビアシオン,"[""BU""]","[""DBP""]","[""Q974""]","[""1992-01-01T00:00:00Z""]",[]
1121098,Q1121098,Compagnie de transport aérien,,[],[],"[""Q39""]","[""1978-01-01T00:00:00Z""]","[""1993-01-01T00:00:00Z""]"
1124591,Q1124591,Condor Syndikat,,[],[],"[""Q155""]","[""1927-01-01T00:00:00Z""]","[""1943-01-16T00:00:00Z""]"
1125765,Q1125765,Congo Express,,"[""XZ""]","[""EXY""]","[""Q974""]","[""2010-01-01T00:00:00Z""]","[""2012-01-01T00:00:00Z""]"
1126419,Q1126419,West Coast Air,ウェスト・コースト・エア,"[""8O""]","[""YWZ""]","[""Q16""]","[""1996-01-01T00:00:00Z""]","[""2015-01-01T00:00:00Z""]"
1128529,Q1128529,MCA Airlines,MCA航空,[],"[""MCA""]","[""Q34""]","[""2008-01-01T00:00:00Z""]","[""2009-01-01T00:00:00Z""]"
1128848,Q1128848,Continental Micronesia,コンチネンタル・ミクロネシア,"[""CS""]","[""CMI""]","[""Q30""]","[""1968-01-01T00:00:00Z""]","[""2010-12-22T00:00:00Z""]"
1129944,Q1129944,Copa Airlines Colombia,コパ航空コロンビア,"[""P5""]","[""RPB""]","[""Q739""]","[""1992-11-23T00:00:00Z""]",[]
1130153,Q1130153,FlyLal,リトアニア航空,"[""TE""]","[""LIL""]","[""Q37""]","[""1991-09-20T00:00:00Z""]","[""2022-11-09T00:00:00Z""]"
1130246,Q1130246,Seagle Air,シーグル・エアー,"[""SJ""]","[""CGL""]","[""Q214""]","[""1995-01-01T00:00:00Z""]","[""2009-01-01T00:00:00Z""]"
1131466,Q1131466,JetLink Express,,"[""J0""]","[""JLX""]","[""Q114""]","[""2006-01-01T00:00:00Z""]","[""2012-01-01T00:00:00Z""]"
1131887,Q1131887,Coral Sun Airways,コーラル・サン航空,[],[],"[""Q710""]","[""2009-01-01T00:00:00Z""]",[]
1132518,Q1132518,Kosmos Airlines,,[],"[""KSM""]","[""Q159""]","[""1995-01-01T00:00:00Z""]",[]
1134653,Q1134653,Union Airways,,[],[],"[""Q258""]","[""1929-01-01T00:00:00Z""]","[""1934-01-31T00:00:00Z""]"
1135063,Q1135063,FlyMontserrat,フライ・モントセラト,"[""5M""]","[""MNT""]","[""Q145""]","[""2009-01-01T00:00:00Z""]",[]
1136051,Q1136051,Fly Hellas,フライ・ヘラス,"[""VQ""]","[""VKH""]","[""Q41""]","[""2009-01-01T00:00:00Z""]","[""2011-12-05T00:00:00Z""]"
1136917,Q1136917,Q1136917,サザン・エア,"[""9S""]","[""SOO""]","[""Q30""]","[""1947-01-01T00:00:00Z""]","[""2021-11-17T00:00:00Z""]"
1137136,Q1137136,SunExpress,サンエクスプレス,"[""XQ""]","[""SXS""]","[""Q43""]","[""1990-03-09T00:00:00Z""]",[]
1137771,Q1137771,Donghai Airlines,深圳東海航空,"[""DZ""]","[""EPA""]","[""Q148""]","[""2002-01-01T00:00:00Z""]",[]
1138118,Q1138118,China Northern Airlines,中国北方航空,"[""CJ""]","[""CBF""]","[""Q148""]","[""1990-01-01T00:00:00Z""]","[""2003-01-01T00:00:00Z""]"
1138154,Q1138154,Spirit of Manila Airlines,スピリット・オブ・マニラ航空,"[""SM""]","[""MNP""]","[""Q928""]","[""2008-01-01T00:00:00Z""]","[""2012-01-01T00:00:00Z""]"
1138263,Q1138263,Japan Air System,日本エアシステム,"[""JD""]","[""JAS""]","[""Q17""]","[""1988-04-01T00:00:00Z""]","[""2006-10-01T00:00:00Z""]"
1138501,Q1138501,RusLine,ラスライン,"[""7R""]","[""RLU""]","[""Q159""]","[""1999-01-01T00:00:00Z""]",[]
1138803,Q1138803,Tristar Air,トライスター・エア,"[""YS""]","[""TSY""]","[""Q79""]","[""1998-01-01T00:00:00Z""]","[""2015-01-01T00:00:00Z""]"
1138889,Q1138889,Mount Cook Airline,マウントクック航空,"[""NM""]","[""NZM""]","[""Q664""]","[""1920-01-01T00:00:00Z""]",[]
1139054,Q1139054,Régional,リージョナル航空,"[""YS""]","[""RAE""]","[""Q142""]","[""2001-01-01T00:00:00Z""]","[""2017-01-01T00:00:00Z""]"
1139145,Q1139145,Avianca El Salvador,TACA航空,"[""TA""]","[""TAI""]","[""Q792""]","[""1931-01-01T00:00:00Z""]",[]
1139196,Q1139196,Go Fly,,"[""GO""]","[""GOE""]","[""Q145""]","[""1997-01-01T00:00:00Z""]","[""2005-01-01T00:00:00Z""]"
1139445,Q1139445,Avianca Cargo,タンパ・カーゴ,"[""QT""]","[""TPA""]","[""Q739""]","[""1973-01-01T00:00:00Z""]",[]
1139541,Q1139541,Frontier Airlines,フロンティア航空,"[""F9""]","[""FFT""]","[""Q30""]","[""1994-01-01T00:00:00Z""]",[]
1139607,Q1139607,Flying Finn,フライング・フィン (航空会社),[],"[""FFW""]","[""Q33""]","[""2002-01-01T00:00:00Z""]","[""2004-01-01T00:00:00Z""]"
1139988,Q1139988,Galaxy Airlines,ギャラクシーエアラインズ,"[""J7""]","[""GXY""]","[""Q17""]","[""2005-01-01T00:00:00Z""]","[""2008-01-01T00:00:00Z""]"
1140807,Q1140807,Jet2.com,Jet2.com,"[""LS""]","[""EXS""]","[""Q145""]","[""2002-01-01T00:00:00Z""]",[]
1140941,Q1140941,Livingston Compagnia Aerea,,"[""JN""]","[""NLV""]","[""Q38""]","[""2011-01-01T00:00:00Z""]","[""2014-01-01T00:00:00Z""]"
1140957,Q1140957,Cronus Airlines,,"[""X5""]","[""CUS""]","[""Q41""]","[""1994-01-01T00:00:00Z"",""1995-01-01T00:00:00Z""]","[""2001-01-01T00:00:00Z""]"
1141227,Q1141227,Crossair Europe,,"[""QE""]","[""ECC""]","[""Q142""]","[""1997-01-01T00:00:00Z""]","[""2005-01-01T00:00:00Z""]"
1141422,Q1141422,ATRAN,,"[""V8""]","[""VAS""]","[""Q159""]","[""1942-01-01T00:00:00Z""]",[]
1141636,Q1141636,Myanma Airways,ミャンマー航空,"[""UB""]","[""UBA""]","[""Q836""]","[""1989-04-01T00:00:00Z""]","[""2014-12-01T00:00:00Z""]"
1142309,Q1142309,Helios Airways,ヘリオス航空,"[""ZU""]","[""HCY""]","[""Q229""]","[""1999-01-01T00:00:00Z""]","[""2006-10-31T00:00:00Z""]"
1143190,Q1143190,Mint Airways,,"[""IM""]","[""MIC""]","[""Q29""]","[""2009-01-01T00:00:00Z""]","[""2012-01-01T00:00:00Z""]"
1145155,Q1145155,LATAM Airlines Peru,ラタム・ペルー,"[""LP""]","[""LPE""]","[""Q419""]","[""1998-01-01T00:00:00Z""]",[]
1145445,Q1145445,Endeavor Air,エンデバー・エア,"[""9E""]","[""FLG""]","[""Q30""]","[""1985-01-01T00:00:00Z""]",[]
1146091,Q1146091,Sun Air of Scandinavia,サン・エア,"[""EZ""]","[""SUS""]","[""Q35""]","[""1978-01-01T00:00:00Z""]",[]
1147012,Q1147012,Air Cairo,カイロ航空,"[""SM""]","[""MSC""]","[""Q79""]","[""1997-01-01T00:00:00Z""]",[]
1147955,Q1147955,TUIfly Nordic,TUIフライ・ノルディック,"[""6B""]","[""BLX""]","[""Q34"",""Q35""]","[""2006-01-01T00:00:00Z""]",[]
1148568,Q1148568,Thai AirAsia,タイ・エアアジア,"[""FD""]","[""AIQ""]","[""Q869""]","[""2003-12-08T00:00:00Z""]",[]
1149762,Q1149762,Mahan Air,マーハーン航空,"[""W5""]","[""IRM""]","[""Q794""]","[""1991-01-01T00:00:00Z""]",[]
1150302,Q1150302,Mandarin Airlines,マンダリン航空,"[""AE""]","[""MDA""]","[""Q865""]","[""1991-05-15T00:00:00Z""]",[]
1150325,Q1150325,Corendon Dutch Airlines,コレンドン・ダッチ航空,"[""CD""]","[""CND""]","[""Q55""]","[""2011-01-01T00:00:00Z""]",[]
1151882,Q1151882,Oriental Air Bridge,オリエンタルエアブリッジ,"[""OC""]","[""ORC""]","[""Q17""]","[""1961-06-12T00:00:00Z""]",[]
1152208,Q1152208,DC Aviation,,[],"[""DCS""]","[""Q183""]","[""1998-01-01T00:00:00Z""]",[]
1152437,Q1152437,Belau Air,ベラウ・エア,[],[],"[""Q695""]","[""1989-01-01T00:00:00Z""]",[]
1153216,Q1153216,Air Armenia,アルメニア航空,"[""QN""]","[""ARR""]","[""Q399""]","[""2003-01-01T00:00:00Z""]","[""2014-01-01T00:00:00Z""]"
1153602,Q1153602,Shandong Airlines,山東航空,"[""SC""]","[""CDG""]","[""Q148""]","[""1994-01-01T00:00:00Z""]",[]
1153904,Q1153904,DIX Aviation,,[],"[""DIX""]","[""Q183""]","[""1991-01-01T00:00:00Z""]","[""2008-01-01T00:00:00Z""]"
1154361,Q1154361,Ryukyu Air Commuter,琉球エアーコミューター,[],"[""RAC""]","[""Q17""]","[""1985-01-01T00:00:00Z""]",[]
1154839,Q1154839,Astrakhan Airlines,,"[""OB""]","[""ASZ""]","[""Q159""]","[""1994-01-01T00:00:00Z""]","[""2005-01-01T00:00:00Z""]"
1156082,Q1156082,Q1156082,イラン・アーセマーン航空,"[""EP""]","[""IRC""]","[""Q794""]","[""1980-01-01T00:00:00Z""]",[]
1156345,Q1156345,Meridiana,エールイタリ,"[""IG""]","[""ISS""]","[""Q38""]","[""1991-05-03T00:00:00Z""]","[""2018-02-28T00:00:00Z""]"
1156479,Q1156479,LAM Mozambique Airlines,LAMモザンビーク航空,"[""TM""]","[""LAM""]","[""Q1029""]","[""1936-08-26T00:00:00Z""]",[]
1156843,Q1156843,Jet4you,Jet4you,"[""8J""]","[""JFU""]","[""Q1028""]","[""2006-01-01T00:00:00Z""]","[""2012-04-01T00:00:00Z""]"
1156859,Q1156859,TUI Airways,トムソン航空,"[""BY""]","[""TOM""]","[""Q145""]","[""2008-01-01T00:00:00Z""]",[]
1156874,Q1156874,Pacific Airlines,パシフィック航空,"[""BL""]","[""PIC""]","[""Q881""]","[""1991-01-01T00:00:00Z""]",[]
1156931,Q1156931,WOW air,WOW航空,"[""WW""]","[""WOW""]","[""Q189""]","[""2012-01-01T00:00:00Z""]","[""2019-03-28T00:00:00Z""]"
1158942,Q1158942,Dan-Air,ダン・エア,"[""DA""]","[""DAN""]","[""Q145""]","[""1953-01-01T00:00:00Z""]","[""1992-01-01T00:00:00Z""]"
1159205,Q1159205,Dana Air,ダナ航空,"[""9J""]","[""DAN""]","[""Q1033""]","[""2008-01-01T00:00:00Z""]",[]
1163201,Q1163201,Maszovlet,,[],[],[],[],[]
1164145,Q1164145,DAT,ダニッシュ・エア・トランスポート,"[""DX""]","[""DTR""]","[""Q35""]","[""1989-01-01T00:00:00Z""]",[]
1165121,Q1165121,Danube Wings,ダニューブ・ウイングス,"[""V5""]","[""VPA""]","[""Q214""]","[""2008-01-01T00:00:00Z""]","[""2013-01-01T00:00:00Z""]"
1168767,Q1168767,Evolavia,,[],[],"[""Q38""]","[""2002-01-01T00:00:00Z""]",[]
1169197,Q1169197,Q1169197,エア・ザイール,"[""QC""]","[""AZR""]","[""Q974""]","[""1961-06-06T00:00:00Z""]","[""1995-06-12T00:00:00Z""]"
1173860,Q1173860,Aero,,[],[],"[""Q36""]","[""1925-01-01T00:00:00Z""]","[""1928-12-31T00:00:00Z""]"
1174276,Q1174276,Alisea Airlines,,"[""FZ""]","[""BBG""]","[""Q38""]","[""1999-01-01T00:00:00Z""]","[""2003-01-01T00:00:00Z""]"
1174292,Q1174292,Panair,,"[""P2""]","[""PIT""]","[""Q38""]","[""2001-01-01T00:00:00Z""]","[""2003-01-01T00:00:00Z""]"
1186574,Q1186574,Polar Air Cargo,ポーラーエアカーゴ,"[""PO""]","[""PAC""]","[""Q30""]","[""1993-01-01T00:00:00Z""]",[]
1187202,Q1187202,Denim Air,デニム・エア,"[""J7""]","[""DNM""]","[""Q55""]","[""2010-01-01T00:00:00Z""]","[""2016-11-01T00:00:00Z""]"
1188127,Q1188127,Evergreen International Airlines,エバーグリーン航空,"[""EZ""]","[""EIA""]","[""Q30""]","[""1960-01-01T00:00:00Z""]","[""2013-12-31T00:00:00Z""]"
1188206,Q1188206,Hokkaido Air System,北海道エアシステム,"[""6L""]","[""NTH""]","[""Q17""]","[""1997-01-01T00:00:00Z""]",[]
1188319,Q1188319,World Airways,ワールド・エアウェイズ,"[""WO""]","[""WOA""]","[""Q30""]","[""1948-03-29T00:00:00Z""]","[""2014-03-27T00:00:00Z""]"
1188326,Q1188326,J-Air,ジェイエア,"[""XM""]","[""JLJ""]","[""Q17""]","[""1996-08-08T00:00:00Z""]",[]
1188334,Q1188334,Interair South Africa,インターエア・サウスアフリカ,"[""D6""]","[""ILN""]","[""Q258""]","[""1993-01-01T00:00:00Z""]",[]
1188413,Q1188413,United Express,ユナイテッド・エクスプレス,"[""UA""]",[],"[""Q30""]","[""1985-01-01T00:00:00Z""]",[]
1188435,Q1188435,AmericanConnection,アメリカン・コネクション,[],[],"[""Q30""]","[""2001-01-01T00:00:00Z""]","[""2014-08-19T00:00:00Z""]"
1188453,Q1188453,Freedom Air,,"[""SJ""]","[""FOM""]","[""Q664""]","[""1995-01-01T00:00:00Z""]","[""2008-03-30T00:00:00Z""]"
1188530,Q1188530,US Airways Express,USエアウェイズ・エクスプレス,[],[],"[""Q30""]","[""1967-01-01T00:00:00Z""]","[""2015-10-17T00:00:00Z""]"
1188990,Q1188990,Transavia France,トランサヴィア・フランス,"[""TO""]","[""TVF""]","[""Q142""]","[""2006-01-01T00:00:00Z""]",[]
1188991,Q1188991,North American Airlines,ノースアメリカン航空,"[""NA""]","[""NAO""]","[""Q30""]","[""1989-01-01T00:00:00Z""]","[""2014-01-01T00:00:00Z""]"
1189014,Q1189014,Vision Airlines,ビジョン航空,"[""V2""]","[""RBY""]","[""Q30""]","[""1994-01-01T00:00:00Z""]","[""2012-04-26T00:00:00Z""]"
1189080,Q1189080,Q1189080,フライナス,"[""XY""]","[""KNE""]","[""Q851""]","[""2006-01-01T00:00:00Z""]",[]
1189087,Q1189087,Air Japan,エアージャパン,"[""NQ""]","[""AJX""]","[""Q17""]","[""1990-01-01T00:00:00Z""]",[]
1189248,Q1189248,Thai Smile,タイ・スマイル,"[""WE""]","[""THD""]","[""Q869""]","[""2011-01-01T00:00:00Z""]",[]
1189286,Q1189286,Alitalia CityLiner,アリタリア・シティライナー,"[""CT""]","[""CYL""]","[""Q38""]","[""2006-06-01T00:00:00Z""]","[""2021-10-15T00:00:00Z""]"
1189310,Q1189310,Nigeria Airways,ナイジェリア航空,"[""WT""]","[""NGA""]","[""Q1033""]","[""1958-01-01T00:00:00Z""]","[""2003-01-01T00:00:00Z""]"
1189545,Q1189545,Q1189545,ABSAカーゴ,"[""M3""]","[""LTG""]","[""Q155""]","[""1995-01-01T00:00:00Z""]",[]
1189646,Q1189646,MasAir Cargo Mexico,マスエア,"[""M7""]","[""MAA""]","[""Q96""]","[""1992-01-01T00:00:00Z""]",[]
1189685,Q1189685,United Airways,ユナイテッド・エアウェイズ,"[""4H""]","[""UBD""]","[""Q902""]","[""2007-01-01T00:00:00Z""]",[]
1190108,Q1190108,Wings Air,ウィングス・エア,"[""IW""]","[""WON""]","[""Q252""]","[""2003-01-01T00:00:00Z""]",[]
1190358,Q1190358,Sunclass Airlines,サンクラス航空,"[""DK""]","[""VKG""]","[""Q35""]","[""2008-05-09T00:00:00Z""]",[]
1190598,Q1190598,Spirit Airlines,スピリット航空,"[""NK""]","[""NKS""]","[""Q30""]","[""1983-01-01T00:00:00Z""]","[""2026-05-02T00:00:00Z""]"
1191086,Q1191086,Virgin Express,ヴァージン・エキスプレス,"[""TV""]","[""VEX""]","[""Q31""]","[""1996-01-01T00:00:00Z""]","[""2006-01-01T00:00:00Z""]"
1191485,Q1191485,Japan Air Commuter,日本エアコミューター,"[""JC""]","[""JAC""]","[""Q17""]","[""1983-01-01T00:00:00Z""]",[]
1198402,Q1198402,Sunwing Airlines,サンウィング航空,"[""WG""]","[""SWG""]","[""Q16""]","[""2005-11-17T00:00:00Z""]","[""2024-10-26T00:00:00Z""]"
1198815,Q1198815,Mandala Airlines,マンダラ航空,"[""RI""]","[""MDL""]","[""Q252""]","[""1969-01-01T00:00:00Z""]",[]
1199737,Q1199737,Viva Macau,ビバ・マカオ,"[""ZG""]","[""VVM""]","[""Q148""]","[""2005-01-01T00:00:00Z""]","[""2010-03-28T00:00:00Z""]"
1199780,Q1199780,EgyptAir Express,エジプト航空エクスプレス,[],"[""MSE""]","[""Q79""]","[""2006-01-01T00:00:00Z""]","[""2019-01-01T00:00:00Z""]"
1199911,Q1199911,Wamos Air,プルマントゥール・エア,"[""EB""]","[""PLM""]","[""Q29""]","[""2003-01-01T00:00:00Z""]",[]
1200062,Q1200062,Horizon Air,ホライゾン航空,"[""QX""]","[""QXE""]","[""Q30""]","[""1981-01-01T00:00:00Z""]",[]
1200975,Q1200975,Pulkovo Aviation Enterprise,プルコヴォ航空,"[""FV""]","[""PLK""]","[""Q159""]","[""1934-05-07T00:00:00Z""]","[""2006-10-29T00:00:00Z""]"
1203441,Q1203441,Deutsche Lufthansa (DDR),ルフトハンザドイツ航空 (ドイツ民主共和国),[],[],"[""Q16957""]","[""1955-01-01T00:00:00Z""]","[""1963-01-01T00:00:00Z""]"
1204544,Q1204544,Deutsche Zeppelin Reederei,ツェッペリン輸送会社,[],[],"[""Q183""]","[""2001-01-01T00:00:00Z""]",[]
1205109,Q1205109,PBair,PBエア,"[""9Q""]","[""PBA""]","[""Q869""]","[""1990-01-01T00:00:00Z""]","[""2009-01-01T00:00:00Z""]"
1232194,Q1232194,Djibouti Airlines,ジブチ航空,"[""D8""]","[""DJB""]","[""Q977""]","[""1996-01-01T00:00:00Z""]","[""2009-01-01T00:00:00Z""]"
1232836,Q1232836,Germania Express,,"[""L3""]","[""GMQ""]","[""Q183""]","[""2011-01-01T00:00:00Z""]","[""2012-01-01T00:00:00Z""]"
1238612,Q1238612,Domodedovo Airlines,ドモジェドヴォ航空,"[""E3""]","[""DMO""]","[""Q159""]","[""1998-01-01T00:00:00Z""]","[""2008-01-01T00:00:00Z""]"
1239204,Q1239204,Trans States Airlines,トランス・ステイツ航空,"[""AX""]","[""LOF""]","[""Q30""]","[""1985-01-01T00:00:00Z""]","[""2020-04-01T00:00:00Z""]"
1240557,Q1240557,Donaldson International Airways,,[],[],"[""Q145""]","[""1968-01-01T00:00:00Z""]","[""1974-01-01T00:00:00Z""]"
1241577,Q1241577,Primaris Airlines,,"[""FE""]","[""WCP""]","[""Q30""]","[""2002-01-01T00:00:00Z""]","[""2009-01-01T00:00:00Z""]"
1243903,Q1243903,SATA Air Açores,SATA エア・アゾレス,"[""SP""]","[""SAT""]","[""Q45""]","[""1941-01-01T00:00:00Z""]",[]
1248602,Q1248602,Wien Air Alaska,ウィーン・エア・アラスカ,[],[],"[""Q30""]","[""1927-01-01T00:00:00Z""]","[""1985-01-01T00:00:00Z""]"
1249088,Q1249088,Lesotho Airways,,"[""QL""]","[""LAI""]","[""Q1013""]","[""1979-01-01T00:00:00Z""]",[]
1249970,Q1249970,Alajnihah Airways,,"[""2T""]","[""ANH""]","[""Q1016""]","[""2006-01-01T00:00:00Z""]","[""2011-01-01T00:00:00Z""]"
1252540,Q1252540,Hispania Líneas Aéreas,,"[""HI"",""XF""]","[""HSL""]","[""Q29""]","[""1982-01-01T00:00:00Z""]","[""1989-01-01T00:00:00Z""]"
1262958,Q1262958,Turku Air,トゥルク・エア,[],[],"[""Q33""]","[""1974-01-01T00:00:00Z""]","[""2016-01-01T00:00:00Z""]"
1263251,Q1263251,Dubrovnik Airline,,"[""2D""]","[""DBK""]","[""Q224""]","[""2004-01-01T00:00:00Z""]","[""2011-10-23T00:00:00Z""]"
1267779,Q1267779,Dutch Antilles Express,,"[""9H""]","[""DNL""]","[""Q25279""]","[""2005-01-01T00:00:00Z""]","[""2013-09-19T00:00:00Z""]"
1270008,Q1270008,Eurocypria Airlines,ユーロキプリア航空,"[""UI""]","[""ECA""]","[""Q229""]","[""1992-01-01T00:00:00Z""]","[""2010-11-04T00:00:00Z""]"
1273827,Q1273827,ImagineAir,,[],"[""IMG""]","[""Q30""]","[""2005-01-01T00:00:00Z""]",[]
1274501,Q1274501,EFD Eisele Flugdienst,,[],"[""EFD""]","[""Q183""]","[""1997-01-01T00:00:00Z""]",[]
1274545,Q1274545,EFS Flug-Service,,[],"[""FSD""]","[""Q183""]","[""1980-01-01T00:00:00Z""]","[""2009-01-01T00:00:00Z""]"
1276743,Q1276743,Eagle Air Iceland,イーグル・エア (アイスランド 1970年),[],"[""FEI""]","[""Q189""]","[""1970-01-01T00:00:00Z""]",[]
1276746,Q1276746,Eagle Air,,[],"[""EGR""]","[""Q1006""]","[""2006-01-01T00:00:00Z""]","[""2016-01-01T00:00:00Z""]"
1278029,Q1278029,East Star Airlines,東星航空,"[""8C""]","[""DXH""]","[""Q148""]","[""2005-01-01T00:00:00Z""]","[""2009-03-15T00:00:00Z""]"
1278136,Q1278136,Eastern Airways,イースタン航空 (イギリス),"[""T3""]","[""EZE""]","[""Q145""]","[""1997-01-01T00:00:00Z""]",[]
1278338,Q1278338,Clic Air,イージーフライ,"[""VE""]","[""EFY""]","[""Q739""]","[""2006-01-01T00:00:00Z""]",[]
1280621,Q1280621,Shuttle America,シャトル・アメリカ,"[""S5""]","[""TCF""]","[""Q30""]","[""1998-01-01T00:00:00Z""]","[""2017-01-31T00:00:00Z""]"
1290606,Q1290606,S.A. de Transport Aérien,,[],[],"[""Q39""]","[""1966-01-01T00:00:00Z""]","[""1978-01-01T00:00:00Z""]"
1292816,Q1292816,Fast Air,,[],[],"[""Q298""]",[],[]
1295346,Q1295346,Rotorflug,,[],[],"[""Q183""]","[""1972-01-01T00:00:00Z""]",[]
1296403,Q1296403,Efly,,"[""LE""]","[""LEF""]","[""Q233""]","[""2009-01-01T00:00:00Z""]","[""2009-01-01T00:00:00Z""]"
1299756,Q1299756,Samara Airlines,,"[""E5""]","[""BRZ""]","[""Q159""]","[""1996-01-01T00:00:00Z""]","[""2008-01-01T00:00:00Z""]"
1306379,Q1306379,Q1306379,,[],"[""RWL""]","[""Q183""]","[""1972-01-01T00:00:00Z""]",[]
1309675,Q1309675,Saarland Airlines,,[],[],"[""Q183""]","[""1992-01-01T00:00:00Z""]","[""1993-01-01T00:00:00Z""]"
1314074,Q1314074,Germanair,ジャーマンエア,[],"[""DV""]","[""Q183""]","[""1968-09-01T00:00:00Z""]","[""1977-03-01T00:00:00Z""]"
1316985,Q1316985,Jade Cargo International,翡翠国際貨運航空,"[""JI""]","[""JAE""]","[""Q148""]","[""2004-01-01T00:00:00Z""]","[""2011-01-01T00:00:00Z""]"
1317186,Q1317186,JAL Express,JALエクスプレス,"[""JC""]","[""JEX""]","[""Q17""]","[""1997-04-01T00:00:00Z""]","[""2014-09-30T00:00:00Z""]"
1317487,Q1317487,Emirates SkyCargo,エミレーツ・スカイカーゴ,"[""EK""]","[""UAE""]","[""Q878""]","[""1985-01-01T00:00:00Z""]",[]
1318207,Q1318207,Fuji Dream Airlines,フジドリームエアラインズ,"[""JH""]","[""FDA""]","[""Q17""]","[""2008-01-01T00:00:00Z""]",[]
1318737,Q1318737,UPS Airlines,UPS航空,"[""5X""]","[""UPS""]","[""Q30""]","[""1988-01-01T00:00:00Z""]",[]
1319019,Q1319019,Virgin Samoa,ヴァージン・サモア,"[""VA""]","[""VOZ""]","[""Q683""]","[""2005-01-01T00:00:00Z""]","[""2017-01-01T00:00:00Z""]"
1319103,Q1319103,Challenge Airlines IL,CALカーゴ・エアラインズ,"[""5C""]","[""ICL""]","[""Q801""]","[""1976-01-01T00:00:00Z""]",[]
1319113,Q1319113,TonleSap Airlines,トンレサップ航空,"[""K9""]","[""TSP""]","[""Q424""]","[""2010-01-01T00:00:00Z""]","[""2013-01-01T00:00:00Z""]"
1319117,Q1319117,Philippines AirAsia,エアアジア・フィリピン,"[""Z2""]","[""APG""]","[""Q928""]","[""2010-01-01T00:00:00Z""]",[]
1319130,Q1319130,EgyptAir Cargo,エジプト航空カーゴ,"[""MS""]","[""MSX""]","[""Q79""]","[""2002-01-01T00:00:00Z""]",[]
1319224,Q1319224,JALways,JALウェイズ,"[""JO""]","[""JAZ""]","[""Q17""]","[""1990-01-01T00:00:00Z""]","[""2010-12-01T00:00:00Z""]"
1319318,Q1319318,Tiger Airways Australia,タイガー・エアウェイズ・オーストラリア,"[""TT""]","[""TGG""]","[""Q408""]","[""2007-01-01T00:00:00Z""]","[""2020-01-01T00:00:00Z""]"
1319404,Q1319404,Scoot,スクート,"[""TR"",""TZ""]","[""SCO"",""TGW""]","[""Q334""]","[""2011-01-01T00:00:00Z""]",[]
1319601,Q1319601,Allegiant Air,アレジアント・エア,"[""G4""]","[""AAY""]","[""Q30""]","[""1997-01-01T00:00:00Z""]",[]
1319864,Q1319864,Fiji Link,フィジー・リンク,"[""FJ""]","[""FJA""]","[""Q712""]","[""1980-01-01T00:00:00Z""]",[]
1319923,Q1319923,LATAM Cargo Chile,ラン・カーゴ,"[""UC""]","[""LCO""]","[""Q298""]","[""1929-01-01T00:00:00Z""]",[]
1319996,Q1319996,Alexandria Airlines,アレクサンドリア航空,"[""XH""]","[""KHH""]","[""Q79""]","[""2006-01-01T00:00:00Z""]",[]
1320589,Q1320589,Pan American-Grace Airways,,[],"[""PGI""]","[""Q30""]","[""1929-01-01T00:00:00Z""]","[""1967-01-01T00:00:00Z""]"
1320817,Q1320817,Felix Airways,フェリック航空,"[""FO""]","[""FXX""]","[""Q805""]","[""2008-01-01T00:00:00Z""]",[]
1320877,Q1320877,Línea Aérea Amaszonas,アマソナス航空,"[""Z8""]","[""AZN""]","[""Q750""]","[""1998-01-01T00:00:00Z""]",[]
1321143,Q1321143,Avianca Peru,TACAペルー航空,"[""T0""]","[""TPU""]","[""Q419""]","[""1999-08-30T00:00:00Z"",""2013-01-01T00:00:00Z""]",[]
1321326,Q1321326,Q1321326,ターバーン航空,"[""HH""]","[""TBN""]","[""Q794""]","[""2005-01-01T00:00:00Z""]",[]
1321722,Q1321722,German Cargo,,"[""FX""]","[""GEC""]","[""Q183""]","[""1977-01-01T00:00:00Z""]","[""1993-01-01T00:00:00Z""]"
1322975,Q1322975,Elbe Air,,[],"[""LBR""]","[""Q183""]","[""1995-01-01T00:00:00Z""]","[""2008-01-01T00:00:00Z""]"
1326062,Q1326062,VIM Airlines,VIM航空,"[""NN""]","[""MOV""]","[""Q159""]","[""2000-01-01T00:00:00Z""]","[""2017-01-01T00:00:00Z""]"
1327113,Q1327113,Smartwings Slovakia,トラベルサービス・スロバキア,"[""6D""]","[""TVQ""]","[""Q214""]","[""2014-01-01T00:00:00Z""]",[]
1327224,Q1327224,STP Airways,STP航空,"[""8F""]","[""STP""]","[""Q1039""]","[""2008-01-01T00:00:00Z""]",[]
1328746,Q1328746,Sol del Paraguay,,"[""PI""]","[""SGU""]","[""Q733""]","[""2010-01-01T00:00:00Z""]",[]
1330155,Q1330155,Air Bishkek,エア・ビシュケク,"[""KR""]","[""EAA""]","[""Q813""]","[""2006-01-01T00:00:00Z""]","[""2016-01-01T00:00:00Z""]"
1331578,Q1331578,Solar Air,,[],"[""SRB""]","[""Q869""]","[""2004-01-01T00:00:00Z""]","[""2010-01-01T00:00:00Z""]"
1332203,Q1332203,Kan Air,カン・エア,"[""K8""]","[""KND""]","[""Q869""]","[""2010-01-01T00:00:00Z""]",[]
1332515,Q1332515,Vnukovo Airlines,ヴヌーコヴォ航空,"[""V5""]","[""VKO""]","[""Q159""]","[""1993-01-01T00:00:00Z""]","[""2001-01-01T00:00:00Z""]"
1332947,Q1332947,SAT Airlines,サハリン航空,"[""HZ""]","[""SHU""]","[""Q159""]","[""1992-01-01T00:00:00Z""]","[""2013-01-01T00:00:00Z""]"
1334889,Q1334889,Braathens,ブラーテンズSAFE,"[""BU""]","[""BRA""]","[""Q20""]","[""1946-03-26T00:00:00Z""]","[""2004-05-01T00:00:00Z""]"
1336342,Q1336342,Kish Air,キーシュ航空,"[""Y9""]","[""KIS""]","[""Q794""]","[""1989-01-01T00:00:00Z""]",[]
1336559,Q1336559,Q1336559,イランエアツアーズ,"[""B9""]","[""IRB""]","[""Q794""]","[""1973-01-01T00:00:00Z""]",[]
1340376,Q1340376,Valuair,,"[""VF""]","[""VLU""]","[""Q334""]","[""2004-05-05T00:00:00Z""]","[""2005-07-24T00:00:00Z""]"
1340408,Q1340408,Spring Airlines,春秋航空,"[""9C""]","[""CQH""]","[""Q148""]","[""2004-01-01T00:00:00Z""]",[]
1340416,Q1340416,Phuket Air,プーケット航空,"[""9R""]","[""VAP""]","[""Q869""]","[""2001-12-19T00:00:00Z""]","[""2012-01-01T00:00:00Z""]"
1340479,Q1340479,Air Sinai,エアシナイ,"[""4D""]","[""ASD""]","[""Q79""]","[""1982-01-01T00:00:00Z""]",[]
1340730,Q1340730,Ibex Airlines,アイベックスエアラインズ,"[""FW""]","[""IBX""]","[""Q17""]","[""1999-01-01T00:00:00Z""]",[]
1342216,Q1342216,SAETA,,"[""EH""]","[""SET""]","[""Q736""]","[""1960-01-01T00:00:00Z""]","[""2000-01-01T00:00:00Z""]"
1344355,Q1344355,StarFlyer,スターフライヤー,"[""7G""]","[""SFJ""]","[""Q17""]","[""2002-01-01T00:00:00Z""]",[]
1344593,Q1344593,Enter Air,エンター・エア,"[""E4""]","[""ENT""]","[""Q36""]","[""2010-01-01T00:00:00Z""]",[]
1346236,Q1346236,I-Fly,I-フライ,"[""H5""]","[""RSY""]","[""Q159""]","[""2009-01-01T00:00:00Z""]",[]
1347762,Q1347762,QantasLink,カンタスリンク,"[""QF""]",[],"[""Q408""]","[""2002-01-01T00:00:00Z""]",[]
1347795,Q1347795,Q1347795,エクアトリアル・コンゴ・エアラインズ,"[""LC""]","[""EQR""]","[""Q971""]","[""2011-01-01T00:00:00Z""]",[]
1348402,Q1348402,Red Wings Airlines,レッドウィングス航空,"[""WZ""]","[""RWZ""]","[""Q159""]","[""1999-01-01T00:00:00Z""]",[]
1350144,Q1350144,Go First,GoAir,"[""G8""]","[""GOW""]","[""Q668""]","[""2005-11-04T00:00:00Z""]",[]
1355503,Q1355503,Palestinian Airlines,パレスチナ航空,"[""PF""]","[""PNW""]","[""Q79""]","[""1995-01-01T00:00:00Z""]","[""2020-01-01T00:00:00Z""]"
1357061,Q1357061,Al-Naser Airlines,アル・ナセル航空,"[""6N""]","[""MHK""]","[""Q796""]","[""2009-01-01T00:00:00Z""]",[]
1364772,Q1364772,Yakutia Airlines,ヤクーツク航空,"[""R3""]","[""SYL""]","[""Q159""]","[""1992-01-01T00:00:00Z""]",[]
1364998,Q1364998,Nippon Cargo Airlines,日本貨物航空,"[""KZ""]","[""NCA""]","[""Q17""]","[""1978-09-21T00:00:00Z""]",[]
1365358,Q1365358,HK Express,香港エクスプレス航空,"[""UO""]","[""HKE""]","[""Q148""]","[""2004-01-01T00:00:00Z""]",[]
1366527,Q1366527,Great Wall Airlines,長城航空,"[""IJ""]","[""GWL""]","[""Q148""]","[""2006-01-01T00:00:00Z""]","[""2011-01-01T00:00:00Z""]"
1366724,Q1366724,ABX Air,ABXエア,"[""GB""]","[""ABX""]","[""Q30""]","[""2003-08-15T00:00:00Z""]",[]
1367476,Q1367476,Solaseed Air,ソラシドエア,"[""6J""]","[""SNJ""]","[""Q17""]","[""1997-07-03T00:00:00Z""]",[]
1367831,Q1367831,South African Express,サウスアフリカンエクスプレス,"[""XZ""]","[""EXY""]","[""Q258""]","[""1994-04-24T00:00:00Z""]","[""2020-04-28T00:00:00Z""]"
1368249,Q1368249,Raya Airways,トランスマイル・エア・サービス,"[""TH""]","[""RMY""]","[""Q833""]","[""1993-01-01T00:00:00Z""]",[]
1368387,Q1368387,Singapore Airlines Cargo,シンガポール航空カーゴ,"[""SQ""]","[""SQC""]","[""Q334""]","[""2001-01-01T00:00:00Z""]","[""2018-01-01T00:00:00Z""]"
1368443,Q1368443,Kalitta Air,カリッタ・エア,"[""K4""]","[""CKS""]","[""Q30""]","[""1967-01-01T00:00:00Z""]",[]
1368516,Q1368516,Orenair,オレンエア,"[""R2""]","[""ORB""]","[""Q159""]","[""1992-01-01T00:00:00Z""]","[""2016-01-01T00:00:00Z""]"
1368765,Q1368765,MASkargo,マレーシア航空カーゴ,"[""MH""]","[""MAS""]","[""Q833""]","[""1972-01-01T00:00:00Z""]",[]
1369300,Q1369300,Q1369300,サーハー航空,[],"[""IRZ""]","[""Q794""]","[""1990-01-01T00:00:00Z""]",[]
1369534,Q1369534,Australian Airlines,オーストラリア航空,"[""AO""]","[""AUZ""]","[""Q408""]","[""2001-01-01T00:00:00Z""]","[""2006-06-30T00:00:00Z""]"
1369827,Q1369827,Hawkair,,"[""BH""]","[""BHA""]","[""Q16""]","[""1994-01-01T00:00:00Z""]","[""2016-01-01T00:00:00Z""]"
1370452,Q1370452,Maya Island Air,マヤ・アイランド・エアー,"[""2M""]","[""MYD""]","[""Q242""]","[""1962-01-01T00:00:00Z""]",[]
1370655,Q1370655,Vietnam Air Services Company,ベトナムエアサービス,"[""0V""]","[""VFC""]","[""Q881""]","[""1987-01-01T00:00:00Z""]",[]
1370696,Q1370696,Delta Connection,デルタ・コネクション,[],[],"[""Q30""]","[""1984-01-01T00:00:00Z""]",[]
1371222,Q1371222,TRIP Linhas Aéreas,TRIP航空,"[""T4""]","[""TIB""]","[""Q155""]","[""1998-01-01T00:00:00Z""]","[""2014-01-01T00:00:00Z""]"
1371227,Q1371227,VASP,VASP航空,"[""VP""]","[""VSP""]","[""Q155""]","[""1933-01-01T00:00:00Z""]","[""2008-09-04T00:00:00Z""]"
1371291,Q1371291,Wilderness Air,,[],"[""WLD""]","[""Q963""]","[""1991-01-01T00:00:00Z""]",[]
1371800,Q1371800,Isles of Scilly Skybus,シリー諸島スカイバス,"[""5Y""]","[""IOS""]","[""Q145""]","[""1984-01-01T00:00:00Z""]",[]
1372406,Q1372406,Union de Transports Aériens,UTA,"[""UT""]","[""UTA""]","[""Q142""]","[""1963-01-01T00:00:00Z""]","[""1992-12-18T00:00:00Z""]"
1373561,Q1373561,Shaheen Air,シャーヒーン航空,"[""NL""]","[""SAI""]","[""Q843""]","[""1993-01-01T00:00:00Z""]",[]
1374313,Q1374313,Oasis Hong Kong Airlines,オアシス香港航空,"[""O8""]","[""OHK""]","[""Q148""]","[""2005-01-01T00:00:00Z""]","[""2008-04-01T00:00:00Z""]"
1374503,Q1374503,EuroAir,,"[""6M""]","[""EUP""]","[""Q41""]","[""1995-01-01T00:00:00Z""]","[""2009-01-01T00:00:00Z""]"
1376268,Q1376268,ASL Airlines France,ヨーロッパ・エアポスト,"[""5O""]","[""FPO""]","[""Q142""]","[""2015-06-04T00:00:00Z""]",[]
1376333,Q1376333,Alliance Air,エア・インディア・リージョナル,"[""9I""]","[""LLR""]","[""Q668""]","[""1996-01-01T00:00:00Z""]",[]
1376375,Q1376375,European Aviation Air Charter,ヨーロピアン,"[""E7""]","[""EAF""]","[""Q145""]","[""1993-01-01T00:00:00Z""]","[""2008-12-01T00:00:00Z""]"
1376634,Q1376634,Peach,Peach Aviation,"[""MM""]","[""APJ""]","[""Q17""]","[""2011-01-01T00:00:00Z""]",[]
1376644,Q1376644,AirAsia Japan,エアアジア・ジャパン,"[""DJ""]","[""WAJ""]","[""Q17""]","[""2014-01-01T00:00:00Z""]","[""2020-10-05T00:00:00Z""]"
1376765,Q1376765,PMTair,PMT航空,"[""U4""]","[""PMT""]","[""Q424""]","[""2003-01-01T00:00:00Z""]","[""2008-01-01T00:00:00Z""]"
1382197,Q1382197,Everts Air,,"[""5V""]","[""VTS""]","[""Q30""]","[""1977-01-01T00:00:00Z""]",[]
1383426,Q1383426,Excalibur Airways,,[],[],"[""Q145""]","[""1992-01-01T00:00:00Z""]","[""1996-01-01T00:00:00Z""]"
1383444,Q1383444,Excellent Air,,[],"[""GZA""]","[""Q183""]","[""2000-01-01T00:00:00Z""]","[""2007-01-01T00:00:00Z""]"
1386058,Q1386058,Eznis Airways,エズニス航空,"[""EF""]","[""EZA""]","[""Q711""]","[""2006-01-01T00:00:00Z""]",[]
1386471,Q1386471,FAI rent-a-jet,,"[""F3""]","[""IFA""]","[""Q183""]","[""1987-01-01T00:00:00Z""]",[]
1388103,Q1388103,Kunming Airlines,昆明航空,"[""KY""]","[""KNA""]","[""Q148""]","[""2005-01-01T00:00:00Z""]",[]
1389160,Q1389160,FLM Aviation,,[],[],"[""Q183""]","[""1976-01-01T00:00:00Z""]","[""2013-01-01T00:00:00Z""]"
1389762,Q1389762,FTI Fluggesellschaft,,[],[],"[""Q183""]","[""1998-01-01T00:00:00Z""]","[""2001-01-01T00:00:00Z""]"
1393284,Q1393284,Fairjets,,[],"[""FJE""]","[""Q183""]","[""1999-01-01T00:00:00Z""]","[""2011-01-01T00:00:00Z""]"
1400004,Q1400004,Federal Air,フェデラル・エア,"[""7V""]","[""FDR""]","[""Q258""]","[""1989-01-01T00:00:00Z""]",[]
1403082,Q1403082,PRiMA Aero Trasporti Italiani,,"[""E3""]","[""EGS""]","[""Q38""]","[""2010-01-01T00:00:00Z""]","[""2011-01-01T00:00:00Z""]"
1404228,Q1404228,Q1404228,,"[""AP""]","[""ADH""]","[""Q38""]","[""1983-11-30T00:00:00Z""]","[""http://www.wikidata.org/.well-known/genid/3e84ce1271ab6ba60e303bc3838be962""]"
1406781,Q1406781,GlobeAir,,"[""W2""]","[""GAC""]","[""Q40""]","[""2007-01-01T00:00:00Z""]",[]
1408083,Q1408083,Nefteyugansk United Airline Transportation Company,,[],"[""NFT""]","[""Q159""]","[""1975-01-01T00:00:00Z""]",[]
1409875,Q1409875,RUTACA Airlines,ルタカ航空,"[""5R""]","[""RUC""]","[""Q717""]","[""1974-01-01T00:00:00Z""]",[]
1410270,Q1410270,Q1410270,SOL航空,"[""8R""]","[""OLS""]","[""Q414""]","[""2005-01-01T00:00:00Z""]","[""2016-01-01T00:00:00Z""]"
1410859,Q1410859,Seaboard World Airlines,シーボード・ワールド航空,"[""SB""]","[""SEW""]","[""Q30""]","[""1946-01-01T00:00:00Z""]","[""1980-10-01T00:00:00Z""]"
1414693,Q1414693,Meelad Air,,[],"[""MRL""]","[""Q810""]","[""2006-01-01T00:00:00Z""]","[""2008-01-01T00:00:00Z""]"
1417708,Q1417708,Finncomm Airlines,フィンコム航空,"[""FC""]","[""FCM""]","[""Q33""]","[""1993-01-01T00:00:00Z""]","[""2011-01-01T00:00:00Z""]"
1418913,Q1418913,Firefly,ファイアフライ航空,"[""FY""]","[""FFM""]","[""Q833""]","[""2007-01-01T00:00:00Z""]",[]
1419271,Q1419271,First Air,ファーストエアー,"[""7F""]","[""FAB""]","[""Q16""]","[""1946-01-01T00:00:00Z""]","[""2021-05-01T00:00:00Z""]"
1419751,Q1419751,PTL Luftfahrt GmbH,,[],"[""KST""]","[""Q183""]","[""1995-01-01T00:00:00Z""]",[]
1423036,Q1423036,Queen Charlotte Airlines,,[],[],"[""Q16""]","[""1943-01-01T00:00:00Z""]","[""1955-01-01T00:00:00Z""]"
1423590,Q1423590,Maldivian Air Taxi,モルディビアン・エアタクシー,"[""MV""]","[""MAT""]","[""Q826""]","[""1993-01-01T00:00:00Z""]","[""2013-01-01T00:00:00Z""]"
1424207,Q1424207,Q1424207,,"[""A4""]","[""SWD""]","[""Q414""]","[""1996-01-01T00:00:00Z""]","[""2005-01-01T00:00:00Z""]"
1424795,Q1424795,Karat,,"[""V2""]","[""AKT""]","[""Q159""]","[""1993-01-01T00:00:00Z""]","[""2007-01-01T00:00:00Z""]"
1426349,Q1426349,Nordic Airways,,"[""6N""]","[""NRD""]","[""Q34""]","[""2005-01-01T00:00:00Z""]","[""2009-01-24T00:00:00Z""]"
1426357,Q1426357,Simplifly Deccan,,"[""DN""]","[""DKN""]","[""Q668""]","[""2003-08-25T00:00:00Z""]","[""2008-08-29T00:00:00Z""]"
1427224,Q1427224,Flash Airlines,フラッシュ航空,"[""7K""]","[""FSH""]","[""Q79""]","[""1995-01-01T00:00:00Z""]","[""2004-01-01T00:00:00Z""]"
1427299,Q1427299,Sky Airline,スカイ航空,"[""H2""]","[""SKU""]","[""Q298""]","[""2002-01-01T00:00:00Z""]",[]
1427310,Q1427310,Pacific Coastal Airlines,パシフィック・コースタル航空,"[""8P""]","[""PCO""]","[""Q16""]","[""1979-01-01T00:00:00Z""]",[]
1428783,Q1428783,Gambia International Airlines,,"[""GC""]","[""GNR""]","[""Q1005""]","[""1996-01-01T00:00:00Z""]","[""2004-01-01T00:00:00Z""]"
1428985,Q1428985,Flitestar,,"[""GM""]",[],"[""Q258""]","[""1991-01-01T00:00:00Z""]","[""1994-04-11T00:00:00Z""]"
1430669,Q1430669,Flugdienst Fehlhaber,,[],[],"[""Q183""]","[""1970-01-01T00:00:00Z""]","[""2006-01-01T00:00:00Z""]"
1433218,Q1433218,National Air Service,,[],[],"[""Q851""]",[],[]
1434483,Q1434483,Fly 6ix,,[],[],"[""Q1044""]","[""2010-01-01T00:00:00Z""]",[]
1434496,Q1434496,Fly540,フライ540,"[""5H""]","[""FFV""]","[""Q114""]","[""2006-01-01T00:00:00Z""]",[]
1434499,Q1434499,Q1434499,,[],"[""BFX""]","[""Q183""]","[""2004-01-01T00:00:00Z""]","[""2019-01-01T00:00:00Z""]"
1434501,Q1434501,FlyMe,,"[""SH""]","[""FLY""]","[""Q34""]","[""2003-01-01T00:00:00Z""]","[""2007-03-02T00:00:00Z""]"
1434510,Q1434510,Fly Tyrol,,[],"[""FTY""]","[""Q40""]","[""2001-01-01T00:00:00Z""]",[]
1434515,Q1434515,Fly Air,,"[""F2""]","[""FLM""]","[""Q43""]","[""2002-01-01T00:00:00Z""]","[""2007-01-01T00:00:00Z""]"
1434560,Q1434560,Nordic Regional Airlines,フライビー・ノルディック航空,"[""N7""]","[""FCM""]","[""Q33""]","[""2011-01-01T00:00:00Z""]",[]
1434577,Q1434577,Flyglobespan,,"[""Y2""]","[""GSM""]","[""Q145""]","[""2002-01-01T00:00:00Z""]","[""2009-12-16T00:00:00Z""]"
1434583,Q1434583,Med Airways,メッド・エアウェイズ,"[""7Y""]","[""MED""]","[""Q822""]","[""2000-01-01T00:00:00Z""]",[]
1436155,Q1436155,Tianjin Airlines,天津航空,"[""GS""]","[""GCR""]","[""Q148""]","[""2004-01-01T00:00:00Z""]",[]
1437488,Q1437488,United Nations Humanitarian Air Service,国連人道支援航空サービス,[],[],[],"[""2003-01-01T00:00:00Z""]",[]
1438076,Q1438076,Braathens Regional Aviation,マルメ・アビエーション,"[""TF""]","[""SCW""]","[""Q34""]","[""1981-01-01T00:00:00Z""]","[""2020-01-01T00:00:00Z""]"
1440143,Q1440143,Fox Air,,[],[],"[""Q183""]","[""2002-01-01T00:00:00Z""]","[""2006-01-01T00:00:00Z""]"
1445394,Q1445394,JeTran Air,,[],"[""MDJ""]","[""Q218""]","[""2005-01-01T00:00:00Z""]","[""2008-01-01T00:00:00Z""]"
1453488,Q1453488,Freebird Airlines,フリーバード航空,"[""FH""]","[""FHY""]","[""Q43""]","[""2001-01-01T00:00:00Z""]",[]
1453518,Q1453518,Freedom Airlines,,"[""F8""]","[""FRL""]","[""Q30""]","[""2002-01-01T00:00:00Z""]","[""2010-01-01T00:00:00Z""]"
1458703,Q1458703,Jazz Aviation,ジャズ航空,"[""QK""]","[""JZA""]","[""Q16""]","[""2001-01-01T00:00:00Z""]",[]
1459664,Q1459664,Paramount Airways Limited,,"[""QJ""]","[""PAT""]","[""Q145""]","[""1986-01-01T00:00:00Z""]","[""1989-11-01T00:00:00Z""]"
1466633,Q1466633,Tarhan Tower Airlines,,[],"[""TTH""]","[""Q43""]","[""2006-01-01T00:00:00Z"",""2007-01-01T00:00:00Z""]","[""2007-12-01T00:00:00Z""]"
1467477,Q1467477,Orbest Orizonia Airlines,イベルワールド,"[""TY""]","[""IWD""]","[""Q29""]","[""1998-01-01T00:00:00Z""]","[""2013-05-05T00:00:00Z""]"
1468348,Q1468348,Safi Airways,サフィー航空,"[""4Q""]","[""SFW""]","[""Q889""]","[""2006-01-01T00:00:00Z""]","[""2017-08-01T00:00:00Z""]"
1471572,Q1471572,Prinair,プリンエア,"[""PQ""]",[],"[""Q1183""]","[""1966-01-01T00:00:00Z""]","[""1985-01-01T00:00:00Z""]"
1477148,Q1477148,VIASA,ビアサ,"[""VA""]","[""VIA""]","[""Q717""]","[""1960-01-01T00:00:00Z""]","[""1997-01-01T00:00:00Z""]"
1478590,Q1478590,RAK Airways,RAKエアウェイズ,"[""RT""]","[""RKM""]","[""Q878""]","[""2007-01-01T00:00:00Z""]","[""2013-01-01T00:00:00Z""]"
1479225,Q1479225,Onur Air,オヌル航空,"[""8Q""]","[""OHY""]","[""Q43""]","[""1992-01-01T00:00:00Z""]","[""2021-06-01T00:00:00Z""]"
1480118,Q1480118,Yeti Airlines,イエティ航空,"[""YT""]","[""NYT""]","[""Q837""]","[""1998-01-01T00:00:00Z""]",[]
1481299,Q1481299,Saratov Airlines,サラトフ航空,"[""6W""]","[""SOV""]","[""Q159""]","[""1995-01-01T00:00:00Z""]","[""2018-05-30T00:00:00Z""]"
1484885,Q1484885,GB Airways,GBエアウェイズ,"[""GT""]","[""GBL""]","[""Q145""]","[""1931-01-01T00:00:00Z""]","[""2008-01-01T00:00:00Z""]"
1485399,Q1485399,GFD GmbH,,[],"[""GFD""]","[""Q183""]",[],[]
1485461,Q1485461,Pacific Southwest Airlines,パシフィック・サウスウエスト航空,"[""PS""]","[""PSA""]","[""Q30""]","[""1949-01-01T00:00:00Z""]","[""1988-04-08T00:00:00Z""]"
1487385,Q1487385,Swaziland Airlink,スワジランド・エアリンク,"[""4Z""]","[""SZL""]","[""Q1050""]","[""1999-01-01T00:00:00Z""]","[""2022-06-01T00:00:00Z""]"
1488702,Q1488702,Gabon Airlines,ガボン航空,"[""GY""]","[""GBK""]","[""Q1000""]","[""2007-01-01T00:00:00Z""]","[""2011-01-01T00:00:00Z""]"
1488710,Q1488710,Gabon Express,,[],"[""GBE""]","[""Q1000""]","[""1998-01-01T00:00:00Z""]","[""2004-06-15T00:00:00Z""]"
1489383,Q1489383,Gum Air,,[],"[""GUM""]","[""Q730""]",[],[]
1492936,Q1492936,New Millenium Air,,[],[],"[""Q1005""]",[],[]
1495905,Q1495905,Sita Air,シーター・エア,"[""ST""]",[],"[""Q837""]","[""2003-01-01T00:00:00Z""]",[]
1501523,Q1501523,General Air,,[],"[""GQ""]","[""Q183""]","[""1962-01-01T00:00:00Z""]","[""1976-01-01T00:00:00Z""]"
1502550,Q1502550,Sayakhat Airlines,,"[""W7""]","[""SAH""]","[""Q232""]","[""1989-01-01T00:00:00Z""]","[""2012-01-01T00:00:00Z""]"
1504132,Q1504132,NetJets,ネット・ジェッツ,"[""1I""]","[""EJA""]","[""Q30""]","[""1964-01-01T00:00:00Z""]",[]
1507414,Q1507414,TAF Linhas Aéreas,,"[""R9""]","[""TSD""]","[""Q155""]","[""1971-01-01T00:00:00Z""]","[""2009-01-01T00:00:00Z""]"
1509340,Q1509340,Georgian International Airlines,,"[""4L""]","[""GNN""]","[""Q230""]","[""2004-01-01T00:00:00Z""]","[""2014-01-01T00:00:00Z""]"
1511014,Q1511014,SVG Air,SVGエア,[],"[""SVG""]","[""Q757""]","[""1990-01-01T00:00:00Z""]",[]
1514315,Q1514315,Pel-Air,ペルエア,"[""PA""]","[""PFY""]","[""Q408""]","[""1984-01-01T00:00:00Z""]",[]
1517108,Q1517108,Jubba Airways,ジュッバ航空,"[""6J""]","[""JUB""]","[""Q1045""]","[""1998-05-01T00:00:00Z""]",[]
1517245,Q1517245,Silverjet,シルバージェット,"[""Y7""]","[""SLR""]","[""Q145""]","[""2006-01-01T00:00:00Z""]","[""2008-01-01T00:00:00Z""]"
1521343,Q1521343,Ghana Airways,ガーナ航空,"[""GH""]",[],"[""Q117""]","[""1958-01-01T00:00:00Z""]","[""2015-12-01T00:00:00Z""]"
1526739,Q1526739,Kaya Airlines,,"[""IK""]","[""KYY""]","[""Q1029""]","[""1991-01-01T00:00:00Z""]",[]
1527139,Q1527139,Trade Air,,"[""C3""]","[""TDR""]","[""Q224""]","[""1994-01-01T00:00:00Z""]",[]
1530024,Q1530024,Maximus Air Cargo,マキシマム・エア・カーゴ,[],"[""MXU""]","[""Q878""]","[""2005-01-01T00:00:00Z""]",[]
1530156,Q1530156,Air Ceylon,エア・セイロン,"[""AE""]",[],"[""Q854""]","[""1947-01-01T00:00:00Z""]","[""1979-01-01T00:00:00Z""]"
1530726,Q1530726,TAME,TAME航空,"[""EQ""]","[""TAE""]","[""Q736""]","[""1962-12-17T00:00:00Z""]","[""2020-05-19T00:00:00Z""]"
1531227,Q1531227,Kavminvodyavia,UTエーイル航空,"[""KV""]","[""MVD""]","[""Q159""]","[""1995-01-01T00:00:00Z""]","[""2011-10-01T00:00:00Z""]"
1531524,Q1531524,Venezolana,ベネゾラナ,"[""VN""]","[""VNE""]","[""Q717""]","[""2001-01-01T00:00:00Z""]",[]
1531740,Q1531740,Globe Air,,[],"[""GG""]","[""Q39""]","[""1958-01-01T00:00:00Z""]","[""1967-01-01T00:00:00Z""]"
1533365,Q1533365,GoJet Airlines LLC,ゴー・ジェット航空,"[""G7""]","[""GJS""]","[""Q30""]","[""2004-01-01T00:00:00Z""]",[]
1534827,Q1534827,Braathens Regional,ゴールデン・エア,"[""DC""]","[""BRX""]","[""Q34""]","[""2013-01-01T00:00:00Z""]",[]
1535675,Q1535675,Mesaba Airlines,メサバ航空,"[""XJ""]","[""MES""]","[""Q30""]","[""1944-01-01T00:00:00Z""]","[""2012-01-04T00:00:00Z""]"
1535950,Q1535950,Q1535950,LCペルー,"[""W4""]","[""LCB""]","[""Q419""]","[""1993-01-01T00:00:00Z""]","[""2018-12-12T00:00:00Z""]"
1536655,Q1536655,National Jet Express,コバム航空オーストラリア,"[""NC""]","[""JTE""]","[""Q408""]","[""1989-01-01T00:00:00Z""]",[]
1536988,Q1536988,PSA Airlines,PSA航空,"[""US""]","[""JIA""]","[""Q30""]","[""1980-01-01T00:00:00Z""]",[]
1537178,Q1537178,Hola Airlines,オラ航空,"[""H5""]","[""HOA""]","[""Q29""]","[""2002-01-01T00:00:00Z""]","[""2010-02-15T00:00:00Z""]"
1538344,Q1538344,Imperial Air Cargo,インペリアル・エア・カーゴ,[],[],"[""Q258""]","[""2006-01-01T00:00:00Z""]",[]
1539501,Q1539501,Q1539501,,"[""PU""]","[""PUA""]","[""Q77""]","[""1936-11-20T00:00:00Z""]","[""2012-07-05T00:00:00Z""]"
1542571,Q1542571,Grand China Air,大新華航空,"[""CN""]","[""GDC""]","[""Q148""]","[""2007-01-01T00:00:00Z""]",[]
1547155,Q1547155,Sky Airlines,スカイ・エアラインズ,"[""ZY""]","[""SHY""]","[""Q43""]","[""2000-01-01T00:00:00Z""]","[""2013-01-01T00:00:00Z""]"
1548138,Q1548138,West Air Luxembourg,,[],"[""WLX""]","[""Q32""]","[""2001-01-01T00:00:00Z""]",[]
1548556,Q1548556,Transavia Denmark,,"[""PH""]","[""TDK""]","[""Q35""]","[""2009-01-01T00:00:00Z""]","[""2011-01-01T00:00:00Z""]"
1548880,Q1548880,Nouvelle Air Affaires Gabon,,"[""SG""]","[""NVS""]","[""Q1000""]","[""1975-01-01T00:00:00Z""]",[]
1548886,Q1548886,Sénégal Airlines,セネガル航空,"[""DN""]","[""SGG""]","[""Q1041""]","[""2009-01-01T00:00:00Z""]","[""2016-04-12T00:00:00Z""]"
1549255,Q1549255,Q1549255,,"[""AZ""]","[""AZA""]","[""Q38""]","[""2009-01-01T00:00:00Z""]","[""2021-10-15T00:00:00Z""]"
1549336,Q1549336,Partnair,パータンエアー,"[""PD""]","[""PAR""]","[""Q20""]","[""1971-01-01T00:00:00Z""]","[""1989-10-11T00:00:00Z""]"
1551450,Q1551450,Krabi Airline,,[],"[""KIR""]","[""Q869""]","[""2007-01-01T00:00:00Z""]","[""http://www.wikidata.org/.well-known/genid/be256f7b8a07e7e8d5c71815d32cefeb""]"
1554282,Q1554282,Gulf Traveller,,"[""GF""]","[""GFA""]","[""Q398""]","[""2003-01-01T00:00:00Z""]","[""2007-01-01T00:00:00Z""]"
1554309,Q1554309,Silver Airways,シルバー・エアウェイズ,"[""3M""]","[""SIL""]","[""Q30""]","[""2011-01-01T00:00:00Z""]",[]
1556184,Q1556184,Viva Air,,"[""FV""]","[""VIV""]","[""Q29""]","[""1988-01-01T00:00:00Z""]","[""1999-01-01T00:00:00Z""]"
1559126,Q1559126,OFD,,[],[],"[""Q183""]","[""1958-01-01T00:00:00Z""]",[]
1567702,Q1567702,Royal Eswatini National Airways,,"[""ZC""]","[""RSN""]","[""Q1050""]","[""1978-08-01T00:00:00Z""]","[""1999-04-12T00:00:00Z""]"
1572717,Q1572717,Nesma Airlines,ネスマ航空,"[""NE""]","[""NMA""]","[""Q851""]","[""2010-01-01T00:00:00Z""]",[]
1572872,Q1572872,Hamburg Airlines,,"[""HX""]","[""HAS""]","[""Q183""]","[""1988-04-15T00:00:00Z""]","[""1997-12-21T00:00:00Z""]"
1574563,Q1574563,Star1 Airlines,スター1航空,"[""V9""]","[""HCW""]","[""Q37""]","[""2009-01-01T00:00:00Z""]","[""2010-10-01T00:00:00Z""]"
1575551,Q1575551,Moskovia Airlines,モスコビア・エア,"[""3R""]","[""GAI""]","[""Q159""]","[""1995-01-01T00:00:00Z""]","[""2014-01-01T00:00:00Z""]"
1583020,Q1583020,Western Airlines,ウェスタン航空,"[""WA""]","[""WAL""]","[""Q30""]","[""1925-07-01T00:00:00Z""]","[""1987-04-01T00:00:00Z""]"
1583728,Q1583728,Hanseflug,,[],"[""HFL""]","[""Q183""]","[""1992-01-01T00:00:00Z""]","[""2013-09-02T00:00:00Z""]"
1584804,Q1584804,Q1584804,スカイ・エクスプレス,"[""GQ""]","[""SEH""]","[""Q41""]","[""2005-01-01T00:00:00Z""]",[]
1585679,Q1585679,Air Liberté,エア・リベルテ,"[""IJ""]","[""LIB""]","[""Q142""]","[""1987-01-01T00:00:00Z""]","[""2003-01-01T00:00:00Z""]"
1586376,Q1586376,Q1586376,スマートリンクス航空,"[""6Y""]","[""ART""]","[""Q211""]","[""1992-03-31T00:00:00Z""]",[]
1587837,Q1587837,Chengdu Airlines,成都航空,"[""EU""]","[""UEA""]","[""Q148""]","[""2004-01-01T00:00:00Z""]",[]
1588104,Q1588104,Regional Air Express,,[],[],"[""Q183""]","[""2004-01-01T00:00:00Z""]","[""2010-01-01T00:00:00Z""]"
1590596,Q1590596,British Commonwealth Pacific Airlines,英連邦太平洋航空,[],[],"[""Q408""]","[""1946-01-01T00:00:00Z""]","[""1954-01-01T00:00:00Z""]"
1591013,Q1591013,Instone Air Line,インストーン・エアライン,[],[],"[""Q145""]","[""1920-01-01T00:00:00Z""]","[""1924-03-01T00:00:00Z""]"
1602439,Q1602439,Helgoland Airlines,,"[""LE""]","[""HGL""]","[""Q183""]","[""1993-01-01T00:00:00Z""]","[""2003-01-29T00:00:00Z""]"
1602451,Q1602451,Heli Austria,,[],[],"[""Q40""]",[],[]
1602691,Q1602691,Hellas Jet,ヘラス・ジェット,"[""HJ"",""T4""]","[""HEJ""]","[""Q41""]","[""2003-01-01T00:00:00Z""]","[""2010-01-01T00:00:00Z""]"
1602755,Q1602755,Hellenic Imperial Airways,ヘレニック・インペリアル・エアウェイズ,"[""HT""]","[""IMP""]","[""Q41""]","[""2006-01-01T00:00:00Z""]","[""2012-01-01T00:00:00Z""]"
1604936,Q1604936,Henan Airlines,鯤鵬航空,"[""VD""]","[""KPA""]","[""Q148""]","[""2006-01-01T00:00:00Z""]","[""2013-08-01T00:00:00Z""]"
1613226,Q1613226,Swiftair,スウィフトエア,"[""WT""]","[""SWT""]","[""Q29""]","[""1986-01-01T00:00:00Z""]",[]
1615956,Q1615956,Hooters Air,フーターズ・エア,[],[],"[""Q30""]","[""2003-01-01T00:00:00Z""]","[""2006-04-17T00:00:00Z""]"
1617202,Q1617202,Vibroair,,[],"[""VIB""]","[""Q183""]","[""1987-01-01T00:00:00Z""]","[""2013-01-01T00:00:00Z""]"
1617856,Q1617856,LAPE,スペイン郵便航空,[],[],"[""Q29""]","[""1932-01-01T00:00:00Z""]","[""1939-04-01T00:00:00Z""]"
1622119,Q1622119,Wuhan Airlines,武漢航空,"[""WU""]","[""CWU""]","[""Q148""]","[""1986-01-01T00:00:00Z"",""1987-01-01T00:00:00Z""]","[""2003-01-01T00:00:00Z""]"
1624701,Q1624701,Holidays Czech Airlines,ホリデイズ・チェコ航空,"[""HC""]","[""HCC""]","[""Q213""]","[""1995-01-01T00:00:00Z""]","[""2014-01-01T00:00:00Z""]"
1630684,Q1630684,Pamir Airways,,"[""NR"",""PM""]","[""PIR""]","[""Q889""]","[""1994-01-01T00:00:00Z""]","[""2011-01-01T00:00:00Z""]"
1631377,Q1631377,Private Jet Expeditions,,"[""5J""]","[""PJE""]","[""Q30""]","[""1989-01-01T00:00:00Z""]","[""1995-03-01T00:00:00Z""]"
1631839,Q1631839,Nok Mini,SGAエアラインズ,"[""5E""]","[""SGN""]","[""Q869""]","[""2002-01-01T00:00:00Z""]","[""2014-01-01T00:00:00Z""]"
1637428,Q1637428,Moscow Airlines,アトラント・ソユーズ航空,"[""3G"",""7B""]",[],"[""Q159""]","[""1993-06-08T00:00:00Z""]","[""2011-01-17T00:00:00Z""]"
1642115,Q1642115,Northeast Airlines,ノースイースト・エアラインズ,"[""NE""]","[""NEA""]","[""Q30""]","[""1931-01-01T00:00:00Z""]","[""1972-08-01T00:00:00Z""]"
1655820,Q1655820,Iberia Express,イベリア・エクスプレス,"[""I2""]","[""IBS""]","[""Q29""]","[""2011-10-06T00:00:00Z""]",[]
1656126,Q1656126,Icejet,アイスジェット,[],"[""ICJ""]","[""Q189""]","[""2005-01-01T00:00:00Z""]","[""2010-01-01T00:00:00Z""]"
1660297,Q1660297,Metrojet,コガリムアビア,"[""7K""]","[""KGL""]","[""Q159""]","[""1993-01-01T00:00:00Z""]","[""2015-01-01T00:00:00Z""]"
1662136,Q1662136,Olympic Aviation,オリンピック・アビエーション,"[""ML""]","[""OLY""]","[""Q41""]","[""1971-01-01T00:00:00Z""]","[""2003-01-01T00:00:00Z""]"
1663636,Q1663636,Transavia Flug,,[],[],"[""Q183""]","[""1955-01-01T00:00:00Z""]","[""1959-01-10T00:00:00Z""]"
1664413,Q1664413,Insel Air,インセルエア・アルバ,"[""7I""]","[""INC""]","[""Q25279""]","[""1993-01-01T00:00:00Z""]","[""2017-06-07T00:00:00Z""]"
1665820,Q1665820,Inter Airlines,,"[""6K""]","[""INX""]","[""Q43""]","[""1999-01-01T00:00:00Z""]","[""2008-11-18T00:00:00Z""]"
1669658,Q1669658,Republic Airways,リパブリック航空,"[""YX""]","[""RPA""]","[""Q30""]","[""1998-01-01T00:00:00Z""]",[]
1670058,Q1670058,Palau Micronesia Air,,[],[],[],"[""2002-01-01T00:00:00Z""]","[""2004-12-23T00:00:00Z""]"
1674191,Q1674191,Island Express Air,アイランドエクスプレス航空,[],"[""IAX""]","[""Q16""]","[""2009-01-01T00:00:00Z""]",[]
1674835,Q1674835,Istanbul Airlines,,[],[],"[""Q43""]","[""1985-01-01T00:00:00Z""]",[]
1675000,Q1675000,ItAli Airlines S.p.A.,イタリ航空,"[""9X"",""FS""]","[""ACL""]","[""Q38""]","[""2003-01-01T00:00:00Z""]","[""2011-03-11T00:00:00Z""]"
1675251,Q1675251,Itek Air,イテク・エア,"[""GI""]","[""IKA""]","[""Q813""]","[""1999-01-01T00:00:00Z""]","[""2010-01-01T00:00:00Z""]"
1677867,Q1677867,Skyline Airways,,"[""SK""]",[],"[""Q837""]","[""1999-01-01T00:00:00Z""]","[""2003-01-01T00:00:00Z""]"
1679855,Q1679855,Laker Airways,レイカー航空,"[""GK""]","[""LKR""]","[""Q145""]","[""1966-01-01T00:00:00Z""]","[""1982-02-05T00:00:00Z""]"
1688473,Q1688473,JetGreen Airways,,[],[],"[""Q27""]","[""2003-01-01T00:00:00Z""]","[""2004-01-01T00:00:00Z""]"
1688487,Q1688487,Jetair,,[],"[""JA""]","[""Q183""]","[""1982-01-26T00:00:00Z""]","[""1985-12-01T00:00:00Z""]"
1688501,Q1688501,Jetline,,[],[],"[""Q183""]","[""2005-01-01T00:00:00Z""]","[""2010-01-01T00:00:00Z""]"
1688507,Q1688507,Jetsgo,,"[""SG""]","[""JGO""]","[""Q16""]","[""2001-01-01T00:00:00Z""]","[""2005-01-01T00:00:00Z""]"
1691909,Q1691909,Maldivian,モルディビアン,"[""Q2""]","[""DQA""]","[""Q826""]","[""2000-01-01T00:00:00Z""]",[]
1699783,Q1699783,Sharp Airlines,シャープ・エアラインズ,"[""SH""]",[],"[""Q408""]","[""1990-01-01T00:00:00Z""]",[]
1704049,Q1704049,Mali Air,,[],"[""MAE""]","[""Q40""]",[],[]
1709999,Q1709999,Joy Air,幸福航空,"[""JR""]","[""JOY""]","[""Q148""]","[""2008-01-01T00:00:00Z""]",[]
1712321,Q1712321,Orca Airways,,"[""OR""]","[""ORK""]","[""Q16""]","[""2005-01-01T00:00:00Z""]",[]
1713277,Q1713277,Q1713277,吉祥航空,"[""HO""]","[""DKH""]","[""Q148""]","[""2005-01-01T00:00:00Z""]",[]
1715027,Q1715027,Silk Way Airline,シルクウェイ航空,"[""ZP""]","[""AZQ""]","[""Q227""]","[""2001-01-01T00:00:00Z""]",[]
1726112,Q1726112,SunExpress Deutschland,サン・エクスプレス・ジャーマニー,"[""XG""]","[""SXD""]","[""Q183""]","[""2011-06-08T00:00:00Z""]","[""2020-06-26T00:00:00Z""]"
1738781,Q1738781,Kenn Borek Air,ケーン・ボーレック航空,"[""4K""]","[""KBA""]","[""Q16""]","[""1970-01-01T00:00:00Z""]",[]
1744520,Q1744520,Republic Airlines,リパブリック航空,"[""RC""]","[""REP""]","[""Q30""]","[""1979-01-01T00:00:00Z""]","[""1986-01-01T00:00:00Z""]"
1749469,Q1749469,Société Générale des Transports Aériens,,[],[],"[""Q142""]","[""1919-02-08T00:00:00Z""]","[""1933-10-08T00:00:00Z""]"
1749478,Q1749478,KoralBlue Airlines,,"[""K7""]","[""KBR""]","[""Q79""]","[""2006-01-01T00:00:00Z""]","[""2011-01-01T00:00:00Z""]"
1749536,Q1749536,Compagnie Internationale de Navigation Aérienne,,[],[],"[""Q142""]","[""1920-01-01T00:00:00Z"",""1925-01-01T00:00:00Z""]","[""1933-01-01T00:00:00Z""]"
1750338,Q1750338,Air Alpes,,"[""LP""]","[""ALP""]","[""Q142""]","[""1961-01-01T00:00:00Z""]","[""1981-01-01T00:00:00Z""]"
1751278,Q1751278,Azur Air,アズール・エア,"[""ZF""]","[""KTK""]","[""Q159""]","[""1995-01-01T00:00:00Z""]",[]
1752216,Q1752216,Moldavian Airlines,モルダビア航空,"[""2M""]","[""MDV""]","[""Q217""]","[""1994-01-01T00:00:00Z""]","[""2014-01-01T00:00:00Z""]"
1752819,Q1752819,Genex,,[],"[""GNX""]","[""Q184""]","[""1997-01-01T00:00:00Z""]",[]
1753947,Q1753947,LTE International Airways,LTEインターナショナル航空,"[""XO""]","[""LTE""]","[""Q29""]","[""1987-01-01T00:00:00Z""]","[""2008-11-15T00:00:00Z""]"
1754131,Q1754131,Aerolíneas de Baleares,カンタムエア,"[""QO""]","[""QTM""]","[""Q29""]","[""1999-01-01T00:00:00Z""]","[""2010-01-26T00:00:00Z""]"
1754153,Q1754153,Maersk Air,マースク航空,"[""DM""]","[""DAN""]","[""Q35""]","[""1969-01-01T00:00:00Z""]","[""2005-01-01T00:00:00Z""]"
1756841,Q1756841,Riau Airlines,,"[""PK""]","[""RIU""]","[""Q252""]","[""2002-01-01T00:00:00Z""]","[""2011-01-01T00:00:00Z""]"
1758335,Q1758335,Tomsk Avia,トムスク航空,[],"[""TSK""]","[""Q159""]","[""1992-01-01T00:00:00Z""]","[""2015-01-01T00:00:00Z""]"
1758341,Q1758341,Kosova Airlines,,[],"[""KOS""]","[""Q1246""]","[""2003-01-01T00:00:00Z""]",[]
1758698,Q1758698,Panair do Brasil,パン・エアー,"[""PB""]","[""PAB""]","[""Q155""]","[""1929-10-22T00:00:00Z""]","[""1965-02-10T00:00:00Z""]"
1759517,Q1759517,Trawel Fly,,[],[],"[""Q38""]","[""2009-03-24T00:00:00Z""]","[""2014-01-01T00:00:00Z""]"
1760122,Q1760122,China Xinjiang Airlines,中国新疆航空,"[""XO""]","[""CXJ""]","[""Q148""]","[""1985-01-01T00:00:00Z""]","[""2003-01-01T00:00:00Z""]"
1764536,Q1764536,North-Wright Airways,,"[""HW""]","[""NWL""]","[""Q16""]","[""1986-01-01T00:00:00Z""]",[]
1768424,Q1768424,Shorouk Air,,"[""7Q""]","[""SHK""]","[""Q79""]","[""1992-01-01T00:00:00Z""]","[""2003-01-01T00:00:00Z""]"
1770367,Q1770367,SCADTA,コロンビア・ドイツ航空公社,[],[],"[""Q739""]","[""1919-01-01T00:00:00Z""]","[""1941-01-01T00:00:00Z""]"
1774356,Q1774356,Orion Airways,,[],[],"[""Q145""]","[""1956-01-26T00:00:00Z""]",[]
1777812,Q1777812,Scanair,スカンエア,"[""DK""]","[""VKG""]","[""Q20"",""Q34"",""Q35""]","[""1961-01-01T00:00:00Z""]","[""1994-01-01T00:00:00Z""]"
1777879,Q1777879,Copenhagen Air Taxi,コペンハーゲン・エアタクシー,[],"[""CAT""]","[""Q35""]","[""1961-01-01T00:00:00Z""]",[]
1779605,Q1779605,North Flying,,"[""M3""]","[""NFA""]","[""Q35""]","[""1963-01-01T00:00:00Z""]",[]
1780529,Q1780529,City Star Airlines,,"[""X9""]","[""ISL""]","[""Q145""]","[""2004-01-01T00:00:00Z""]","[""2008-01-01T00:00:00Z""]"
1782994,Q1782994,Q1782994,,"[""4H""]","[""LBW""]","[""Q222""]","[""2004-01-01T00:00:00Z""]","[""2006-01-01T00:00:00Z""]"
1783295,Q1783295,Lufttransport,ルフト・トランスポート,"[""L5""]","[""LTR""]","[""Q20""]","[""1955-01-01T00:00:00Z""]",[]
1783588,Q1783588,XL Airways France,XL航空,"[""SE""]","[""XLF""]","[""Q142""]","[""1995-01-01T00:00:00Z""]","[""2019-09-01T00:00:00Z""]"
1785216,Q1785216,Tatarstan Airlines,タタールスタン航空,"[""U9""]","[""TAK""]","[""Q159""]","[""1993-01-01T00:00:00Z""]","[""2014-01-01T00:00:00Z""]"
1785911,Q1785911,British Mediterranean Airways,ブリティッシュ・メディテレーニアン・エアウェイズ,"[""KJ""]","[""LAJ""]","[""Q145""]","[""1994-01-01T00:00:00Z""]","[""2007-01-01T00:00:00Z""]"
1786701,Q1786701,Kyrgyzstan Air Company,キルギス航空,"[""QH""]","[""LYN""]","[""Q813""]","[""2001-01-01T00:00:00Z""]","[""2019-01-01T00:00:00Z""]"
1789933,Q1789933,MDLR Airlines,,"[""9H""]","[""MDL""]","[""Q668""]","[""2007-01-01T00:00:00Z""]","[""2009-11-05T00:00:00Z""]"
1797498,Q1797498,Cyprus Turkish Airlines,キプロス・トルコ航空,"[""YK""]","[""KYV""]","[""Q23681""]","[""1974-01-01T00:00:00Z""]","[""2010-06-21T00:00:00Z""]"
1798128,Q1798128,Star Perú,スターペルー航空,"[""2I""]","[""SRU""]","[""Q419""]","[""1998-01-01T00:00:00Z""]",[]
1799599,Q1799599,Conair of Scandinavia,コンエアー・オブ・スカンジナビア,"[""KC""]","[""OYC""]","[""Q35""]","[""1963-01-01T00:00:00Z""]","[""1993-01-01T00:00:00Z""]"
1800549,Q1800549,LagunAir,,"[""N7""]","[""LGA""]","[""Q29""]","[""2003-01-01T00:00:00Z""]","[""2008-01-01T00:00:00Z""]"
1807298,Q1807298,Lauda Air,ラウダ航空,"[""NG""]","[""LDA""]","[""Q40""]","[""1979-01-01T00:00:00Z""]","[""2013-04-01T00:00:00Z""]"
1807464,Q1807464,Q1807464,,[],[],"[""Q159""]","[""1997-01-01T00:00:00Z""]","[""2009-01-01T00:00:00Z""]"
1809380,Q1809380,Skyways,,"[""JZ""]","[""SKX""]","[""Q34""]","[""1993-01-01T00:00:00Z""]","[""2012-01-01T00:00:00Z""]"
1810388,Q1810388,748 Air Services,,"[""FE""]","[""IHO""]","[""Q114""]","[""1994-01-01T00:00:00Z""]",[]
1810598,Q1810598,St Barth Commuter,セント・バーツコミューター,"[""PV""]","[""SBU""]","[""Q142""]","[""1995-01-01T00:00:00Z""]",[]
1810636,Q1810636,SATENA,SATENA航空,"[""9R""]","[""NSE""]","[""Q739""]","[""1962-01-01T00:00:00Z""]",[]
1810797,Q1810797,Livingston Energy Flight,,"[""LM""]","[""LVG""]","[""Q38""]","[""2003-01-01T00:00:00Z""]","[""2010-10-14T00:00:00Z""]"
1811285,Q1811285,PenAir,ペンエアー,"[""KS""]","[""PEN""]","[""Q30""]","[""1955-01-01T00:00:00Z""]",[]
1811322,Q1811322,Novair,ノブエア,"[""1I"",""N9""]","[""NVR""]","[""Q34""]","[""1997-01-01T00:00:00Z""]","[""2023-10-09T00:00:00Z""]"
1811473,Q1811473,Porter Airlines,ポーター航空,"[""PD""]","[""POE""]","[""Q16""]","[""2006-01-01T00:00:00Z""]",[]
1812328,Q1812328,Safair,サフエアー,"[""FA""]","[""SFR""]","[""Q258""]","[""1969-01-01T00:00:00Z""]",[]
1812615,Q1812615,Solomon Airlines,ソロモン航空,"[""IE""]","[""SOL""]","[""Q685""]","[""1962-01-01T00:00:00Z""]",[]
1813946,Q1813946,Air Ukraine,ウクライナ航空,"[""6U""]","[""UKR""]","[""Q212""]","[""1992-01-01T00:00:00Z""]","[""2004-01-01T00:00:00Z""]"
1814331,Q1814331,Voepass Linhas Aéreas,パッサレド・リンハス・アエレアス,"[""2Z""]","[""PTB""]","[""Q155""]","[""1995-01-01T00:00:00Z""]","[""2025-06-24T00:00:00Z""]"
1815644,Q1815644,Paramount Airways,パラマウント・エアウェイズ,"[""I7""]","[""PMW""]","[""Q668""]","[""2005-01-01T00:00:00Z""]","[""2010-08-01T00:00:00Z""]"
1816550,Q1816550,Royal Wings,ロイヤル・ウイングス航空,"[""RY""]","[""RYW""]","[""Q810""]","[""1996-01-01T00:00:00Z""]",[]
1818213,Q1818213,Yuzhmashavia,,"[""2N""]","[""UMK""]","[""Q212""]","[""1985-01-01T00:00:00Z""]",[]
1818597,Q1818597,Transaviaservice,,[],[],"[""Q230""]",[],[]
1819913,Q1819913,BAL Bashkirian Airlines,バシキール航空,"[""V9""]","[""BTC""]","[""Q159""]","[""1991-01-01T00:00:00Z""]","[""2007-01-01T00:00:00Z""]"
1822328,Q1822328,Air Tomisko,,[],"[""TOH""]","[""Q403""]","[""2006-01-01T00:00:00Z""]","[""2007-01-01T00:00:00Z""]"
1824154,Q1824154,Q1824154,,[],[],"[""Q159""]",[],[]
1826405,Q1826405,Aeropostal Alas de Venezuela,アエロポスタル・アラス・デ・ベネズエラ,"[""VH""]","[""ALV""]","[""Q717""]","[""1929-01-01T00:00:00Z""]",[]
1826431,Q1826431,KLM uk,,"[""UK""]","[""UKA""]","[""Q145""]","[""1998-01-01T00:00:00Z""]","[""2002-11-01T00:00:00Z""]"
1826760,Q1826760,Linjeflyg,リニェフリューグ,"[""LF""]","[""LIN""]","[""Q34""]","[""1957-01-01T00:00:00Z""]","[""1993-01-01T00:00:00Z""]"
1829454,Q1829454,Aerotur-KZ Airlines,,[],"[""RAI""]","[""Q232""]","[""2006-01-01T00:00:00Z""]","[""2009-01-01T00:00:00Z""]"
1830368,Q1830368,AeroBratsk,アエロブラーツク,[],"[""BRP""]","[""Q159""]","[""1967-01-01T00:00:00Z""]",[]
1830696,Q1830696,Falcon Air,,"[""IH""]","[""FCN""]","[""Q34""]","[""1986-01-01T00:00:00Z""]","[""2006-01-01T00:00:00Z""]"
1832411,Q1832411,Euro-Asia Air,ユーロ・アジア航空,"[""5B""]","[""EAK""]","[""Q232""]","[""1997-01-01T00:00:00Z""]",[]
1840579,Q1840579,Motor Sich Airlines,モトール・シーチ航空,"[""M9""]","[""MSI""]","[""Q212""]","[""1984-01-01T00:00:00Z""]",[]
1841102,Q1841102,Q1841102,,[],[],"[""Q114""]",[],[]
1842392,Q1842392,Q1842392,,[],[],[],[],[]
1842478,Q1842478,Odessa Airlines,,"[""5K""]","[""ODS""]","[""Q212""]","[""1996-01-01T00:00:00Z""]","[""2006-01-01T00:00:00Z""]"
1842963,Q1842963,Alania Airlines,,"[""2D""]","[""OST""]","[""Q159""]","[""1995-01-01T00:00:00Z""]","[""2007-01-01T00:00:00Z""]"
1846237,Q1846237,Erickson Inc.,エリクソン・エアクレーン,[],[],"[""Q30""]","[""1971-01-01T00:00:00Z""]",[]
1848872,Q1848872,Air100,,[],"[""AEG""]","[""Q33""]","[""2012-01-01T00:00:00Z""]","[""2017-01-01T00:00:00Z""]"
1850610,Q1850610,Tavrey Airlines,,"[""T6""]","[""TVR""]","[""Q212""]","[""1995-01-01T00:00:00Z""]","[""2008-01-01T00:00:00Z""]"
1853488,Q1853488,Smartwings,スマートウィングス,"[""QS""]","[""TVS""]","[""Q213""]","[""1997-01-01T00:00:00Z""]",[]
1855360,Q1855360,Dauria,,[],[],"[""Q159""]","[""1997-01-01T00:00:00Z""]","[""2010-01-01T00:00:00Z""]"
1856242,Q1856242,Q1856242,,[],[],[],[],[]
1858091,Q1858091,Volare Airlines,ヴォラーレ・エアラインズ,[],"[""VRE""]","[""Q212""]","[""1994-01-01T00:00:00Z""]","[""2009-01-01T00:00:00Z""]"
1858300,Q1858300,Nordwind Airlines,ノードウィンド航空,"[""N4""]","[""NWS""]","[""Q159""]","[""2008-01-01T00:00:00Z""]",[]
1868439,Q1868439,AlsaceExcel,アルザスエクセル,[],[],"[""Q142""]","[""2004-01-01T00:00:00Z""]","[""2005-01-31T00:00:00Z""]"
1871467,Q1871467,Royal Khmer Airlines,ロイヤル・クメール航空,"[""RK""]","[""RKH""]","[""Q424""]","[""2000-01-01T00:00:00Z""]","[""2011-01-01T00:00:00Z""]"
1873733,Q1873733,Lucky Air,雲南祥鵬航空,"[""8L""]","[""LKE""]","[""Q148""]","[""2004-01-01T00:00:00Z""]",[]
1878146,Q1878146,ValuJet Airlines,バリュージェット航空,"[""J7""]","[""VJA""]","[""Q230""]","[""1993-01-01T00:00:00Z""]","[""1997-11-01T00:00:00Z""]"
1879549,Q1879549,Líneas Aéreas Suramericanas,リネアス・アエレアス・サーアメリカーナス,"[""4L""]","[""LAU""]","[""Q739""]","[""1986-01-01T00:00:00Z""]",[]
1880638,Q1880638,L'Avion,,"[""A0""]","[""AVI""]","[""Q142""]","[""2007-01-01T00:00:00Z""]","[""2009-01-01T00:00:00Z""]"
1880942,Q1880942,Kirov Air Enterprise,,[],"[""KTA""]","[""Q159""]","[""1992-01-01T00:00:00Z""]","[""2012-03-30T00:00:00Z""]"
1881168,Q1881168,MAP Jet,,"[""AQ""]","[""MPJ""]","[""Q40""]","[""2010-01-01T00:00:00Z""]",[]
1881674,Q1881674,MNG Airlines,MNG航空,"[""MB""]","[""MNB""]","[""Q43""]","[""1996-01-01T00:00:00Z""]",[]
1883228,Q1883228,Perm Airlines,,"[""9D"",""P9""]","[""PGP""]","[""Q159""]","[""1992-01-01T00:00:00Z""]","[""2009-01-01T00:00:00Z""]"
1884782,Q1884782,Ukraine Air Alliance,ウクライナ・エア・アライアンス,[],"[""UKL""]","[""Q212""]","[""1992-01-01T00:00:00Z""]",[]
1887288,Q1887288,AlbaStar,アルバスター,"[""AP""]","[""LAV""]","[""Q29""]","[""2009-01-01T00:00:00Z""]",[]
1888229,Q1888229,Elbrus-Avia,,[],"[""NLK""]","[""Q159""]","[""1998-01-01T00:00:00Z""]","[""2009-01-01T00:00:00Z""]"
1888335,Q1888335,Myanmar Airways International,ミャンマー国際航空,"[""8M""]","[""MMA""]","[""Q836""]","[""1993-01-01T00:00:00Z""]",[]
1891602,Q1891602,Varig Logística,,"[""LC""]","[""VLO""]","[""Q155""]","[""2000-01-01T00:00:00Z""]","[""2012-02-01T00:00:00Z""]"
1891925,Q1891925,Citywing,シティウィング,[],[],"[""Q9676""]","[""2012-11-22T00:00:00Z""]","[""2017-03-10T00:00:00Z""]"
1897896,Q1897896,Tambov-Avia,,[],[],"[""Q159""]","[""1993-01-01T00:00:00Z""]","[""2009-01-01T00:00:00Z""]"
1904030,Q1904030,Qanot Sharq,カノット・シャーク航空,"[""HH""]","[""QNT""]","[""Q265""]","[""1998-01-01T00:00:00Z""]",[]
1907845,Q1907845,Master Airways,,[],[],"[""Q403""]",[],[]
1915373,Q1915373,Blue Bird Aviation,,[],"[""BLB""]","[""Q1049""]","[""1989-01-01T00:00:00Z""]",[]
1920041,Q1920041,New Axis Airways,,"[""9X""]","[""AXY""]","[""Q142""]","[""1999-01-01T00:00:00Z""]","[""2009-01-01T00:00:00Z""]"
1922297,Q1922297,Mesa Airlines,メサ航空,"[""YV""]","[""ASH""]","[""Q30""]","[""1980-01-01T00:00:00Z""]",[]
1922803,Q1922803,Asia Continental Airlines,,[],"[""CID""]","[""Q232""]","[""1999-01-01T00:00:00Z""]","[""2010-01-01T00:00:00Z""]"
1926295,Q1926295,Mey-Air,,[],"[""MT""]","[""Q20""]","[""1970-01-01T00:00:00Z""]","[""1974-01-01T00:00:00Z""]"
1929952,Q1929952,Natalco Airlines,,"[""OD""]",[],[],[],[]
1931118,Q1931118,Kazair West,,[],"[""KAW""]","[""Q232""]","[""1996-01-01T00:00:00Z""]","[""2010-10-18T00:00:00Z""]"
1931733,Q1931733,Mid Airlines,,"[""7Y""]","[""NYL""]","[""Q1049""]","[""2002-01-01T00:00:00Z""]",[]
1931750,Q1931750,Mid East Jet,ミッドイースト・ジェット,[],"[""XAN""]","[""Q851""]","[""1990-01-01T00:00:00Z""]",[]
1932859,Q1932859,Mihin Lanka,ミヒン・ランカ,"[""MJ""]","[""MLR""]","[""Q854""]","[""2007-01-01T00:00:00Z""]","[""2016-10-29T00:00:00Z""]"
1935197,Q1935197,Sibaviatrans,,"[""5M""]","[""SIB""]","[""Q159""]","[""1995-01-01T00:00:00Z""]","[""2008-01-01T00:00:00Z""]"
1937143,Q1937143,Nationwide Airlines,ネーションワイド航空,"[""CE""]","[""NTW""]","[""Q258""]","[""1991-01-01T00:00:00Z""]","[""2008-01-01T00:00:00Z""]"
1939338,Q1939338,Poste Air Cargo,ミストラル・エア,"[""M4""]","[""MSA""]","[""Q38""]","[""1981-01-01T00:00:00Z""]",[]
1942813,Q1942813,Mohawk Airlines,モホーク航空,"[""MO""]","[""MOW""]","[""Q30""]","[""1945-01-01T00:00:00Z""]","[""1972-04-12T00:00:00Z""]"
1944924,Q1944924,Q1944924,,[],[],"[""Q974""]",[],[]
1945574,Q1945574,Montana Austria,,[],[],"[""Q40""]","[""1976-01-01T00:00:00Z""]","[""1981-01-01T00:00:00Z""]"
1951850,Q1951850,Aerovis Airlines,,"[""V6""]","[""VIZ""]","[""Q212""]","[""2003-01-01T00:00:00Z""]",[]
1952443,Q1952443,Somali Airlines,ソマリ航空,"[""HH""]","[""SOM""]","[""Q1045""]","[""1964-03-05T00:00:00Z""]","[""1991-01-01T00:00:00Z""]"
1956341,Q1956341,MyTravel Airways,マイトラベル航空,"[""VZ""]","[""MYT""]","[""Q145""]","[""2002-01-01T00:00:00Z""]","[""2008-01-01T00:00:00Z""]"
1958602,Q1958602,Q1958602,,"[""R4""]",[],"[""Q159""]",[],[]
1960692,Q1960692,Air Gemini,エア・ジェミニ,[],"[""GLL""]","[""Q916""]","[""1999-01-01T00:00:00Z""]","[""2011-01-01T00:00:00Z""]"
1966126,Q1966126,Nationale Regionale Transport,,[],"[""NRT""]","[""Q1000""]","[""2002-01-01T00:00:00Z""]",[]
1966719,Q1966719,Q1966719,,[],[],"[""Q43""]",[],[]
1966880,Q1966880,Nolisair,ネーションエアー,"[""NX""]","[""NXA""]","[""Q16""]","[""1984-01-01T00:00:00Z""]","[""1993-01-01T00:00:00Z""]"
1968133,Q1968133,Q1968133,,[],[],"[""Q252""]",[],[]
1968508,Q1968508,Spantax,スパンタックス,"[""BX""]","[""BXS""]","[""Q29""]","[""1959-01-01T00:00:00Z""]","[""1988-01-01T00:00:00Z""]"
1970134,Q1970134,Air São Tomé and Príncipe,,"[""KY""]","[""EQL""]","[""Q1039""]","[""1993-01-01T00:00:00Z""]","[""2006-05-23T00:00:00Z""]"
1970469,Q1970469,National Airlines,ナショナル航空 (N7),"[""N7""]","[""ROK""]","[""Q30""]","[""1999-01-01T00:00:00Z""]","[""2002-01-01T00:00:00Z""]"
1970591,Q1970591,Nextjet,ネクストジェット,"[""2N""]","[""NTJ""]","[""Q34""]","[""2002-01-01T00:00:00Z""]","[""2018-05-16T00:00:00Z""]"
1972241,Q1972241,Q1972241,,[],[],"[""Q159""]",[],[]
1972518,Q1972518,Naysa,,"[""ZN""]","[""NAY""]","[""Q29""]","[""1955-01-01T00:00:00Z""]","[""2017-09-27T00:00:00Z""]"
1972643,Q1972643,Ala Littoria,アラ・リットリア,[],[],"[""Q38""]","[""1934-01-01T00:00:00Z""]","[""1946-01-01T00:00:00Z""]"
1979262,Q1979262,Ilyich-Avia,アイリッシュ航空,[],"[""ILL""]","[""Q212""]","[""2002-01-01T00:00:00Z""]","[""2014-01-01T00:00:00Z""]"
1982101,Q1982101,KS Avia,,[],[],"[""Q211""]",[],[]
1982539,Q1982539,New England Airlines,ニューイングランド航空,"[""EJ""]","[""NEA""]","[""Q30""]","[""1970-01-01T00:00:00Z""]",[]
1982661,Q1982661,Buraq Air,ブラク航空,"[""UZ""]","[""BRQ""]","[""Q1016""]","[""2001-01-01T00:00:00Z""]",[]
1987495,Q1987495,Overland Airways,オーバーランド航空,"[""OF""]","[""OLA""]","[""Q1033""]","[""2002-01-01T00:00:00Z"",""2003-01-01T00:00:00Z""]",[]
1993862,Q1993862,Q1993862,,[],[],"[""Q212""]","[""2005-01-01T00:00:00Z""]","[""2014-01-01T00:00:00Z""]"
1994872,Q1994872,Noble Air,,"[""HK""]","[""NAD""]","[""Q43""]","[""1989-01-01T00:00:00Z""]","[""1991-01-01T00:00:00Z""]"
1995837,Q1995837,Nomad Aviation,,[],"[""NUM""]","[""Q39""]","[""2008-01-01T00:00:00Z""]",[]
1996496,Q1996496,MAT Airways,,"[""6F""]","[""MKD""]","[""Q221""]","[""2010-01-01T00:00:00Z""]","[""2011-01-01T00:00:00Z""]"
2000057,Q2000057,Bunavad,,[],[],"[""Q219""]","[""1927-01-01T00:00:00Z""]","[""1930-01-01T00:00:00Z""]"
2000608,Q2000608,USA3000 Airlines,,"[""U5""]","[""GWY""]","[""Q30""]","[""2001-01-01T00:00:00Z""]","[""2012-01-30T00:00:00Z""]"
2001099,Q2001099,Northern Thunderbird Air,ノーザン・サンダーバード・エアー,[],"[""NTA""]","[""Q16""]","[""1971-01-01T00:00:00Z""]",[]
2002825,Q2002825,Intal Air,インタル・エア,[],[],[],[],[]
2004079,Q2004079,Grixona,,[],[],"[""Q217""]","[""2005-01-01T00:00:00Z""]","[""2007-01-01T00:00:00Z""]"
2004243,Q2004243,Era Aviation,,"[""7H""]","[""ERH""]","[""Q30""]","[""1948-01-01T00:00:00Z""]","[""2009-02-27T00:00:00Z""]"
2005065,Q2005065,Komiinteravia,,"[""8J""]","[""KMV""]","[""Q159""]","[""1996-01-01T00:00:00Z""]","[""2006-01-01T00:00:00Z""]"
2007186,Q2007186,Q2007186,,[],[],"[""Q159""]",[],[]
2018385,Q2018385,City Connexion Airlines,,"[""G3""]","[""CIX""]","[""Q967""]",[],"[""2000-01-01T00:00:00Z""]"
2019270,Q2019270,MIA Airlines,,[],"[""JLA""]","[""Q218""]","[""2005-01-01T00:00:00Z""]","[""2008-01-01T00:00:00Z""]"
2020349,Q2020349,Crimea Air,,"[""OR""]","[""CRF""]","[""Q159""]","[""1996-01-01T00:00:00Z""]","[""2007-01-01T00:00:00Z""]"
2021591,Q2021591,Olympic Airlines,オリンピック航空,"[""OA""]","[""OAL""]","[""Q41""]","[""1957-01-01T00:00:00Z"",""2003-01-01T00:00:00Z""]","[""2009-01-01T00:00:00Z""]"
2023556,Q2023556,Omskavia,,"[""N3""]","[""OMS""]","[""Q159""]","[""1994-01-01T00:00:00Z""]","[""2008-01-01T00:00:00Z""]"
2023934,Q2023934,One-Two-GO Airlines,,"[""OG""]","[""OTG""]","[""Q869""]","[""2003-01-01T00:00:00Z""]","[""2010-01-01T00:00:00Z""]"
2029366,Q2029366,Aerofreight Airlines,,[],"[""FRT""]","[""Q159""]","[""1997-01-01T00:00:00Z""]","[""2006-01-01T00:00:00Z""]"
2030137,Q2030137,Sud Airlines,,[],"[""SDU""]","[""Q142""]","[""2003-01-01T00:00:00Z""]","[""2008-01-01T00:00:00Z""]"
2030896,Q2030896,Orion Airways,,"[""KG""]","[""ORN""]","[""Q145""]","[""1979-01-01T00:00:00Z""]","[""1989-01-01T00:00:00Z""]"
2033681,Q2033681,IrAero,イル・アエロ,"[""IO""]","[""IAE""]","[""Q159""]","[""1999-01-01T00:00:00Z""]",[]
2033727,Q2033727,OLT Express,OLTエキスプレス・リージョナル,[],[],"[""Q36""]","[""2011-01-01T00:00:00Z""]","[""2012-01-01T00:00:00Z""]"
2033832,Q2033832,Chitaavia,チタアヴィア,"[""X7""]","[""CHF""]","[""Q159""]","[""1991-01-01T00:00:00Z""]",[]
2034533,Q2034533,DOT LT,,"[""R6""]","[""DNU""]","[""Q37""]","[""2003-01-01T00:00:00Z""]",[]
2036150,Q2036150,Phoenix Aviation,,"[""P3""]","[""PHG""]","[""Q878""]","[""1996-01-01T00:00:00Z""]",[]
2040123,Q2040123,Swiftair Hellas,地中海航空貨物,[],"[""MDF""]","[""Q41""]","[""2003-01-01T00:00:00Z""]",[]
2042174,Q2042174,Compass Airlines,コンパス・エアラインズ,"[""CP""]","[""CPZ""]","[""Q30""]","[""2006-01-01T00:00:00Z""]","[""2020-04-01T00:00:00Z""]"
2042351,Q2042351,Jetline International,,[],[],"[""Q983""]",[],[]
2042580,Q2042580,Big Sky Airlines,ビッグスカイ航空,"[""GQ""]","[""BSY""]","[""Q30""]","[""1978-01-01T00:00:00Z""]","[""2008-01-01T00:00:00Z""]"
2042940,Q2042940,Regional Air Lines,,"[""FN""]","[""RGL""]","[""Q1028""]","[""1996-01-01T00:00:00Z""]",[]
2043003,Q2043003,OzJet,オズジェット,"[""O7""]","[""OZJ""]","[""Q408""]","[""2005-01-01T00:00:00Z""]","[""2012-01-01T00:00:00Z""]"
2043807,Q2043807,Q2043807,,[],[],"[""Q159""]",[],[]
2044720,Q2044720,Air Cargo Carriers,エア・カーゴ・キャリアーズ,"[""2Q""]","[""SNC""]","[""Q30""]","[""1986-01-01T00:00:00Z""]",[]
2046866,Q2046866,Palair,,"[""3D""]","[""PMK""]","[""Q221""]","[""1991-01-01T00:00:00Z""]","[""1996-09-01T00:00:00Z""]"
2047569,Q2047569,Q2047569,,[],[],"[""Q217""]",[],[]
2050027,Q2050027,Q2050027,,[],[],"[""Q159""]",[],[]
2050502,Q2050502,Malift Air,,[],"[""MLC""]","[""Q974""]","[""1995-01-01T00:00:00Z""]","[""2009-01-01T00:00:00Z""]"
2051563,Q2051563,Aviastar-TU,アヴィアスタル-TU,"[""4B""]","[""TUP""]","[""Q159""]","[""2004-01-01T00:00:00Z""]",[]
2051712,Q2051712,Paramount Airlines,,[],"[""PRR""]","[""Q1044""]","[""2001-01-01T00:00:00Z""]","[""2007-01-01T00:00:00Z""]"
2057270,Q2057270,CO-ZA Airways,,[],[],[],[],[]
2061270,Q2061270,Polet Airlines,ポーレット航空,"[""YQ""]","[""POT""]","[""Q159""]","[""1988-01-01T00:00:00Z""]","[""2014-12-01T00:00:00Z""]"
2067230,Q2067230,Wizz Air Bulgaria,,"[""8Z""]","[""WVL""]","[""Q219""]","[""2006-01-01T00:00:00Z""]","[""2011-01-01T00:00:00Z""]"
2068300,Q2068300,Severstal Air Company,セヴェルスタリ航空,"[""D2""]","[""SSF""]","[""Q159""]",[],[]
2068388,Q2068388,Vyborg,ヴィボルグ航空,[],"[""VBG""]","[""Q159""]","[""2002-01-01T00:00:00Z""]","[""2010-01-01T00:00:00Z""]"
2068729,Q2068729,Divi Divi Air,,"[""3R""]","[""DVR""]","[""Q25279""]","[""2000-07-28T00:00:00Z""]",[]
2070953,Q2070953,Air Canada Jetz,,"[""AC""]","[""ACA""]","[""Q16""]","[""2001-01-01T00:00:00Z""]",[]
2071372,Q2071372,Air Mikisew,,"[""V8""]",[],"[""Q16""]","[""1961-01-01T00:00:00Z""]","[""2011-01-01T00:00:00Z""]"
2071382,Q2071382,Air Georgian,エア・ジョージアン,"[""ZX""]","[""GGN""]","[""Q16""]","[""1994-01-01T00:00:00Z""]","[""2020-06-02T00:00:00Z""]"
2071877,Q2071877,CHC Helicopter,CHCヘリコプター,[],[],"[""Q16""]","[""1987-01-01T00:00:00Z""]",[]
2071914,Q2071914,Q2071914,,[],[],"[""Q974""]",[],[]
2073908,Q2073908,Perimeter Aviation,ペリメーター・アビエーション,[],"[""PAG""]","[""Q16""]","[""1960-01-01T00:00:00Z""]",[]
2076260,Q2076260,Q2076260,,[],[],"[""Q924""]",[],"[""2006-01-01T00:00:00Z""]"
2077171,Q2077171,Club Air,,"[""6P""]","[""ISG""]","[""Q38""]","[""2002-01-01T00:00:00Z""]","[""2010-01-01T00:00:00Z""]"
2077376,Q2077376,Tiko Air,,[],[],"[""Q1019""]","[""2000-01-01T00:00:00Z""]",[]
2078029,Q2078029,Lauda Air Italy,ラウダ・エア・イタリー,"[""L4""]","[""LDI""]","[""Q38""]","[""1990-01-01T00:00:00Z""]","[""2005-09-01T00:00:00Z""]"
2078381,Q2078381,Alrosa-Avia,,[],"[""LRO""]","[""Q159""]","[""1992-01-01T00:00:00Z""]","[""2008-11-21T00:00:00Z""]"
2079202,Q2079202,Jatayu Airlines,,"[""JZ""]","[""JTY""]","[""Q252""]","[""2000-01-01T00:00:00Z""]","[""2007-01-01T00:00:00Z""]"
2079933,Q2079933,King Air Charter,,[],[],"[""Q258""]",[],[]
2081522,Q2081522,Q2081522,,"[""EO""]",[],"[""Q31""]",[],[]
2092559,Q2092559,Service Air,,[],[],"[""Q230""]",[],[]
2092915,Q2092915,Air Horizons,,"[""RN""]","[""EUH""]","[""Q142""]","[""2004-01-01T00:00:00Z""]","[""2005-01-01T00:00:00Z""]"
2092967,Q2092967,Ocean Airways,,[],[],[],[],[]
2095223,Q2095223,President Airlines,プレジデント航空,"[""TO""]","[""PSD""]","[""Q424""]","[""1997-01-01T00:00:00Z""]","[""2007-01-01T00:00:00Z""]"
2095409,Q2095409,Somon Air,サモンエア,"[""SZ""]","[""SMR""]","[""Q863""]","[""2008-01-01T00:00:00Z""]",[]
2096215,Q2096215,Viking Airlines,ヴァイキング航空,"[""4P""]","[""VIK""]","[""Q34""]","[""2003-01-01T00:00:00Z""]","[""2010-10-18T00:00:00Z""]"
2105506,Q2105506,Latavio,,"[""PV""]","[""LTL""]","[""Q211""]","[""1992-01-01T00:00:00Z""]","[""1996-01-01T00:00:00Z""]"
2107803,Q2107803,Ak Bars Aero,アク・バルス・アエロ,"[""2B""]","[""BGM""]","[""Q159""]","[""1993-01-20T00:00:00Z""]","[""2015-01-12T00:00:00Z""]"
2109896,Q2109896,Octavia Airlines,,[],[],"[""Q142""]","[""2001-01-01T00:00:00Z""]",[]
2110732,Q2110732,2nd Sverdlovsk Air Enterprise,,[],"[""UKU""]","[""Q159""]","[""1993-01-01T00:00:00Z""]","[""2011-01-01T00:00:00Z""]"
2122628,Q2122628,Q2122628,,[],[],"[""Q114""]",[],[]
2130621,Q2130621,Quikjet Airlines,クイックジェット・カーゴ,"[""QO""]","[""FQA""]","[""Q668""]","[""2007-01-01T00:00:00Z""]",[]
2130889,Q2130889,Polar Airlines,ポーラーエアラインズ,"[""PI""]","[""RKA""]","[""Q159""]","[""1997-01-01T00:00:00Z""]",[]
2131894,Q2131894,Q2131894,,[],[],"[""Q843""]",[],[]
2134448,Q2134448,Air Burundi,エア・ブルンジ,"[""8Y""]","[""PBU""]","[""Q967""]","[""1975-01-01T00:00:00Z""]","[""2009-01-01T00:00:00Z""]"
2137767,Q2137767,Transeuropean Airlines,,"[""UE""]","[""TEP""]","[""Q159""]",[],"[""2000-01-01T00:00:00Z""]"
2139509,Q2139509,EastIndo,,[],"[""ESD""]","[""Q252""]",[],[]
2140785,Q2140785,West Caribbean Airways,ウエスト・カリビアン航空,"[""YH""]","[""WCW""]","[""Q739""]","[""1998-01-01T00:00:00Z""]","[""2005-12-01T00:00:00Z""]"
2144214,Q2144214,Reno Air,リノ・エア,"[""QQ""]","[""ROA""]","[""Q30""]","[""1990-01-01T00:00:00Z""]","[""1999-01-01T00:00:00Z""]"
2147990,Q2147990,Rheintalflug,,[],[],"[""Q40""]","[""1973-01-01T00:00:00Z""]","[""2002-01-01T00:00:00Z""]"
2150814,Q2150814,Air Venezuela,,[],[],"[""Q717""]",[],[]
2152808,Q2152808,Mauritania Airways,,"[""YD""]","[""MTW""]","[""Q1025""]","[""2007-01-01T00:00:00Z""]","[""2010-01-01T00:00:00Z""]"
2154191,Q2154191,Zhetysu,ゼティス航空,[],"[""JTU""]","[""Q232""]","[""1994-01-01T00:00:00Z""]",[]
2155822,Q2155822,Aero Charter,,"[""DW""]","[""UCR""]","[""Q212""]","[""1997-01-01T00:00:00Z""]",[]
2159342,Q2159342,Q2159342,,"[""6L""]",[],[],[],[]
2159572,Q2159572,Sat Airlines,,[],[],"[""Q232""]",[],[]
2162266,Q2162266,Aircompany ATMA,,"[""IM""]","[""AMA""]","[""Q232""]","[""1996-01-01T00:00:00Z""]",[]
2164227,Q2164227,Romavia,,"[""WQ""]","[""RMV""]","[""Q218""]","[""1991-01-01T00:00:00Z""]","[""2010-01-01T00:00:00Z""]"
2164815,Q2164815,Q2164815,,[],[],"[""Q916""]",[],[]
2165371,Q2165371,TANS Peru,TANSペルー,"[""TJ""]","[""ELV""]","[""Q419""]","[""1963-01-01T00:00:00Z""]","[""2006-01-01T00:00:00Z""]"
2165459,Q2165459,Q2165459,,[],[],"[""Q43""]",[],[]
2167859,Q2167859,Top Air,,[],[],"[""Q252""]","[""2004-01-01T00:00:00Z""]",[]
2168394,Q2168394,Tepavia Trans,,[],"[""TET""]","[""Q217""]","[""1999-01-01T00:00:00Z""]","[""2006-01-01T00:00:00Z""]"
2172235,Q2172235,Aero Charter DARTA,,[],[],"[""Q142""]","[""1971-01-01T00:00:00Z""]",[]
2172979,Q2172979,Air Efata,,[],"[""EIJ""]","[""Q252""]","[""2005-01-01T00:00:00Z""]","[""2007-02-01T00:00:00Z""]"
2174638,Q2174638,National Airways Cameroon,,"[""9O""]",[],"[""Q1009""]","[""1999-01-01T00:00:00Z""]","[""2009-01-01T00:00:00Z""]"
2177161,Q2177161,NetherLines,,"[""WU""]","[""NET""]","[""Q55""]","[""1983-01-01T00:00:00Z""]","[""1989-01-01T00:00:00Z""]"
2179637,Q2179637,VG Airlines,,"[""IV""]","[""FVG""]","[""Q31""]","[""2002-01-01T00:00:00Z""]","[""2002-01-01T00:00:00Z""]"
2185250,Q2185250,SNETA,,[],[],"[""Q31""]","[""1919-03-31T00:00:00Z""]","[""1923-05-23T00:00:00Z""]"
2185574,Q2185574,GainJet,,[],"[""GNJ""]","[""Q41""]","[""2006-01-01T00:00:00Z""]",[]
2186212,Q2186212,Delta Air Transport,,"[""QG""]","[""DAT""]","[""Q31""]","[""1967-01-01T00:00:00Z""]","[""2002-01-01T00:00:00Z""]"
2190812,Q2190812,ALM Antillean Airlines,ALM アンティリアン航空,"[""LM""]","[""ALM""]","[""Q55""]","[""1964-01-01T00:00:00Z""]","[""2001-01-01T00:00:00Z""]"
2191164,Q2191164,Q2191164,,[],[],"[""Q230""]",[],[]
2192148,Q2192148,Q2192148,,[],[],[],[],[]
2196076,Q2196076,Q2196076,,[],[],[],[],[]
2197106,Q2197106,Ukraine Air Enterprise,,[],"[""UKN""]","[""Q212""]","[""1996-01-01T00:00:00Z""]",[]
2197692,Q2197692,Pelita Air Service,ペリタ・エアサービス,"[""6D""]","[""PAS""]","[""Q252""]","[""1963-01-01T00:00:00Z""]",[]
2197761,Q2197761,Q2197761,,[],[],[],[],[]
2198388,Q2198388,Aviacon Zitotrans,アヴィアコン・ツィタトランス,"[""ZR""]","[""AZS""]","[""Q159""]","[""1995-01-01T00:00:00Z""]",[]
2199194,Q2199194,Q2199194,,[],[],"[""Q1016""]",[],[]
2199848,Q2199848,Buryat Airlines,,"[""U4""]","[""BUN""]","[""Q159""]","[""1993-01-01T00:00:00Z""]","[""2017-01-01T00:00:00Z""]"
2201092,Q2201092,Aboitiz Air,,[],"[""BOI""]","[""Q928""]","[""1988-01-01T00:00:00Z""]","[""1997-01-01T00:00:00Z""]"
2203720,Q2203720,Cargo 360,カーゴ360,[],[],"[""Q30""]","[""2006-01-01T00:00:00Z""]","[""2008-01-01T00:00:00Z""]"
2204796,Q2204796,SAL Luftverkehr,,[],[],"[""Q183""]","[""1991-01-01T00:00:00Z""]","[""1995-01-01T00:00:00Z""]"
2205178,Q2205178,Azores Airlines,SATAインターナショナル,"[""S4""]","[""RZO""]","[""Q45""]","[""1998-01-01T00:00:00Z""]",[]
2211437,Q2211437,Ukraine National Airlines,,"[""PS""]",[],"[""Q212""]",[],[]
2214792,Q2214792,Salmon Air,,"[""S6""]","[""MBI""]","[""Q30""]","[""1968-01-01T00:00:00Z""]",[]
2217551,Q2217551,Samoa Air,,[],[],"[""Q30""]","[""1987-01-01T00:00:00Z""]","[""2003-09-01T00:00:00Z""]"
2222528,Q2222528,SANSA,サンサ航空,"[""RZ""]","[""LRS""]","[""Q800""]","[""1979-01-01T00:00:00Z""]",[]
2229617,Q2229617,Ram Express,,[],[],"[""Q1028""]",[],[]
2229789,Q2229789,Atyrau Airways,,"[""IP""]","[""JOL""]","[""Q232""]","[""1996-01-01T00:00:00Z""]","[""2009-01-01T00:00:00Z""]"
2230317,Q2230317,Q2230317,,[],[],"[""Q79""]",[],[]
2240102,Q2240102,Q2240102,コロンゴ航空,"[""ZC""]","[""KGO""]","[""Q974""]","[""2009-01-01T00:00:00Z""]","[""2015-01-01T00:00:00Z""]"
2245565,Q2245565,Azzurra Air,,"[""ZS""]","[""AZI""]","[""Q38""]","[""1995-01-01T00:00:00Z""]","[""2004-03-01T00:00:00Z""]"
2247269,Q2247269,Trigana Air Service,トリガナ航空,"[""IL""]","[""TGN""]","[""Q252""]","[""1991-01-01T00:00:00Z""]",[]
2248915,Q2248915,Q2248915,,"[""TD""]",[],[],[],"[""2004-01-01T00:00:00Z""]"
2255563,Q2255563,Q2255563,,[],[],"[""Q232""]",[],[]
2258235,Q2258235,Air Atlas Express,,[],"[""AXP""]","[""Q1028""]","[""2002-01-01T00:00:00Z""]","[""2004-01-01T00:00:00Z""]"
2260035,Q2260035,Belgorod Air Enterprise,,[],"[""BED""]","[""Q159""]","[""1995-01-01T00:00:00Z""]","[""2005-01-01T00:00:00Z""]"
2264069,Q2264069,Q2264069,カナディアン エアウェイズ コンゴ,[],"[""TWC""]","[""Q971""]","[""2004-01-01T00:00:00Z""]",[]
2272747,Q2272747,Berkut Air,ベルクト航空,[],"[""BEC""]","[""Q232""]","[""1999-01-01T00:00:00Z""]",[]
2274391,Q2274391,Chukotavia,チュコタヴィア,[],"[""ADZ""]","[""Q159""]","[""1996-01-01T00:00:00Z""]",[]
2278304,Q2278304,Eastern Express,,[],[],"[""Q232""]",[],[]
2279702,Q2279702,Schreiner Airways,シュレイナー航空,"[""AW""]","[""SCH""]","[""Q55""]","[""1945-01-01T00:00:00Z""]","[""2005-01-01T00:00:00Z""]"
2281040,Q2281040,Q2281040,,[],[],[],[],[]
2281963,Q2281963,Q2281963,,[],[],"[""Q217""]",[],[]
2282575,Q2282575,Inversija,,"[""IA""]","[""INV""]","[""Q211""]","[""1991-01-01T00:00:00Z""]","[""2012-01-01T00:00:00Z""]"
2283750,Q2283750,Gorlitsa Airlines,,[],[],"[""Q212""]",[],[]
2285229,Q2285229,Q2285229,カルン航空,"[""NV""]","[""IRG""]","[""Q794""]","[""1992-01-01T00:00:00Z""]",[]
2289122,Q2289122,Voronezh Avia,,"[""ZT""]",[],"[""Q159""]",[],[]
2291174,Q2291174,Air Volga,エア・ボルガ,"[""G6""]",[],"[""Q159""]","[""1992-01-01T00:00:00Z""]","[""2010-01-01T00:00:00Z""]"
2293236,Q2293236,SkyBahamas,スカイバハマ航空,"[""Q7""]","[""SBM""]","[""Q778""]",[],[]
2293245,Q2293245,Skytaxi,スカイタクシー,"[""TE""]","[""IGA""]","[""Q36""]","[""2000-01-01T00:00:00Z""]",[]
2293317,Q2293317,Sky Georgia,スカイ・ジョージア,"[""QB""]","[""GFG""]","[""Q230""]","[""1998-01-01T00:00:00Z""]","[""2011-01-01T00:00:00Z""]"
2293459,Q2293459,Skyservice Airlines,スカイサービス,"[""5G""]","[""SSV""]","[""Q16""]","[""1986-01-01T00:00:00Z""]","[""2010-01-01T00:00:00Z""]"
2293467,Q2293467,Skyway Airlines,,"[""AL""]","[""SYX""]","[""Q30""]","[""1994-01-01T00:00:00Z""]","[""2008-04-01T00:00:00Z""]"
2295811,Q2295811,Q2295811,,[],[],"[""Q232""]",[],[]
2296193,Q2296193,Volotea,ボロテア,"[""V7""]","[""VOE""]","[""Q29""]","[""2011-01-01T00:00:00Z""]",[]
2296789,Q2296789,Q2296789,,[],[],[],[],[]
2298730,Q2298730,Direktflyg,ディレクトフリーグ,"[""HS""]","[""HSV""]","[""Q34""]","[""2000-01-01T00:00:00Z""]",[]
2304595,Q2304595,South West African Airways,,[],[],"[""Q953068""]","[""1930-01-01T00:00:00Z""]","[""1935-01-01T00:00:00Z""]"
2305044,Q2305044,Nikolaevsk-Na-Amure Air Enterprise,,[],[],"[""Q159""]","[""1992-01-01T00:00:00Z""]",[]
2305160,Q2305160,Kurdistan Airlines,,[],[],[],"[""2005-01-01T00:00:00Z""]",[]
2305605,Q2305605,Flandre Air,フランドル・エア,"[""IX""]","[""FRS""]","[""Q142""]","[""1977-01-01T00:00:00Z""]","[""2001-01-01T00:00:00Z""]"
2312814,Q2312814,Q2312814,,"[""6G""]",[],"[""Q1000""]",[],[]
2325152,Q2325152,CityBird,,"[""H2""]","[""CTB""]","[""Q31""]","[""1996-01-01T00:00:00Z""]","[""2001-01-01T00:00:00Z""]"
2326259,Q2326259,Solid aiR,,"[""99""]",[],"[""Q55""]",[],[]
2328444,Q2328444,UTair Express,UTエアー・エクスプレス,"[""UR""]","[""UTX""]","[""Q159""]","[""2006-01-01T00:00:00Z""]","[""2015-06-01T00:00:00Z""]"
2332207,Q2332207,Star Airways,,"[""4S""]","[""STB""]","[""Q222""]","[""2008-01-01T00:00:00Z""]","[""2010-01-01T00:00:00Z""]"
2332395,Q2332395,Q2332395,,[],[],[],[],[]
2340002,Q2340002,Petropavlovsk-Kamchatsky Air Enterprise,ペトロパブロフスク・カムチャツキー航空,[],"[""PTK""]","[""Q159""]","[""1948-01-01T00:00:00Z""]",[]
2341726,Q2341726,IRS Airlines,IRS航空,"[""IS""]","[""LVB""]","[""Q1033""]","[""2002-01-01T00:00:00Z""]",[]
2342356,Q2342356,Fly Georgia,フライグルジア,"[""9Y""]","[""FGE""]","[""Q230""]","[""2011-01-01T00:00:00Z""]","[""2013-01-01T00:00:00Z""]"
2343121,Q2343121,Comores Air Services,,[],[],[],[],"[""2016-01-01T00:00:00Z""]"
2343605,Q2343605,Med-View Airline,メッド・ビュー航空,"[""VL""]","[""MEV""]","[""Q1033""]","[""2007-01-01T00:00:00Z""]","[""2019-01-01T00:00:00Z""]"
2346551,Q2346551,Q2346551,,[],[],"[""Q232""]",[],[]
2348058,Q2348058,Constellation Airlines,,"[""CQ""]","[""CIN""]","[""Q31""]","[""1995-01-01T00:00:00Z""]","[""1999-12-03T00:00:00Z""]"
2348583,Q2348583,Continental Airways,,"[""PC""]","[""PVV""]","[""Q159""]","[""1995-01-01T00:00:00Z""]","[""2011-01-01T00:00:00Z""]"
2348609,Q2348609,ULS Airlines Cargo,ULSエアラインズ・カーゴ,"[""GO""]","[""KZU""]","[""Q43""]","[""2004-01-01T00:00:00Z""]",[]
2352104,Q2352104,Q2352104,,[],[],"[""Q159""]","[""1992-03-31T00:00:00Z""]",[]
2353729,Q2353729,Strategic Airlines Luxembourg,ストラテジック・エアラインズ・ハンブルグ,"[""SH""]","[""STU""]","[""Q32""]","[""2010-01-01T00:00:00Z""]","[""2012-10-01T00:00:00Z""]"
2354839,Q2354839,AIS Airlines,AIS エアラインズ,"[""IS""]","[""PNX""]","[""Q55""]","[""2009-01-01T00:00:00Z""]",[]
2355116,Q2355116,Zapolyarye,,[],"[""PZY""]","[""Q159""]","[""2007-01-01T00:00:00Z"",""2007-05-04T00:00:00Z""]","[""2010-01-01T00:00:00Z""]"
2355987,Q2355987,Sky Aviation,スカイ・アヴィエーション,"[""SY""]",[],"[""Q252""]","[""2010-01-01T00:00:00Z""]","[""2014-01-01T00:00:00Z""]"
2359519,Q2359519,Stuttgarter Flugdienst,,[],"[""FFD""]","[""Q183""]","[""1956-01-01T00:00:00Z""]","[""2019-08-01T00:00:00Z""]"
2359822,Q2359822,Altai Airlines,,[],[],"[""Q159""]","[""1997-01-01T00:00:00Z"",""1998-02-20T00:00:00Z""]",[]
2360282,Q2360282,Q2360282,,[],[],[],[],[]
2361250,Q2361250,Dobrolet Airlines,,"[""G2""]","[""DOB""]","[""Q159""]","[""1992-01-01T00:00:00Z""]",[]
2361628,Q2361628,Amjet Executive,,[],"[""AMJ""]","[""Q41""]","[""2009-01-01T00:00:00Z""]",[]
2361911,Q2361911,Tuva Airlines,,[],[],"[""Q159""]","[""1995-01-01T00:00:00Z""]",[]
2364752,Q2364752,Sultan Air,,"[""KJ""]","[""SUT""]","[""Q43""]","[""1989-01-01T00:00:00Z""]","[""1993-01-01T00:00:00Z""]"
2365353,Q2365353,AerianTur-M,,[],[],"[""Q217""]","[""1996-01-01T00:00:00Z""]","[""2007-01-01T00:00:00Z""]"
2369843,Q2369843,Constanta Airline,,[],"[""UZA""]","[""Q212""]","[""1998-01-01T00:00:00Z""]",[]
2370490,Q2370490,TransAVIAexport Airlines,トランス・アビア・エクスポート航空,"[""AL""]","[""TXC""]","[""Q184""]","[""1992-01-01T00:00:00Z""]",[]
2373208,Q2373208,Swiss World Airways,,"[""SO""]","[""SWO""]","[""Q39""]","[""1997-01-01T00:00:00Z""]","[""1998-01-01T00:00:00Z""]"
2374942,Q2374942,Air Onix,,"[""OG""]","[""ONX""]","[""Q212""]","[""2007-01-01T00:00:00Z""]","[""2013-12-12T00:00:00Z""]"
2378678,Q2378678,Q2378678,,[],[],[],[],[]
2380338,Q2380338,Südavia,,"[""FV""]","[""VXY""]","[""Q183""]","[""1980-01-01T00:00:00Z""]","[""1990-01-01T00:00:00Z""]"
2380727,Q2380727,Südflug International,,[],"[""SZ""]","[""Q183""]","[""1952-11-24T00:00:00Z""]","[""1969-01-02T00:00:00Z""]"
2382455,Q2382455,Filair,フィルエア,[],[],"[""Q974""]",[],[]
2382765,Q2382765,Guinea Ecuatorial Airlines,ギニア・エクアトリアル・エアラインズ,[],"[""GEA""]","[""Q983""]","[""1996-01-01T00:00:00Z""]",[]
2384844,Q2384844,Bryansk Air Enterprise,,[],"[""BRK""]","[""Q159""]","[""1999-01-01T00:00:00Z""]","[""http://www.wikidata.org/.well-known/genid/bac39bc614d47157b7c5acdb3c30dce3""]"
2385210,Q2385210,Agni Air,アグニ航空,"[""AG""]",[],"[""Q837""]","[""2006-01-01T00:00:00Z""]","[""2013-01-01T00:00:00Z""]"
2386528,Q2386528,Q2386528,,[],[],"[""Q232""]",[],[]
2387533,Q2387533,Air Scotland,,[],"[""GRE""]","[""Q145""]","[""2002-11-01T00:00:00Z""]","[""2005-10-01T00:00:00Z""]"
2390914,Q2390914,Pecotox Air,,[],"[""PXA""]","[""Q217""]",[],[]
2393655,Q2393655,Aero Rent,,[],"[""NRO""]","[""Q159""]","[""2001-01-01T00:00:00Z""]","[""2011-01-01T00:00:00Z""]"
2395054,Q2395054,Inter Trans Air,,[],"[""ITT""]","[""Q219""]","[""1996-01-01T00:00:00Z""]","[""2002-01-01T00:00:00Z""]"
2399163,Q2399163,Angara Airlines,アンガラ航空,"[""2G""]","[""AGU""]","[""Q159""]","[""2000-01-01T00:00:00Z""]",[]
2401473,Q2401473,Q2401473,,[],[],"[""Q159""]",[],[]
2402760,Q2402760,Tempelhof Airways,,"[""CL""]","[""TEH""]","[""Q30""]","[""1981-01-01T00:00:00Z""]","[""1991-01-01T00:00:00Z""]"
2404178,Q2404178,Tepper Aviation,,[],[],"[""Q30""]","[""1987-01-01T00:00:00Z""]","[""2006-01-01T00:00:00Z""]"
2405297,Q2405297,Kartika Airlines,カルティカ航空,"[""3Y""]","[""KAE""]","[""Q252""]","[""2001-01-01T00:00:00Z""]","[""2010-01-01T00:00:00Z""]"
2405636,Q2405636,Audeli Air,,[],"[""ADI""]","[""Q29""]",[],[]
2406313,Q2406313,Chalair Aviation,シャレール航空,"[""CE""]","[""CLG""]","[""Q142""]","[""1986-01-01T00:00:00Z""]",[]
2407384,Q2407384,Teuto Airways Germany,,[],[],"[""Q183""]","[""1997-01-01T00:00:00Z""]","[""2000-01-01T00:00:00Z""]"
2407905,Q2407905,DAS Air Cargo,,"[""WD""]","[""DSR""]","[""Q145""]","[""1983-01-01T00:00:00Z""]","[""2007-01-01T00:00:00Z""]"
2408055,Q2408055,Q2408055,,"[""GC""]","[""GCB""]","[""Q971""]","[""1961-01-01T00:00:00Z""]","[""2002-01-01T00:00:00Z""]"
2410322,Q2410322,Astral Aviation,アストラル・アビエーション,"[""8V""]","[""ACP""]","[""Q114""]","[""2000-01-01T00:00:00Z""]",[]
2412574,Q2412574,Q2412574,,[],[],"[""Q212""]",[],[]
2414426,Q2414426,Veteran Airlines,,[],[],"[""Q399""]",[],[]
2415985,Q2415985,Novosibirsk Air Enterprise,,[],"[""NBE""]","[""Q159""]","[""1995-01-01T00:00:00Z""]","[""2011-01-01T00:00:00Z""]"
2416248,Q2416248,Q2416248,,[],[],"[""Q252""]",[],[]
2417732,Q2417732,Wizz Air Ukraine,ウィズエアー・ウクライナ,"[""WU""]","[""WAU""]","[""Q212""]","[""2008-01-01T00:00:00Z""]","[""2015-01-01T00:00:00Z""]"
2420702,Q2420702,Q2420702,,[],[],"[""Q1032""]",[],[]
2422235,Q2422235,Chuvashia Airlines,,[],"[""CBK""]","[""Q159""]","[""1993-01-01T00:00:00Z""]","[""2009-01-01T00:00:00Z""]"
2425571,Q2425571,Novgorodavia,,[],[],"[""Q159""]","[""1994-01-01T00:00:00Z""]","[""2003-01-01T00:00:00Z""]"
2435826,Q2435826,Alada,,[],"[""RAD""]","[""Q916""]","[""1995-01-01T00:00:00Z""]","[""2010-01-01T00:00:00Z""]"
2437632,Q2437632,Tobago Express,,"[""BW""]","[""TBX""]","[""Q754""]","[""2001-01-01T00:00:00Z""]",[]
2439636,Q2439636,Fina Air,フィナ・エア,[],[],[],"[""2003-01-01T00:00:00Z""]",[]
2444385,Q2444385,Torosair,,[],[],"[""Q43""]",[],[]
2444875,Q2444875,Q2444875,,[],"[""CRB""]","[""Q730""]",[],[]
2446809,Q2446809,Finist'air,,[],"[""FTR""]","[""Q142""]","[""1955-01-01T00:00:00Z"",""1981-01-01T00:00:00Z""]",[]
2447356,Q2447356,Aviostart,,[],"[""VSR""]","[""Q219""]","[""1999-01-01T00:00:00Z""]",[]
2447407,Q2447407,Q2447407,,[],[],"[""Q29""]",[],[]
2447748,Q2447748,Sky Lease Cargo,スカイリース・カーゴ,"[""GG""]","[""KYE""]","[""Q30""]","[""1969-01-01T00:00:00Z""]",[]
2448822,Q2448822,Trans Australia Airlines,旧オーストラリアン航空,"[""TN""]","[""TAA""]","[""Q408""]","[""1946-02-08T00:00:00Z""]","[""1994-04-01T00:00:00Z""]"
2449655,Q2449655,Transportes Aéreos de Timor,,[],[],"[""Q574""]","[""1939-07-01T00:00:00Z""]","[""1975-08-07T00:00:00Z""]"
2449781,Q2449781,NLM CityHopper,NLMシティホッパー,"[""HN""]","[""NLM""]","[""Q55""]","[""1966-01-01T00:00:00Z""]","[""1991-03-31T00:00:00Z""]"
2451753,Q2451753,Q2451753,,[],[],"[""Q232""]",[],[]
2453957,Q2453957,Triple Alpha Luftfahrtgesellschaft,,[],"[""CLU""]","[""Q183""]","[""1995-01-01T00:00:00Z""]","[""2011-01-01T00:00:00Z""]"
2454982,Q2454982,Kyrgyzstan Airlines,キルギスタン航空,"[""R8""]","[""KGA""]","[""Q813""]","[""1992-01-01T00:00:00Z""]","[""2005-01-01T00:00:00Z""]"
2456947,Q2456947,Lugansk Airlines,ルガンスク航空,"[""L7"",""LE""]","[""LHS""]","[""Q212""]","[""2003-01-01T00:00:00Z""]","[""2010-01-01T00:00:00Z""]"
2462436,Q2462436,Air Guinee Express,,"[""2U""]","[""GIP""]","[""Q1006""]","[""1960-01-01T00:00:00Z""]","[""2002-01-01T00:00:00Z""]"
2463356,Q2463356,Tyrol Air Ambulance,,[],"[""TYW""]","[""Q40""]","[""1976-01-01T00:00:00Z""]",[]
2465256,Q2465256,Weasua Air Transport,,[],[],"[""Q1014""]",[],[]
2468208,Q2468208,TAM Air,,"[""L6""]","[""VNZ""]","[""Q230""]","[""2001-01-01T00:00:00Z""]","[""2010-01-01T00:00:00Z""]"
2468693,Q2468693,Johnsons Air,,[],"[""JON""]","[""Q117""]","[""1996-01-01T00:00:00Z""]",[]
2469266,Q2469266,Sirius-Aero,,[],"[""CIG""]","[""Q159""]","[""1999-01-01T00:00:00Z""]",[]
2470662,Q2470662,South Airlines,南航空,"[""YG""]","[""OTL""]","[""Q212""]","[""1999-01-01T00:00:00Z""]","[""2013-02-01T00:00:00Z""]"
2471460,Q2471460,Heli Air Services,Heli Air Services,[],"[""HLR""]","[""Q219""]","[""1990-01-01T00:00:00Z""]",[]
2473535,Q2473535,Interavia Airlines,,"[""ZA""]","[""SUW""]","[""Q159""]","[""1998-01-01T00:00:00Z""]","[""2008-01-01T00:00:00Z""]"
2474682,Q2474682,Ulendo Airlink,ニャサ・エクスプレス,"[""7Q"",""W4""]",[],"[""Q1020""]","[""2011-01-01T00:00:00Z""]",[]
2475391,Q2475391,Avia Jaynar,,[],[],[],[],[]
2476367,Q2476367,Gazprom Avia,ガスプロムアヴィア,"[""4G""]","[""GZP""]","[""Q159""]","[""1995-02-03T00:00:00Z""]",[]
2477340,Q2477340,Midwest Airlines (Egypt),,"[""MY""]","[""MWA""]","[""Q79""]","[""1998-01-01T00:00:00Z""]","[""2012-01-01T00:00:00Z""]"
2482723,Q2482723,Magic Blue Airlines,,[],"[""MJB""]","[""Q55""]","[""2004-01-01T00:00:00Z""]","[""2005-01-01T00:00:00Z""]"
2482784,Q2482784,Q2482784,,[],[],"[""Q227""]",[],[]
2484252,Q2484252,CTK – CiTylinK,CTKシティリンク,[],"[""CTQ""]","[""Q117""]","[""1994-01-01T00:00:00Z""]","[""2013-01-01T00:00:00Z""]"
2485630,Q2485630,Q2485630,,[],[],[],[],[]
2486741,Q2486741,Q2486741,,[],[],"[""Q212""]",[],[]
2487070,Q2487070,Samarkand Airways,サマルカンド航空,"[""C7""]","[""UZS""]","[""Q265""]","[""2005-01-01T00:00:00Z""]",[]
2487527,Q2487527,Mondair,,[],"[""MMA""]","[""Q1028""]","[""2002-01-01T00:00:00Z""]","[""2004-01-01T00:00:00Z""]"
2487898,Q2487898,Silver Air,,[],"[""SVJ""]","[""Q30""]","[""2008-01-01T00:00:00Z""]","[""2009-01-01T00:00:00Z""]"
2488537,Q2488537,BelgiumExel,,[],[],[],"[""2004-01-01T00:00:00Z""]",[]
2490669,Q2490669,Flightline,フライトライン,"[""B5""]","[""FLT""]","[""Q145""]","[""1989-04-01T00:00:00Z""]","[""2008-12-03T00:00:00Z""]"
2491246,Q2491246,Air Link International Airways,エアリンク・インターナナショナル・エアウェイズ,[],[],"[""Q928""]","[""1983-01-01T00:00:00Z""]",[]
2494087,Q2494087,Mingalar Aviation Services,エア・カンボーザ,"[""K7""]","[""KBZ""]","[""Q836""]","[""2010-01-01T00:00:00Z""]",[]
2494170,Q2494170,Asian Wings Airways,アジアン・ウィングズ・エアウェイズ,"[""YJ""]","[""AWM""]","[""Q836""]","[""2011-01-01T00:00:00Z""]",[]
2496162,Q2496162,Q2496162,トランスエアコンゴ,"[""Q8""]","[""TSG""]","[""Q971""]","[""1994-01-01T00:00:00Z""]",[]
2501418,Q2501418,Ecuato Guineana de Aviación,,[],[],"[""Q983""]",[],[]
2505992,Q2505992,VHM Schul- und Charterflug,,[],"[""VHM""]","[""Q183""]","[""1976-01-01T00:00:00Z""]","[""2011-01-01T00:00:00Z""]"
2506090,Q2506090,VIP-Flights,,[],"[""VFI""]","[""Q183""]","[""1999-01-01T00:00:00Z""]","[""2013-01-01T00:00:00Z""]"
2510841,Q2510841,Q2510841,,[],[],"[""Q55""]","[""2007-01-01T00:00:00Z""]",[]
2511809,Q2511809,Q2511809,,[],[],"[""Q219""]","[""1998-01-01T00:00:00Z""]","[""2007-01-01T00:00:00Z""]"
2514756,Q2514756,ASL Airlines Spain,,"[""PV""]","[""PNR""]","[""Q29""]","[""1987-01-01T00:00:00Z""]","[""2018-01-01T00:00:00Z""]"
2515977,Q2515977,Avial NV,,[],"[""NVI""]","[""Q159""]","[""2000-01-01T00:00:00Z""]","[""2011-01-01T00:00:00Z""]"
2516973,Q2516973,Q2516973,,[],[],"[""Q159""]","[""1995-01-01T00:00:00Z""]",[]
2517786,Q2517786,Koryak Air Enterprise,,[],[],"[""Q159""]","[""1956-01-01T00:00:00Z"",""1956-10-01T00:00:00Z""]","[""2010-01-01T00:00:00Z""]"
2519047,Q2519047,Q2519047,,"[""V4""]",[],[],[],[]
2519200,Q2519200,Aero Tropical,,[],"[""TPB""]","[""Q916""]","[""1996-01-01T00:00:00Z""]","[""1999-01-01T00:00:00Z""]"
2520167,Q2520167,Q2520167,,[],[],"[""Q212""]",[],[]
2526273,Q2526273,MAVIAL Magadan Airlines,マビアルマガダン航空,"[""H5""]","[""MVL""]","[""Q159""]","[""1993-01-01T00:00:00Z""]","[""2006-01-01T00:00:00Z""]"
2527525,Q2527525,Q2527525,,[],"[""ATU""]","[""Q28""]","[""1992-01-01T00:00:00Z""]","[""2007-01-01T00:00:00Z""]"
2527591,Q2527591,Q2527591,,[],[],[],[],[]
2530650,Q2530650,Gandalf Airlines,,"[""G7""]","[""GNF""]","[""Q38""]","[""1998-01-01T00:00:00Z""]","[""2004-01-01T00:00:00Z""]"
2533250,Q2533250,Best Air,,"[""5Q""]","[""BEA""]","[""Q902""]","[""1999-01-01T00:00:00Z""]","[""2009-01-01T00:00:00Z""]"
2534424,Q2534424,Airmark Indonesia,エアマーク・インドネシア,"[""AI""]","[""AIA""]","[""Q252""]","[""1998-01-01T00:00:00Z""]","[""2011-01-01T00:00:00Z""]"
2537741,Q2537741,Q2537741,,[],[],"[""Q232""]",[],[]
2538177,Q2538177,Q2538177,,[],[],"[""Q1041""]",[],[]
2541309,Q2541309,Almaty Aviation,,[],"[""LMT""]","[""Q232""]","[""2002-01-01T00:00:00Z""]","[""2010-01-01T00:00:00Z""]"
2541709,Q2541709,Gestair Cargo,,[],"[""RGN""]","[""Q29""]","[""1994-01-01T00:00:00Z""]",[]
2545215,Q2545215,Ocean Airlines,,"[""VC""]","[""VCX""]","[""Q38""]","[""2003-01-01T00:00:00Z""]","[""2008-01-01T00:00:00Z""]"
2545937,Q2545937,Dagestan Airlines,ダゲスタン航空,"[""N2""]","[""DAG""]","[""Q159""]","[""1994-01-01T00:00:00Z""]","[""2011-12-19T00:00:00Z""]"
2548398,Q2548398,Lviv Airlines,リヴィウ航空,"[""5V""]","[""UKW""]","[""Q212""]","[""1992-01-01T00:00:00Z""]","[""2009-01-01T00:00:00Z""]"
2549956,Q2549956,KLM Interinsulair Bedrijf,,[],"[""KLM""]","[""Q252""]","[""1947-01-01T00:00:00Z""]","[""1949-12-28T00:00:00Z""]"
2550235,Q2550235,Wasaya Airways,ワサヤ・エアウェイズ,"[""WT""]","[""WSG""]","[""Q16""]","[""1969-01-01T00:00:00Z""]",[]
2550297,Q2550297,Caricom Airways,,[],"[""CRB""]","[""Q730""]","[""2004-01-01T00:00:00Z""]",[]
2554316,Q2554316,Sobelair,,"[""Q7""]","[""SLR""]","[""Q31""]","[""1946-01-01T00:00:00Z""]","[""2004-01-19T00:00:00Z""]"
2557066,Q2557066,Q2557066,,[],[],"[""Q232""]",[],[]
2560210,Q2560210,Air Nunavut,エア・ヌナブト,[],"[""BFF""]","[""Q16""]","[""1989-01-01T00:00:00Z""]",[]
2563454,Q2563454,African International Airways,,[],"[""AIN""]","[""Q258""]","[""1985-01-01T00:00:00Z""]","[""2008-01-01T00:00:00Z""]"
2563819,Q2563819,CityLine Hungary,,"[""ZM""]","[""CNB""]","[""Q28""]","[""2003-01-01T00:00:00Z""]",[]
2563999,Q2563999,Global Aviation,,"[""QG""]","[""GBB""]","[""Q258""]","[""2001-01-01T00:00:00Z""]",[]
2564436,Q2564436,Westair Aviation,,"[""WV""]","[""WAA""]","[""Q1030""]","[""1967-01-01T00:00:00Z""]",[]
2564481,Q2564481,Pelican Air Services,ペリカン・エア・サービス,"[""7V""]","[""PDF""]","[""Q258""]","[""2001-01-01T00:00:00Z""]","[""2009-01-01T00:00:00Z""]"
2564570,Q2564570,Rovos Air,,"[""6P""]","[""VOS""]","[""Q258""]","[""2002-01-01T00:00:00Z""]","[""2014-01-01T00:00:00Z""]"
2564997,Q2564997,AirQuarius Aviation,,[],"[""AQU""]","[""Q258""]","[""1999-01-01T00:00:00Z""]","[""2012-02-01T00:00:00Z""]"
2565038,Q2565038,National Airways Corporation,,"[""YJ""]","[""NTN""]","[""Q258""]","[""1946-01-01T00:00:00Z""]",[]
2566233,Q2566233,Champagne Airlines,,[],"[""CPH""]","[""Q142""]","[""1998-01-01T00:00:00Z""]","[""2005-11-29T00:00:00Z""]"
2566593,Q2566593,Botir-Avia,,"[""B8""]","[""BTR""]","[""Q813""]","[""2000-01-01T00:00:00Z""]","[""2006-01-01T00:00:00Z""]"
2566934,Q2566934,Abakan-Avia,,"[""4R""]","[""ABG""]","[""Q159""]","[""1992-01-01T00:00:00Z""]","[""2014-01-01T00:00:00Z""]"
2567711,Q2567711,Azmar Airlines,アズマール航空,[],"[""JIB""]","[""Q796""]",[],"[""2012-01-01T00:00:00Z""]"
2569882,Q2569882,Wiking Helikopter Service,,[],"[""WHS""]","[""Q183""]","[""1975-01-01T00:00:00Z""]",[]
2573788,Q2573788,ALROSA Air Company,アルローサ航空,"[""6R""]","[""DRU""]","[""Q159""]","[""2000-01-01T00:00:00Z"",""2003-01-01T00:00:00Z""]",[]
2582930,Q2582930,Abaeté Linhas Aéreas,,[],"[""ABJ""]","[""Q155""]","[""1994-01-01T00:00:00Z""]","[""2012-01-01T00:00:00Z""]"
2585650,Q2585650,Q2585650,,[],[],"[""Q117""]",[],[]
2589953,Q2589953,Czech Connect Airlines,チェコ・コネクト航空,"[""CQ""]","[""CCG""]","[""Q213""]","[""2011-01-01T00:00:00Z""]","[""2012-01-01T00:00:00Z""]"
2592725,Q2592725,Q2592725,,[],[],"[""Q265""]",[],[]
2593558,Q2593558,Q2593558,,[],[],[],[],[]
2597641,Q2597641,Eagle Aviation France,,[],"[""EGN""]","[""Q142""]","[""1998-01-01T00:00:00Z""]","[""2009-01-01T00:00:00Z""]"
2601293,Q2601293,Island Air (Hawaii),アイランドエアー,"[""WP""]","[""MKU""]","[""Q30""]","[""1980-01-01T00:00:00Z""]",[]
2602173,Q2602173,Yak-Service,ヤク・サービス,[],"[""AKY""]","[""Q159""]","[""1993-01-01T00:00:00Z""]","[""2011-09-21T00:00:00Z""]"
2603232,Q2603232,Skytraders,スカイトレーダーズ,[],"[""SND""]","[""Q408""]","[""1979-01-01T00:00:00Z""]",[]
2603565,Q2603565,Alexandair,,[],"[""AXN""]","[""Q41""]","[""2004-01-01T00:00:00Z""]",[]
2607665,Q2607665,Indonesian Airlines,,"[""IO""]","[""IAA""]","[""Q252""]","[""1999-01-01T00:00:00Z""]","[""2007-01-01T00:00:00Z""]"
2611893,Q2611893,Air France KLM Martinair Cargo,,"[""AF""]",[],"[""Q142""]",[],[]
2615936,Q2615936,Afrijet Airlines,アフリジェット・エアラインズ,"[""6F""]","[""FRJ""]","[""Q1033""]","[""1999-01-01T00:00:00Z""]","[""2009-01-01T00:00:00Z""]"
2615955,Q2615955,First Nation Airways,ファースト・ネーション航空,[],"[""FRN""]","[""Q1033""]","[""2011-01-01T00:00:00Z""]",[]
2620605,Q2620605,Click Airways,クリック・エアウェイズ,"[""C4""]","[""CGK""]","[""Q878""]","[""2004-01-01T00:00:00Z""]",[]
2621503,Q2621503,Avio Linee Italiane,,"[""AV""]",[],"[""Q38""]","[""1926-01-01T00:00:00Z""]","[""1952-03-31T00:00:00Z""]"
2622310,Q2622310,Alliance Airlines,アライアンス航空,"[""QQ""]","[""UTY""]","[""Q408""]","[""2002-01-01T00:00:00Z""]",[]
2623519,Q2623519,Benin Golf Air,,"[""A8""]","[""BGL""]","[""Q962""]","[""2002-01-01T00:00:00Z""]","[""2012-01-01T00:00:00Z""]"
2644271,Q2644271,Dirgantara Air Service,,"[""AW""]","[""DIR""]","[""Q252""]","[""1971-01-01T00:00:00Z""]","[""2009-01-01T00:00:00Z""]"
2644312,Q2644312,Q2644312,,[],"[""AMM""]","[""Q217""]","[""2004-01-01T00:00:00Z""]","[""2007-01-01T00:00:00Z""]"
2646846,Q2646846,Q2646846,,[],[],[],[],[]
2648276,Q2648276,Kazaviaspas,,"[""ZS""]","[""KZS""]","[""Q232""]","[""2003-01-01T00:00:00Z""]",[]
2651080,Q2651080,SkyLink Aviation,スカイリンク航空,[],"[""SKK""]","[""Q16""]",[],[]
2652981,Q2652981,East African Safari Air,イーストアフリカン・サファリエアー,"[""B5"",""RX""]","[""EXZ""]","[""Q114""]","[""1989-01-01T00:00:00Z""]",[]
2656283,Q2656283,Jet Express,,"[""G2""]","[""VXG""]",[],"[""1994-01-01T00:00:00Z""]",[]
2663434,Q2663434,Nasair,ナスエア,"[""UE""]","[""NAS""]","[""Q986""]","[""2006-01-01T00:00:00Z""]","[""2014-01-01T00:00:00Z""]"
2664003,Q2664003,Air Bangladesh,,[],"[""BGD""]","[""Q902""]","[""2000-01-01T00:00:00Z""]","[""2005-01-01T00:00:00Z""]"
2664056,Q2664056,RusAir,ルスエアー,[],"[""CGI""]","[""Q159""]","[""1994-01-01T00:00:00Z""]","[""2011-08-17T00:00:00Z""]"
2664622,Q2664622,Bright Aviation Services,,[],[],"[""Q219""]","[""2001-01-01T00:00:00Z""]","[""2007-01-01T00:00:00Z""]"
2665363,Q2665363,Q2665363,,"[""J0""]",[],"[""Q114""]",[],[]
2665713,Q2665713,Tiara Air,,"[""3P""]","[""TNM""]","[""Q21203""]","[""2006-01-01T00:00:00Z""]","[""2016-11-28T00:00:00Z""]"
2667744,Q2667744,Orbest,オーベスト航空,"[""6O""]","[""OBS""]","[""Q45""]","[""2007-01-01T00:00:00Z""]",[]
2668544,Q2668544,Interlink Airlines,インターリンク航空,"[""ID""]","[""ITK""]","[""Q258""]","[""1997-01-01T00:00:00Z""]","[""2010-01-01T00:00:00Z""]"
2671015,Q2671015,Q2671015,,"[""I6""]",[],"[""Q869""]",[],[]
2671876,Q2671876,Izhavia,イジャヴィア,"[""I8""]","[""IZA""]","[""Q159""]","[""1992-01-01T00:00:00Z""]",[]
2672130,Q2672130,Blu-express,,[],[],[],"[""2005-01-01T00:00:00Z""]","[""2022-01-01T00:00:00Z""]"
2678060,Q2678060,Proflight Zambia,プロフライト・ザンビア,"[""P0""]","[""PFZ""]","[""Q953""]","[""1991-01-01T00:00:00Z""]",[]
2679990,Q2679990,Chernomor-Avia,チェルノモールアビア,[],"[""CMK""]","[""Q159""]","[""1994-01-01T00:00:00Z""]","[""2006-01-01T00:00:00Z""]"
2680666,Q2680666,Lignes Aériennes Congolaises,,"[""4V""]","[""LCG""]","[""Q974""]","[""2005-01-01T00:00:00Z""]","[""2013-01-01T00:00:00Z""]"
2681637,Q2681637,Scorpion Air,,[],"[""SPN""]","[""Q219""]","[""1990-01-01T00:00:00Z""]","[""2007-01-01T00:00:00Z""]"
2687547,Q2687547,De Kroonduif,,[],[],"[""Q252""]","[""1955-01-01T00:00:00Z""]","[""1963-01-01T00:00:00Z""]"
2690324,Q2690324,Challenge Aero,,[],"[""CHG""]","[""Q212""]","[""2002-01-01T00:00:00Z""]",[]
2693168,Q2693168,Cronos Airlines,クロノス航空,"[""C8""]","[""CRA""]","[""Q983""]","[""2007-01-01T00:00:00Z""]",[]
2694487,Q2694487,Q2694487,,[],[],"[""Q399""]",[],[]
2697062,Q2697062,Air Togo,,"[""YT""]","[""TGA""]","[""Q945""]","[""2001-01-01T00:00:00Z""]","[""2005-01-01T00:00:00Z""]"
2700305,Q2700305,Air Turquoise,,"[""RT""]","[""ATQ""]","[""Q142""]","[""2005-01-01T00:00:00Z""]","[""2006-01-01T00:00:00Z""]"
2704589,Q2704589,Ukrainian Cargo Airways,,"[""6Z""]","[""UKS""]","[""Q212""]","[""1997-01-01T00:00:00Z""]","[""2009-01-01T00:00:00Z""]"
2713350,Q2713350,Tata Airlines,,[],[],"[""Q668""]",[],[]
2714882,Q2714882,White Eagle Aviation,,"[""W2""]","[""WEA""]","[""Q36""]","[""1992-01-01T00:00:00Z""]","[""2010-01-01T00:00:00Z""]"
2721211,Q2721211,Orbit Express Airlines,,"[""OA""]","[""OAC""]","[""Q43""]","[""2003-01-01T00:00:00Z""]",[]
2723467,Q2723467,Aéropostale,アエロポスタル,[],[],"[""Q142""]","[""1918-01-01T00:00:00Z"",""1927-01-01T00:00:00Z""]","[""1933-01-01T00:00:00Z""]"
2724044,Q2724044,Transafrik International,,"[""PQ""]","[""TFK""]",[],"[""1984-01-01T00:00:00Z""]",[]
2726510,Q2726510,Q2726510,,[],[],"[""Q1039""]",[],[]
2727885,Q2727885,Mars RK,,"[""6V""]","[""MRW""]","[""Q212""]","[""2001-01-01T00:00:00Z""]","[""2018-01-01T00:00:00Z""]"
2731894,Q2731894,Trans European Airways,トランス・ヨーロピアン・エアウェイズ,"[""HE""]","[""TEA""]","[""Q31""]","[""1971-01-01T00:00:00Z""]","[""1991-09-27T00:00:00Z""]"
2733911,Q2733911,Manx Airlines,,"[""JE""]","[""MNX""]","[""Q9676""]","[""1982-01-01T00:00:00Z""]","[""2002-01-01T00:00:00Z""]"
2734772,Q2734772,Q2734772,,[],[],"[""Q159""]",[],[]
2735167,Q2735167,VIP Avia,,[],"[""VPV""]","[""Q230""]","[""2005-01-01T00:00:00Z""]","[""2008-01-01T00:00:00Z""]"
2736076,Q2736076,Comores Aviation International,コモロ・アビエーション,[],"[""KMZ""]","[""Q970""]","[""1996-01-01T00:00:00Z""]",[]
2736943,Q2736943,Airest,エアエスト,[],"[""AEG""]","[""Q191""]","[""2002-01-01T00:00:00Z""]",[]
2739042,Q2739042,Exin,,[],"[""EXN""]","[""Q36""]","[""1991-01-01T00:00:00Z""]",[]
2740313,Q2740313,Khors Air,,[],"[""KHO""]","[""Q212""]","[""1990-01-01T00:00:00Z""]","[""2022-01-01T00:00:00Z""]"
2744019,Q2744019,Hermes Airlines,,"[""H3""]","[""HRM""]","[""Q41""]","[""2011-01-01T00:00:00Z""]","[""2016-02-15T00:00:00Z""]"
2744037,Q2744037,Aviator Airways,,[],"[""AVW""]","[""Q41""]",[],[]
2744114,Q2744114,Bluebird Airways,ブルーバード航空,"[""BZ""]","[""BBG""]","[""Q41""]","[""2008-01-01T00:00:00Z""]",[]
2745353,Q2745353,Aerokuzbass,,[],[],"[""Q159""]","[""1952-01-01T00:00:00Z""]",[]
2749294,Q2749294,First Flight Couriers,,[],[],"[""Q668""]",[],[]
2750369,Q2750369,Linus Airways,,[],"[""LAI""]","[""Q252""]","[""2008-01-01T00:00:00Z""]","[""2009-04-27T00:00:00Z""]"
2757579,Q2757579,Air Tropiques,エア・トロピック,[],[],"[""Q974""]","[""2001-01-01T00:00:00Z""]",[]
2758413,Q2758413,Q2758413,,[],[],"[""Q232""]",[],[]
2778021,Q2778021,Aladia Airlines,,"[""9A""]","[""AYD""]","[""Q96""]","[""2006-01-01T00:00:00Z""]","[""2008-01-01T00:00:00Z""]"
2781127,Q2781127,Skyjet Airlines,,"[""UQ""]","[""SJU""]","[""Q1036""]","[""2003-01-01T00:00:00Z""]",[]
2783814,Q2783814,Q2783814,,[],"[""SVL""]","[""Q212""]","[""2002-01-01T00:00:00Z""]","[""2007-01-01T00:00:00Z""]"
2784136,Q2784136,Max Air,マックスエア,"[""NR""]","[""NGL""]","[""Q1033""]","[""2008-01-01T00:00:00Z""]",[]
2785910,Q2785910,KLM West-Indisch Bedrijf,,[],[],"[""Q55""]",[],[]
2789936,Q2789936,Q2789936,,[],[],"[""Q159""]",[],[]
2790070,Q2790070,Grand Canyon Airlines,,"[""YR""]","[""CVU""]","[""Q30""]","[""1927-01-01T00:00:00Z""]",[]
2793221,Q2793221,Pacificair,パシフィックエア,"[""GX""]",[],"[""Q928""]","[""1947-01-01T00:00:00Z""]",[]
2793321,Q2793321,Meridian Airways,,[],"[""MAG""]","[""Q31""]","[""2007-01-01T00:00:00Z""]","[""2015-01-01T00:00:00Z""]"
2799339,Q2799339,Eurojet Airlines,,[],[],"[""Q142""]","[""2003-01-01T00:00:00Z""]","[""2004-01-01T00:00:00Z""]"
2802928,Q2802928,DETA Air,,"[""9D""]","[""DET""]","[""Q232""]","[""2005-01-01T00:00:00Z""]","[""2013-01-01T00:00:00Z""]"
2812546,Q2812546,Qatar Amiri Flight,カタールアミリフライト,[],"[""QAF""]","[""Q846""]","[""1977-01-01T00:00:00Z""]",[]
2819046,Q2819046,ACES Colombia,ACES コロンビア,"[""VX""]","[""AES""]","[""Q739""]","[""1971-01-01T00:00:00Z""]","[""2003-08-20T00:00:00Z""]"
2819203,Q2819203,AIR MANA,,[],[],"[""Q142""]",[],[]
2819225,Q2819225,ANA & JP Express,ANA&JPエクスプレス,"[""9N""]","[""AJV""]","[""Q17""]","[""2006-01-01T00:00:00Z""]","[""2010-01-01T00:00:00Z""]"
2819288,Q2819288,Q2819288,,[],[],"[""Q736""]","[""1961-01-01T00:00:00Z""]",[]
2819638,Q2819638,Arizona Airways,アリゾナ航空,"[""VZ""]","[""AZY""]","[""Q30""]","[""1993-01-01T00:00:00Z""]",[]
2825566,Q2825566,Aer Turas,,"[""QT""]",[],"[""Q27""]","[""1962-01-01T00:00:00Z""]","[""2003-01-01T00:00:00Z""]"
2825580,Q2825580,Aeris,,"[""SH""]","[""AIS""]","[""Q142""]","[""1990-01-01T00:00:00Z"",""1999-01-01T00:00:00Z""]","[""2003-01-01T00:00:00Z""]"
2825586,Q2825586,Aero Ejecutivos,,[],"[""VEJ""]","[""Q717""]","[""1985-01-01T00:00:00Z""]",[]
2825625,Q2825625,Aerocon,アエロコン航空,"[""A4""]","[""AEK""]","[""Q750""]","[""2005-01-01T00:00:00Z""]",[]
2825631,Q2825631,Aerolíneas Internacionales,,"[""N2""]","[""LNT""]","[""Q96""]","[""1994-01-01T00:00:00Z""]","[""2003-01-01T00:00:00Z""]"
2825632,Q2825632,Aerolineas Sudamericanas,,[],[],"[""Q750""]","[""2007-01-01T00:00:00Z""]","[""2008-01-01T00:00:00Z""]"
2825649,Q2825649,Aeromexpress,アエロメクスプレス,"[""QO""]","[""MPX""]","[""Q96""]","[""1990-01-01T00:00:00Z""]","[""2004-01-01T00:00:00Z""]"
2825651,Q2825651,Aeronaves del Peru,,[],[],"[""Q419""]","[""1965-01-01T00:00:00Z""]",[]
2825673,Q2825673,Aerotours Dominicano,,[],[],"[""Q786""]","[""1973-01-01T00:00:00Z""]",[]
2826163,Q2826163,Africa West Airlines,アフリカ・ウェスト航空,"[""FK""]","[""WTA""]","[""Q945""]","[""1997-01-01T00:00:00Z""]","[""2013-01-01T00:00:00Z""]"
2828172,Q2828172,Air Van Airlines,,[],"[""VAR""]","[""Q399""]","[""2003-01-01T00:00:00Z""]","[""2005-01-01T00:00:00Z""]"
2828178,Q2828178,Q2828178,,[],[],[],[],[]
2828182,Q2828182,Air Bleu,エールブルー,[],[],"[""Q142""]","[""1935-01-01T00:00:00Z""]","[""1940-01-01T00:00:00Z""]"
2828183,Q2828183,Air Atlantique,,"[""V6""]","[""ABP""]","[""Q142""]","[""1964-01-01T00:00:00Z""]","[""2004-01-01T00:00:00Z""]"
2828184,Q2828184,Air Canada Rouge,エア・カナダ ルージュ,"[""RV""]","[""ROU""]","[""Q16""]","[""2013-01-01T00:00:00Z""]",[]
2828186,Q2828186,Air Comores,,[],[],"[""Q970""]","[""1966-01-01T00:00:00Z""]","[""1995-09-01T00:00:00Z""]"
2828187,Q2828187,Q2828187,,[],[],"[""Q408""]",[],[]
2828190,Q2828190,Q2828190,,[],[],"[""Q16""]",[],[]
2828196,Q2828196,Air Express Algeria,,[],[],"[""Q262""]","[""2002-01-01T00:00:00Z""]",[]
2828197,Q2828197,Air Florida,エア・フロリダ,"[""QH""]","[""FLA""]","[""Q30""]","[""1971-01-01T00:00:00Z""]","[""1984-07-03T00:00:00Z""]"
2828203,Q2828203,Q2828203,,[],[],"[""Q142""]",[],"[""1948-01-01T00:00:00Z""]"
2828204,Q2828204,Air Georgia,,"[""DA""]",[],"[""Q230""]",[],[]
2828205,Q2828205,Air ITM,,[],[],"[""Q142""]","[""2005-01-01T00:00:00Z""]",[]
2828208,Q2828208,Q2828208,エール・ガボン・インターナショナル,[],[],"[""Q1000""]","[""2006-01-01T00:00:00Z""]",[]
2828209,Q2828209,Kivu Air,,[],[],"[""Q974""]","[""1997-01-01T00:00:00Z""]",[]
2828214,Q2828214,Maestro,,"[""5G""]","[""SSV""]","[""Q16""]","[""2006-01-01T00:00:00Z""]","[""2007-01-01T00:00:00Z""]"
2828215,Q2828215,Air Livonia,,[],"[""LIV""]","[""Q191""]","[""1999-01-01T00:00:00Z""]","[""2006-01-01T00:00:00Z"",""2006-04-30T00:00:00Z""]"
2828219,Q2828219,Air Ontario,オンタリオ航空,"[""GX""]","[""ONT""]","[""Q16""]","[""1987-01-01T00:00:00Z""]","[""2001-01-01T00:00:00Z""]"
2828221,Q2828221,Air Outremer,,"[""QN""]",[],"[""Q142""]","[""1990-01-01T00:00:00Z""]","[""2001-01-01T00:00:00Z""]"
2828225,Q2828225,Air St. Thomas,エア・セント・トーマス,[],[],[],"[""1993-01-01T00:00:00Z""]","[""http://www.wikidata.org/.well-known/genid/ceb8057e6553e4e6d82bd713ade376f8""]"
2828227,Q2828227,Air Saguenay,,[],[],"[""Q16""]","[""1960-01-01T00:00:00Z""]","[""2019-01-01T00:00:00Z""]"
2828233,Q2828233,Air Srpska,,"[""R6""]","[""SBK""]","[""Q225""]","[""1999-01-01T00:00:00Z""]","[""2003-01-01T00:00:00Z""]"
2828237,Q2828237,Air Tungaru,ツンガル航空,"[""VK""]","[""TUN""]","[""Q710""]","[""1977-01-01T00:00:00Z""]","[""1994-01-01T00:00:00Z""]"
2828240,Q2828240,Air Vietnam,エア・ベトナム,"[""VN""]",[],"[""Q881""]","[""1951-01-01T00:00:00Z""]","[""1975-04-30T00:00:00Z""]"
2828244,Q2828244,Air Urga,ウラガ航空,"[""3N""]","[""URG""]","[""Q212""]","[""1993-08-21T00:00:00Z""]",[]
2828257,Q2828257,Q2828257,,[],[],"[""Q142""]","[""1966-01-01T00:00:00Z""]",[]
2828729,Q2828729,Airlift International,リドル航空,"[""RD""]","[""AIR""]","[""Q30""]","[""1965-01-01T00:00:00Z""]","[""1991-06-01T00:00:00Z""]"
2835801,Q2835801,Aerocondor Colombia,,"[""OD""]",[],"[""Q739""]","[""1955-01-01T00:00:00Z""]","[""1980-01-01T00:00:00Z""]"
2835935,Q2835935,Ibertrans Aérea,,[],"[""IBT""]","[""Q29""]","[""1991-01-01T00:00:00Z""]","[""2009-01-01T00:00:00Z""]"
2837473,Q2837473,Magnicharters,マグニチャーター,"[""UJ""]","[""GMT""]","[""Q96""]","[""1994-01-01T00:00:00Z""]",[]
2837839,Q2837839,Allegheny Airlines,アレゲニー航空,"[""AL""]","[""ALO""]","[""Q30""]","[""1952-01-01T00:00:00Z""]","[""1979-01-01T00:00:00Z""]"
2840095,Q2840095,Maroomba Airlines,マルーンバ・エアラインズ,"[""KN""]",[],"[""Q408""]","[""1985-01-01T00:00:00Z""]",[]
2841664,Q2841664,Antinea Airlines,,"[""HO""]","[""DJA""]","[""Q262""]","[""1999-01-01T00:00:00Z""]","[""2003-01-01T00:00:00Z""]"
2842044,Q2842044,Great Lakes Business Company,,[],[],"[""Q974""]",[],[]
2855408,Q2855408,Al Jaber Aviation,アル・ジャバー・アビエーション,[],"[""LJB""]","[""Q878""]",[],[]
2855432,Q2855432,Lionair,ライオンエア (スリランカ),"[""LN""]","[""LEO""]","[""Q854""]","[""1993-01-01T00:00:00Z""]","[""2006-01-01T00:00:00Z""]"
2855596,Q2855596,Q2855596,,[],[],"[""Q159""]",[],[]
2855635,Q2855635,Q2855635,,[],[],"[""Q232""]",[],[]
2861147,Q2861147,Aria,,[],"[""ARW""]","[""Q142""]","[""2004-01-01T00:00:00Z""]","[""2005-01-01T00:00:00Z""]"
2866496,Q2866496,Q2866496,,[],[],"[""Q252""]",[],[]
2869384,Q2869384,Atlantic Air Lift,,[],"[""HGH""]","[""Q142""]",[],[]
2869412,Q2869412,Q2869412,,[],[],"[""Q142""]",[],[]
2872172,Q2872172,Australian National Airways,オーストラリア国立航空,[],[],"[""Q408""]","[""1936-01-01T00:00:00Z""]","[""1957-01-01T00:00:00Z""]"
2873352,Q2873352,Avantair,,[],"[""VNR""]","[""Q30""]","[""2003-01-01T00:00:00Z""]","[""2013-01-01T00:00:00Z""]"
2874807,Q2874807,Axis Lines International,,"[""9Y""]",[],"[""Q1009""]","[""2006-01-01T00:00:00Z""]",[]
2875332,Q2875332,AéroLyon,,"[""4Q""]","[""AEY""]","[""Q142""]","[""1996-01-01T00:00:00Z""]","[""2001-01-01T00:00:00Z""]"
2876163,Q2876163,Aeropro,,[],"[""APO""]","[""Q16""]","[""1988-01-01T00:00:00Z""]","[""2010-01-01T00:00:00Z""]"
2876421,Q2876421,VASO Airlines,,[],"[""VSO""]","[""Q159""]","[""1993-01-01T00:00:00Z""]","[""2007-01-01T00:00:00Z""]"
2877461,Q2877461,BRA Transportes Aéreos,BRA航空,"[""B7""]","[""BRB""]","[""Q155""]","[""1999-01-01T00:00:00Z""]","[""2007-11-07T00:00:00Z""]"
2880459,Q2880459,Balair,,"[""BB""]","[""BBB""]","[""Q39""]","[""1931-03-17T00:00:00Z""]","[""2001-01-01T00:00:00Z""]"
2880835,Q2880835,Centre-South,,"[""DF""]","[""CTS""]","[""Q159""]","[""1993-01-01T00:00:00Z""]","[""2015-10-01T00:00:00Z""]"
2886874,Q2886874,Intermountain Airlines,,[],[],"[""Q30""]",[],"[""1975-01-01T00:00:00Z""]"
2891113,Q2891113,Rioja Airlines,,[],[],"[""Q29""]","[""2007-01-01T00:00:00Z""]","[""2007-01-01T00:00:00Z""]"
2892859,Q2892859,Lions Air,,[],"[""LEU""]","[""Q39""]","[""1986-01-01T00:00:00Z""]",[]
2894381,Q2894381,Caribair,カリブエア,"[""B9""]","[""CBC""]","[""Q786""]","[""1962-01-01T00:00:00Z""]",[]
2895040,Q2895040,Chim-Nir Aviation,,[],"[""ETN""]","[""Q801""]","[""1949-01-01T00:00:00Z""]","[""2019-01-01T00:00:00Z""]"
2896748,Q2896748,Ayit Aviation and Tourism,,[],"[""AYT""]","[""Q801""]","[""1985-01-01T00:00:00Z""]",[]
2898646,Q2898646,Avitrans Nordic,,"[""2Q""]","[""ETS""]","[""Q34""]","[""2004-01-01T00:00:00Z""]","[""2010-01-01T00:00:00Z""]"
2911496,Q2911496,Bosphorus European Airways,,[],"[""BHY""]","[""Q43""]","[""2002-01-01T00:00:00Z""]","[""2004-01-01T00:00:00Z""]"
2911653,Q2911653,FitsAir,フィッツエア,"[""8D""]","[""EXV""]","[""Q854""]","[""1997-01-01T00:00:00Z""]",[]
2913429,Q2913429,Megantara Air,,"[""9M""]","[""MKE""]","[""Q252""]","[""2007-01-01T00:00:00Z""]","[""2009-05-01T00:00:00Z""]"
2915415,Q2915415,Birdy Airlines,,"[""4V""]","[""BDY""]","[""Q31""]","[""2002-01-01T00:00:00Z""]","[""2004-01-01T00:00:00Z""]"
2915439,Q2915439,Hapag-Lloyd Flug,ハパックロイド・フルーク,"[""HF""]","[""HLF""]","[""Q183""]","[""1972-01-01T00:00:00Z""]","[""2007-04-03T00:00:00Z""]"
2916783,Q2916783,Mack Air,マックエア,[],"[""MKB""]","[""Q963""]","[""1994-01-01T00:00:00Z""]",[]
2917559,Q2917559,Avolar,,"[""V5""]","[""VLI""]","[""Q96""]","[""2005-01-01T00:00:00Z""]","[""2008-01-01T00:00:00Z""]"
2932417,Q2932417,Cabo Verde Express,カーボベルデ・エクスプレス,[],"[""CVE""]","[""Q1011""]","[""1998-01-01T00:00:00Z""]",[]
2933973,Q2933973,Q2933973,,[],[],"[""Q30""]","[""1946-01-01T00:00:00Z""]","[""1948-01-01T00:00:00Z""]"
2937375,Q2937375,Capital Airlines,キャピタル航空,[],[],"[""Q30""]","[""1938-11-01T00:00:00Z""]","[""1961-06-01T00:00:00Z""]"
2938752,Q2938752,Cargo B Airlines,,"[""BB""]","[""CBB""]","[""Q31""]","[""2007-01-01T00:00:00Z""]","[""2009-01-01T00:00:00Z""]"
2940428,Q2940428,Carson Helicopters,カールソン・ヘリコプター,[],[],"[""Q30""]","[""1963-01-01T00:00:00Z""]",[]
2942464,Q2942464,Air Hokkaido,エアー北海道,[],"[""ADK""]","[""Q17""]","[""1994-01-01T00:00:00Z""]","[""2006-07-01T00:00:00Z""]"
2944764,Q2944764,Centre-Avia,センターアヴィア,"[""J7""]","[""CVC""]","[""Q159""]","[""2000-01-01T00:00:00Z""]","[""2010-01-01T00:00:00Z""]"
2945963,Q2945963,Golden Myanmar Airlines,ゴールデン・ミャンマー航空,"[""Y5""]","[""GMR""]","[""Q836""]","[""2012-01-01T00:00:00Z""]","[""2022-01-01T00:00:00Z""]"
2971967,Q2971967,Skyjet,,[],[],"[""Q232""]",[],[]
2972337,Q2972337,Cielos Airlines,シエロス航空,"[""A2""]","[""CIU""]","[""Q298""]","[""1997-01-01T00:00:00Z""]","[""2006-01-01T00:00:00Z""]"
2985540,Q2985540,Podillia Avia,ポジーリャ・アヴィア,[],"[""PDA""]","[""Q212""]",[],[]
2989738,Q2989738,Comoro Islands Airline,,[],"[""CIN""]","[""Q970""]","[""2008-01-01T00:00:00Z""]","[""2011-01-01T00:00:00Z""]"
2989904,Q2989904,Compagnie des Grands Express Aériens,,[],[],"[""Q142""]","[""1919-01-01T00:00:00Z""]",[]
2989973,Q2989973,Compagnie des Messageries Aériennes,,[],[],"[""Q142""]","[""1919-02-01T00:00:00Z""]","[""1923-01-01T00:00:00Z""]"
2990198,Q2990198,Compagnie générale transaérienne,,[],[],"[""Q142""]","[""1909-01-01T00:00:00Z""]","[""1921-01-01T00:00:00Z""]"
3021162,Q3021162,Deer Jet,,"[""DF""]",[],"[""Q148""]",[],[]
3027777,Q3027777,Trans Air Benin,,"[""N4""]","[""TNB""]","[""Q962""]","[""2000-01-01T00:00:00Z""]","[""2016-01-01T00:00:00Z""]"
3027994,Q3027994,Q3027994,LAPA航空,"[""MJ""]","[""LPR""]","[""Q414""]","[""1977-01-01T00:00:00Z""]","[""2003-04-01T00:00:00Z""]"
3029196,Q3029196,Susi Air,スシ・エアー,"[""SI""]","[""SQS""]","[""Q252""]","[""2004-01-01T00:00:00Z""]",[]
3040537,Q3040537,National Airlines,ナショナル航空,"[""NA""]","[""NAL""]","[""Q30""]","[""1934-01-01T00:00:00Z""]","[""1980-01-01T00:00:00Z""]"
3041717,Q3041717,Dutch Caribbean Airlines,,"[""K8""]","[""DCE""]","[""Q25279""]","[""2001-01-01T00:00:00Z""]","[""2004-01-01T00:00:00Z""]"
3046568,Q3046568,Eastern Provincial Airways,,[],[],"[""Q16""]","[""1949-01-01T00:00:00Z""]","[""1986-01-01T00:00:00Z""]"
3047750,Q3047750,Mango Airlines,,[],[],[],[],[]
3051156,Q3051156,Q3051156,,"[""8B""]",[],"[""Q1028""]","[""2009-01-01T00:00:00Z""]",[]
3054419,Q3054419,Enkor,,[],"[""ENK""]","[""Q159""]","[""1997-01-01T00:00:00Z""]","[""2004-01-01T00:00:00Z""]"
3060496,Q3060496,Euralair,,"[""RN""]","[""EUL""]","[""Q142""]","[""1964-01-01T00:00:00Z""]","[""2003-11-01T00:00:00Z""]"
3060669,Q3060669,EuroManx,,"[""3W""]","[""EMX""]","[""Q9676""]","[""2002-01-01T00:00:00Z""]","[""2008-01-01T00:00:00Z""]"
3060733,Q3060733,EAS Europe Airlines,,"[""EY""]","[""EYT""]","[""Q142""]","[""1965-07-01T00:00:00Z""]","[""1995-03-06T00:00:00Z""]"
3061882,Q3061882,ExecuJet Aviation Group,,[],[],"[""Q39""]","[""1991-01-01T00:00:00Z""]",[]
3061897,Q3061897,Executive Airlines,エグゼクティブ航空,"[""OW""]","[""EGF""]","[""Q30""]","[""1986-01-01T00:00:00Z""]","[""2013-01-01T00:00:00Z""]"
3072952,Q3072952,First Nations Transportation,,[],[],[],"[""2003-01-01T00:00:00Z""]",[]
3074581,Q3074581,Fly Linhas Aéreas,,"[""4H""]","[""FLB""]","[""Q155""]","[""1995-01-01T00:00:00Z""]","[""2003-01-01T00:00:00Z""]"
3089158,Q3089158,Líneas Aéreas Azteca,,"[""ZE""]","[""LCD""]","[""Q96""]","[""2000-01-01T00:00:00Z""]","[""2007-01-01T00:00:00Z""]"
3089528,Q3089528,Air Canada Tango,エア・カナダタンゴ,"[""AC""]","[""ACA""]","[""Q16""]","[""2001-01-01T00:00:00Z""]","[""2004-01-01T00:00:00Z""]"
3090256,Q3090256,Loftleiðir,アイスランディック航空,"[""LL""]",[],"[""Q189""]","[""1944-01-01T00:00:00Z""]","[""1979-01-01T00:00:00Z""]"
3094934,Q3094934,Gambia Bird,ガンビア・バード,"[""3G""]","[""GBQ""]","[""Q1005""]","[""2012-01-01T00:00:00Z""]","[""2014-01-01T00:00:00Z""]"
3106812,Q3106812,Indonesia Air Transport,インドネシア・エア・トランスポート,"[""I8""]","[""IDA""]","[""Q252""]","[""1968-01-01T00:00:00Z""]",[]
3112416,Q3112416,Bonaire Express,,"[""9H""]","[""BXL""]","[""Q55""]","[""2003-01-01T00:00:00Z""]","[""2005-04-30T00:00:00Z""]"
3115240,Q3115240,Grands Express Aériens,,[],[],"[""Q142""]","[""1919-03-20T00:00:00Z""]","[""1923-04-01T00:00:00Z""]"
3120944,Q3120944,Q3120944,,"[""GB""]",[],"[""Q43""]",[],[]
3127547,Q3127547,Harmony Airways,,"[""HQ""]","[""HMY""]","[""Q16""]","[""2002-01-01T00:00:00Z""]","[""2007-01-01T00:00:00Z""]"
3131224,Q3131224,Transporte Aéreo Militar,TAM,[],"[""EPT""]","[""Q750""]","[""1945-06-15T00:00:00Z""]",[]
3135436,Q3135436,Highland Express Airways,,"[""VY""]","[""TTN""]","[""Q145""]","[""1984-01-01T00:00:00Z""]","[""1988-01-01T00:00:00Z""]"
3135440,Q3135440,Highland Airways,,"[""8H""]","[""HWY""]","[""Q145""]","[""1997-01-01T00:00:00Z""]","[""2010-03-24T00:00:00Z""]"
3144646,Q3144646,Hélilagon,,[],[],"[""Q142""]","[""1987-01-01T00:00:00Z""]",[]
3147411,Q3147411,Q3147411,,[],[],[],[],[]
3152963,Q3152963,Ryazanaviatrans,,[],"[""RYX""]","[""Q159""]","[""1992-01-01T00:00:00Z""]","[""2012-01-01T00:00:00Z""]"
3153118,Q3153118,Interconair,,[],[],[],[],[]
3156338,Q3156338,Ivoirienne de Transports Aériens,,[],[],"[""Q1008""]","[""2007-01-01T00:00:00Z""]",[]
3164766,Q3164766,Q3164766,,[],[],"[""Q212""]",[],[]
3166120,Q3166120,Air Anatolia,,"[""TD""]","[""NTL""]","[""Q43""]","[""1998-01-01T00:00:00Z""]","[""2002-01-01T00:00:00Z""]"
3166880,Q3166880,RyanAtlantic,,[],[],[],[],[]
3177764,Q3177764,Aeroflot-Plus,,"[""P3""]","[""PLS""]","[""Q159""]","[""1996-01-01T00:00:00Z""]","[""2012-07-04T00:00:00Z""]"
3179610,Q3179610,Star Aviation,,[],[],"[""Q262""]","[""2001-01-01T00:00:00Z""]",[]
3193881,Q3193881,KNILM,オランダ領インド航空,[],[],"[""Q55""]","[""1928-01-01T00:00:00Z""]","[""1947-08-01T00:00:00Z""]"
3195152,Q3195152,Kenmore Air,ケンモア・エア,"[""M5""]","[""KEN""]","[""Q30""]","[""1946-01-01T00:00:00Z""]",[]
3196022,Q3196022,Khalifa Airways,,"[""K6""]","[""KZW""]","[""Q262""]","[""1999-01-01T00:00:00Z""]","[""2003-01-01T00:00:00Z""]"
3200452,Q3200452,Delta Connection,,"[""Z9""]","[""DCP""]","[""Q114""]","[""2004-01-01T00:00:00Z""]",[]
3206020,Q3206020,Q3206020,,[],[],[],[],[]
3206640,Q3206640,Deccan 360,,"[""3C""]","[""DEC""]","[""Q668""]","[""2009-01-01T00:00:00Z""]",[]
3206937,Q3206937,Crescent Air Cargo,,[],[],"[""Q668""]","[""2004-01-01T00:00:00Z""]","[""2006-01-01T00:00:00Z""]"
3212755,Q3212755,Quick Airways Holland,,[],[],[],[],[]
3230746,Q3230746,Pskovavia,,[],"[""PSW""]","[""Q159""]","[""1944-01-01T00:00:00Z""]",[]
3246680,Q3246680,Travira Air,トラヴィラ・エアー,"[""TR""]","[""TVV""]","[""Q252""]",[],[]
3258837,Q3258837,Anikay Air,,[],"[""AKF""]","[""Q813""]","[""2003-01-01T00:00:00Z""]","[""2007-01-01T00:00:00Z""]"
3258921,Q3258921,ALS – Aircraft Leasing Services,,"[""K4""]",[],"[""Q114""]","[""1985-01-01T00:00:00Z""]",[]
3260360,Q3260360,NovoAir,ノヴォエア,"[""VQ""]","[""NVQ""]","[""Q902""]","[""2013-01-01T00:00:00Z""]",[]
3261146,Q3261146,Volar Airlines,,"[""XO""]","[""DRS""]","[""Q29""]","[""2001-01-01T00:00:00Z""]","[""2005-01-01T00:00:00Z""]"
3270934,Q3270934,Cham Wings Airlines,シャーム・ウィングス航空,"[""6Q""]","[""SAW""]","[""Q858""]","[""2007-01-01T00:00:00Z""]",[]
3270980,Q3270980,Djibouti Air,ジブチエア,"[""DA""]",[],"[""Q977""]","[""2011-01-01T00:00:00Z""]",[]
3277798,Q3277798,Inter Island Airways,インターアイランド・エアウェイズ,[],[],"[""Q30""]","[""1993-01-01T00:00:00Z""]",[]
3280888,Q3280888,Krylo Airlines,,"[""K9""]","[""KRI""]","[""Q159""]","[""1990-01-01T00:00:00Z""]","[""2003-01-01T00:00:00Z""]"
3281919,Q3281919,Khozu Avia,クホズ・アヴィア,[],[],"[""Q232""]","[""1997-01-01T00:00:00Z""]",[]
3291815,Q3291815,Noar Linhas Aéreas,,[],"[""NRA""]","[""Q155""]","[""2009-01-01T00:00:00Z""]","[""2011-01-01T00:00:00Z""]"
3296639,Q3296639,Q3296639,クラス航空,"[""VZ""]","[""QCL""]","[""Q77""]","[""1996-01-01T00:00:00Z""]",[]
3298616,Q3298616,Tropic Air,,[],"[""TOS""]","[""Q242""]","[""1979-01-01T00:00:00Z""]",[]
3306710,Q3306710,SAS Braathens,,"[""BU""]","[""CNO""]","[""Q20""]","[""2004-01-01T00:00:00Z""]","[""2007-01-01T00:00:00Z""]"
3311598,Q3311598,Regional Paraguaya,,"[""P7""]","[""REP""]","[""Q733""]","[""2008-01-01T00:00:00Z""]","[""2010-01-01T00:00:00Z""]"
3312738,Q3312738,Midwest Connect,,[],[],"[""Q30""]",[],"[""2010-01-01T00:00:00Z""]"
3314904,Q3314904,Minerve,,"[""IW""]","[""MIN""]","[""Q142""]","[""1975-01-01T00:00:00Z""]","[""1992-01-01T00:00:00Z""]"
3333716,Q3333716,PAL Airlines,PAL航空,"[""5P""]","[""PCP""]","[""Q298""]","[""2003-01-01T00:00:00Z""]","[""2014-09-01T00:00:00Z""]"
3334173,Q3334173,Bismillah Airlines,ビスミラー航空,"[""5Z""]","[""BML""]","[""Q902""]","[""1998-01-01T00:00:00Z""]",[]
3335810,Q3335810,Nantucket Airlines,ナンタケットエアラインズ,"[""9K""]","[""ACK""]","[""Q30""]",[],[]
3339040,Q3339040,New York Airways,ニューヨーク航空,[],[],"[""Q30""]","[""1949-01-01T00:00:00Z""]","[""1979-01-01T00:00:00Z""]"
3339370,Q3339370,Samair,,"[""9C""]","[""CCS""]","[""Q214""]","[""2010-01-01T00:00:00Z""]","[""2014-01-01T00:00:00Z""]"
3339515,Q3339515,Westair Benin,,"[""WH""]","[""WSF""]","[""Q962""]","[""2002-01-01T00:00:00Z""]","[""2015-01-01T00:00:00Z""]"
3340324,Q3340324,Q3340324,,[],[],[],[],[]
3341815,Q3341815,Q3341815,,[],[],"[""Q159""]",[],[]
3342900,Q3342900,Nolinor Aviation,ノリノール・エビエーション,"[""N5""]","[""NRL""]","[""Q16""]","[""1992-01-01T00:00:00Z""]",[]
3343575,Q3343575,Nordair,ノルドエア,"[""ND""]","[""NDR""]","[""Q16""]","[""1947-01-01T00:00:00Z""]","[""1987-01-01T00:00:00Z""]"
3344198,Q3344198,Northeast Bolivian Airways,,[],"[""NBA""]","[""Q750""]","[""1970-09-14T00:00:00Z""]","[""2008-01-01T00:00:00Z""]"
3347394,Q3347394,O'Connor Airlines,,"[""UQ""]","[""OCM""]","[""Q408""]","[""1973-01-01T00:00:00Z""]","[""2007-12-14T00:00:00Z""]"
3352132,Q3352132,On Air,,[],[],"[""Q38""]","[""2006-01-01T00:00:00Z""]","[""2012-01-01T00:00:00Z""]"
3354644,Q3354644,Barents AirLink,,"[""8N""]","[""NKF""]","[""Q34""]","[""1974-01-01T00:00:00Z""]","[""2016-01-01T00:00:00Z""]"
3356329,Q3356329,Origin Pacific Airways,,"[""QO""]","[""OGN""]","[""Q664""]","[""1996-01-01T00:00:00Z""]","[""2006-09-15T00:00:00Z""]"
3358922,Q3358922,Overseas National Airways,オーバーシーズ・ナショナル・エアウェイズ,[],[],"[""Q30""]","[""1950-06-01T00:00:00Z""]","[""1978-09-14T00:00:00Z""]"
3360205,Q3360205,Pacific Western Airlines,パシフィック・ウェスタン航空,"[""PW""]","[""PWA""]","[""Q16""]","[""1946-01-01T00:00:00Z""]","[""1987-01-01T00:00:00Z""]"
3366527,Q3366527,Det Danske Luftfartselskab,デンマーク航空,[],[],"[""Q35""]","[""1918-01-01T00:00:00Z""]","[""1951-01-01T00:00:00Z""]"
3367089,Q3367089,Pet Airways,ペット・エアウェイズ,[],"[""SUB""]","[""Q30""]","[""2009-01-01T00:00:00Z""]","[""2013-01-01T00:00:00Z""]"
3369355,Q3369355,FlyNonstop,,"[""J7""]","[""DNM""]","[""Q20""]","[""2012-01-01T00:00:00Z""]","[""2013-01-01T00:00:00Z""]"
3373244,Q3373244,Payam Air,パヤム・エア,"[""2F""]","[""IRP""]","[""Q794""]","[""1996-01-01T00:00:00Z""]",[]
3373865,Q3373865,Peau Vavaʻu,ペアウ・ヴァヴァウ航空,"[""3O""]","[""PVU""]","[""Q678""]","[""2004-01-01T00:00:00Z""]","[""2007-11-01T00:00:00Z""]"
3375744,Q3375744,Icar Air,イカル・エア,[],"[""RAC""]","[""Q225""]","[""2000-01-01T00:00:00Z""]",[]
3377571,Q3377571,Petra Airlines,ペトラ・エアラインズ,"[""9P""]","[""PTR""]","[""Q810""]","[""2005-01-01T00:00:00Z""]","[""2014-01-01T00:00:00Z""]"
3396960,Q3396960,Irbis Air Company,,[],[],"[""Q232""]",[],[]
3408004,Q3408004,Proteus Airlines,プロテウス航空,"[""YS""]","[""PRB""]","[""Q142""]","[""1986-01-01T00:00:00Z""]","[""2001-01-01T00:00:00Z""]"
3408507,Q3408507,PAL Airlines,プロビンシャル・エアラインズ,"[""PB""]","[""PVL""]","[""Q16""]","[""1972-01-01T00:00:00Z""]",[]
3412468,Q3412468,Q3412468,ゲシュム航空,"[""QB""]","[""QSM""]","[""Q794""]","[""1993-01-01T00:00:00Z""]",[]
3414851,Q3414851,Quebecair Express,,"[""Q0""]",[],"[""Q16""]","[""2003-01-01T00:00:00Z""]","[""2005-01-01T00:00:00Z""]"
3423539,Q3423539,Regional,,"[""VM""]",[],"[""Q142""]","[""1992-01-01T00:00:00Z""]","[""2013-01-01T00:00:00Z""]"
3430426,Q3430426,Australian National Airways,,[],[],"[""Q408""]","[""1929-01-01T00:00:00Z""]","[""1931-01-01T00:00:00Z""]"
3431338,Q3431338,Krohn Air,,[],[],"[""Q20""]","[""2010-01-01T00:00:00Z""]","[""2014-01-01T00:00:00Z""]"
3431733,Q3431733,Wings of Bornholm,,[],"[""ETS""]","[""Q35""]","[""2009-01-01T00:00:00Z""]","[""2010-01-01T00:00:00Z""]"
3437440,Q3437440,Jämtlands Flyg,,[],[],"[""Q34""]","[""1954-01-01T00:00:00Z""]",[]
3443436,Q3443436,Rousseau Aviation,,"[""RU""]","[""RU""]","[""Q142""]","[""1963-01-01T00:00:00Z""]","[""1976-01-01T00:00:00Z""]"
3445859,Q3445859,Royal Air Cambodge,,"[""VJ""]","[""RAC""]","[""Q424""]","[""1994-01-01T00:00:00Z""]","[""2001-10-16T00:00:00Z""]"
3445864,Q3445864,RAM Cargo,RAMカーゴ,"[""AT""]",[],"[""Q1028""]","[""2010-01-01T00:00:00Z""]",[]
3445865,Q3445865,Royal Air Maroc Express,ロイヤル・エア・モロッコ・エクスプレス,"[""FN""]","[""RXP""]","[""Q1028""]","[""2009-01-01T00:00:00Z""]",[]
3445869,Q3445869,Royal Aviation,,"[""QN""]","[""ROY""]","[""Q16""]","[""1991-01-01T00:00:00Z""]","[""2001-01-01T00:00:00Z""]"
3446054,Q3446054,Royal Tongan Airlines,,"[""WR""]","[""HRH""]","[""Q678""]","[""1985-01-01T00:00:00Z""]","[""2004-01-01T00:00:00Z""]"
3468759,Q3468759,Wan Air,,"[""WB""]","[""VNR""]","[""Q142""]","[""1987-01-01T00:00:00Z""]",[]
3475710,Q3475710,Q3475710,,"[""ZM""]","[""SBZ""]","[""Q974""]","[""1979-01-01T00:00:00Z""]","[""1998-01-01T00:00:00Z""]"
3476678,Q3476678,Seaborne Airlines,シーボーンエアラインズ,"[""BB""]","[""SBS""]","[""Q30""]","[""1992-01-01T00:00:00Z""]",[]
3480558,Q3480558,Servivensa,,"[""VC""]","[""SVV""]","[""Q717""]","[""1990-01-01T00:00:00Z""]","[""2003-05-01T00:00:00Z""]"
3481168,Q3481168,Mýflug,,[],"[""MYA""]","[""Q189""]","[""1985-01-01T00:00:00Z""]",[]
3486650,Q3486650,Slick Airways,,[],[],"[""Q30""]","[""1946-01-01T00:00:00Z""]","[""1966-01-01T00:00:00Z""]"
3491355,Q3491355,Sosoliso Airlines,ソソリソ航空,"[""SO""]","[""OSL""]","[""Q1033""]","[""1994-01-01T00:00:00Z""]","[""2007-01-01T00:00:00Z""]"
3492303,Q3492303,Southern Airways,サザン航空,"[""SO""]","[""SOU""]","[""Q30""]","[""1943-01-01T00:00:00Z""]","[""1979-01-01T00:00:00Z""]"
3492943,Q3492943,Aerolimousine,,[],"[""LIN""]","[""Q159""]","[""1998-01-01T00:00:00Z""]",[]
3496545,Q3496545,Air – Transport Europe,,[],"[""EAT""]","[""Q214""]","[""1990-01-01T00:00:00Z""]",[]
3496564,Q3496564,Royal Falcon,ロイヤル・ファルコン,"[""RL""]","[""RFJ""]","[""Q810""]","[""2007-01-01T00:00:00Z""]","[""2016-08-01T00:00:00Z""]"
3499905,Q3499905,Mali Air Express,,[],"[""VXP""]","[""Q912""]","[""2005-01-01T00:00:00Z""]","[""2020-01-01T00:00:00Z""]"
3502530,Q3502530,Aerotrans,,[],"[""ATG""]","[""Q232""]","[""2000-01-01T00:00:00Z""]","[""2006-01-01T00:00:00Z""]"
3504038,Q3504038,Di Air,,[],"[""DIS""]","[""Q236""]","[""1997-01-01T00:00:00Z""]",[]
3506260,Q3506260,Svensk Lufttrafik,,[],[],"[""Q34""]","[""1919-01-01T00:00:00Z""]",[]
3508987,Q3508987,Syphax Airlines,スファクス・エアラインズ,"[""FS""]","[""SYA""]","[""Q948""]","[""2011-01-01T00:00:00Z""]","[""2023-01-01T00:00:00Z""]"
3511996,Q3511996,TAG Farnborough Airport Ltd,,[],[],"[""Q145""]",[],[]
3512020,Q3512020,LATAM Airlines Paraguay,TAMメルコスール,"[""PZ""]","[""LAP""]","[""Q733""]","[""1962-01-01T00:00:00Z""]",[]
3525312,Q3525312,Fischer Air,,"[""8F""]","[""FFR""]","[""Q213""]","[""1996-01-01T00:00:00Z""]","[""2015-01-01T00:00:00Z""]"
3526377,Q3526377,Veteran Avia,,[],"[""VTF""]","[""Q399""]","[""2009-01-01T00:00:00Z""]",[]
3526541,Q3526541,Vertir Airlines,ヴェルティア・エアラインズ,[],"[""VRZ""]","[""Q399""]","[""2009-01-01T00:00:00Z""]","[""2016-01-01T00:00:00Z""]"
3526546,Q3526546,Ararat International Airlines,,"[""4A""]","[""RRN""]","[""Q399""]","[""2010-01-01T00:00:00Z""]","[""2013-01-01T00:00:00Z""]"
3529171,Q3529171,Q3529171,,[],[],"[""Q1028""]","[""2009-01-01T00:00:00Z""]",[]
3529327,Q3529327,Vayudoot,ヴァユドゥート,"[""PF""]","[""VDT""]","[""Q668""]","[""1981-01-01T00:00:00Z""]","[""1997-04-01T00:00:00Z""]"
3530332,Q3530332,Tofino Air,,[],[],"[""Q16""]",[],[]
3531921,Q3531921,Q3531921,,[],[],"[""Q974""]","[""2004-01-01T00:00:00Z""]",[]
3532552,Q3532552,Tortug' Air,,[],[],"[""Q790""]","[""2003-01-01T00:00:00Z""]","[""2015-01-01T00:00:00Z""]"
3537318,Q3537318,Trans-Canada Air Lines,トランスカナダ航空,[],[],"[""Q16""]","[""1937-01-01T00:00:00Z""]",[]
3537331,Q3537331,TransNusa Air Services,トランスヌサ,"[""M8""]","[""TNU""]","[""Q252""]","[""2005-01-01T00:00:00Z""]",[]
3537338,Q3537338,Trans Anguilla Airways,トランス・アンギラ航空,[],[],[],[],[]
3537343,Q3537343,Trans Service Airlift,,[],"[""TSR""]","[""Q974""]","[""1991-01-01T00:00:00Z""]","[""1998-01-01T00:00:00Z""]"
3537881,Q3537881,Transportes Aéreos Bolivianos,TAB (ボリビア),"[""2L""]","[""BOL""]","[""Q750""]","[""1977-01-01T00:00:00Z""]",[]
3538860,Q3538860,Q3538860,,[],[],[],"[""1993-01-01T00:00:00Z""]",[]
3544483,Q3544483,Aerodavinci,,[],"[""DVI""]","[""Q96""]","[""1997-01-01T00:00:00Z""]",[]
3544630,Q3544630,Slovak Government Flying Service,スロバキア内務省航空団,[],"[""SSG""]","[""Q214""]",[],[]
3545238,Q3545238,Air Alsie,,"[""6I""]","[""MMD""]","[""Q35""]","[""1989-01-01T00:00:00Z""]",[]
3545294,Q3545294,Khyber Afghan Airlines,カイバル・アフガン航空,[],"[""KHY""]","[""Q889""]","[""2001-01-01T00:00:00Z""]",[]
3547581,Q3547581,Uair,,"[""UE""]",[],"[""Q77""]","[""2002-01-01T00:00:00Z""]","[""2005-01-01T00:00:00Z""]"
3550719,Q3550719,United Eagle Airlines,,"[""EU""]",[],"[""Q148""]",[],[]
3551270,Q3551270,Universal Airlines,,"[""UW""]",[],[],"[""2001-01-01T00:00:00Z""]","[""2005-01-01T00:00:00Z""]"
3554449,Q3554449,Vanair,,"[""X4""]",[],"[""Q686""]","[""1965-01-01T00:00:00Z""]","[""2004-09-01T00:00:00Z""]"
3559186,Q3559186,Wings of Lebanon,ウィングス・オブ・レバノン,"[""L4""]","[""WLB""]","[""Q822""]",[],[]
3565322,Q3565322,Lankan Cargo,ランカン・カーゴ,"[""QL""]","[""RLN""]","[""Q854""]","[""2002-01-01T00:00:00Z""]",[]
3565659,Q3565659,Waltair,,[],[],"[""Q974""]","[""1983-01-01T00:00:00Z""]",[]
3570040,Q3570040,Worldways Canada,,[],[],"[""Q16""]","[""1973-01-01T00:00:00Z""]","[""1990-10-11T00:00:00Z""]"
3572509,Q3572509,Pyrenair,ピレンエアー,[],[],"[""Q29""]","[""2006-01-01T00:00:00Z""]","[""2011-01-01T00:00:00Z""]"
3600562,Q3600562,AB Airlines,,"[""7L""]","[""AZX""]","[""Q145""]","[""1993-01-01T00:00:00Z""]","[""1999-01-01T00:00:00Z""]"
3605979,Q3605979,Aero-Kamov,,[],[],"[""Q159""]","[""1994-01-01T00:00:00Z""]",[]
3607173,Q3607173,Air Bee,,"[""BM""]","[""OBE""]","[""Q38""]","[""2008-01-01T00:00:00Z""]","[""2010-01-28T00:00:00Z""]"
3624473,Q3624473,Artsakh Air,,[],[],[],"[""2010-01-01T00:00:00Z""]",[]
3633452,Q3633452,Pawan Hans,パワン・ハンス,[],"[""PHE""]","[""Q668""]","[""1985-01-01T00:00:00Z""]",[]
3637773,Q3637773,Belle Air Europe,ベッレ・エア・ヨーロッパ,"[""L9""]","[""BAL""]","[""Q1246""]","[""2009-01-01T00:00:00Z""]","[""2013-11-28T00:00:00Z""]"
3644995,Q3644995,British Airtours,ブリティッシュ･エアツアーズ,"[""KT""]",[],"[""Q145""]","[""1969-01-01T00:00:00Z""]","[""1988-01-01T00:00:00Z""]"
3688922,Q3688922,Continent,,"[""LK""]","[""CNE""]","[""Q159""]","[""2007-01-01T00:00:00Z""]","[""2011-01-01T00:00:00Z""]"
3703803,Q3703803,BB Airways,BBエアウェイズ,[],"[""BBW""]","[""Q837""]","[""2012-01-01T00:00:00Z""]",[]
3704970,Q3704970,R Airlines,R 航空,"[""RK""]","[""RCT""]","[""Q869""]","[""2012-10-01T00:00:00Z""]","[""2018-02-18T00:00:00Z""]"
3705093,Q3705093,Lao Central Airlines,ラオ・セントラル航空,"[""LF""]","[""LKA""]","[""Q819""]","[""2010-01-01T00:00:00Z""]","[""2014-01-01T00:00:00Z""]"
3712742,Q3712742,Dolphin Air,,"[""ZD""]","[""FDN""]","[""Q878""]","[""1996-01-01T00:00:00Z""]","[""2008-01-01T00:00:00Z""]"
3721164,Q3721164,ElbaFly,,[],[],"[""Q38""]","[""2005-01-14T00:00:00Z""]","[""2012-01-01T00:00:00Z""]"
3723358,Q3723358,Elivie,,[],[],"[""Q38""]","[""1959-07-20T00:00:00Z""]","[""1971-06-30T00:00:00Z""]"
3725893,Q3725893,Pelangi Air,,"[""PG""]","[""PEG""]","[""Q833""]","[""1987-01-01T00:00:00Z""]","[""2001-01-01T00:00:00Z""]"
3730206,Q3730206,China Southwest Airlines,中国西南航空,"[""SZ""]","[""CXN""]","[""Q148""]","[""1987-01-01T00:00:00Z""]","[""2002-10-28T00:00:00Z""]"
3735800,Q3735800,Fly Lappeenranta,,"[""8H""]","[""HWY""]","[""Q33""]","[""2008-01-01T00:00:00Z""]","[""2010-01-01T00:00:00Z""]"
3738590,Q3738590,Falcon Express Cargo Airlines,ファルコンエクスプレス・カーゴエアラインズ,"[""FC""]","[""FCX""]","[""Q878""]","[""1995-01-01T00:00:00Z""]","[""2012-01-01T00:00:00Z""]"
3787519,Q3787519,Blue Sky Airlines,,[],"[""BLM""]","[""Q399""]","[""2003-01-01T00:00:00Z""]","[""2008-01-01T00:00:00Z""]"
3787534,Q3787534,Jupiter-Avia,,[],"[""JPT""]","[""Q399""]","[""1998-01-01T00:00:00Z""]","[""2002-01-01T00:00:00Z""]"
3811905,Q3811905,KAPO Avia,,"[""G7""]","[""KAO""]","[""Q159""]","[""1991-01-01T00:00:00Z""]","[""2015-01-01T00:00:00Z""]"
3819110,Q3819110,Air Dominicana,,"[""ED""]","[""RDO""]","[""Q786""]","[""2007-01-01T00:00:00Z""]","[""2009-09-21T00:00:00Z""]"
3820198,Q3820198,LARES,,[],[],"[""Q218""]","[""1930-01-01T00:00:00Z""]","[""1946-01-01T00:00:00Z""]"
3829291,Q3829291,Lease Corporation International,,[],"[""LCI""]","[""Q27""]","[""2004-01-01T00:00:00Z""]",[]
3832872,Q3832872,LATI,,[],[],"[""Q38""]","[""1939-09-11T00:00:00Z""]","[""1956-01-01T00:00:00Z""]"
3832873,Q3832873,LAI Linee Aeree Italiane,LAI航空,[],[],"[""Q38""]","[""1946-02-11T00:00:00Z""]","[""1957-11-01T00:00:00Z""]"
3833045,Q3833045,Link Air Express,,"[""6M""]","[""LKX""]","[""Q38""]","[""2006-01-01T00:00:00Z""]","[""2008-01-01T00:00:00Z""]"
3847520,Q3847520,Q3847520,,"[""7W""]","[""WAY""]","[""Q419""]","[""2006-01-01T00:00:00Z""]","[""2006-01-01T00:00:00Z""]"
3852483,Q3852483,Mauritania Airlines,モーリタニア航空インターナショナル,"[""L6""]","[""MAI""]","[""Q1025""]","[""2010-01-01T00:00:00Z""]",[]
3853495,Q3853495,Med Airlines,メド航空,[],[],"[""Q1028""]","[""1997-01-01T00:00:00Z""]","[""2001-01-01T00:00:00Z""]"
3858376,Q3858376,Minerva Airlines,,"[""N4""]","[""MTC""]","[""Q38""]","[""1996-01-01T00:00:00Z""]","[""2003-10-25T00:00:00Z""]"
3858399,Q3858399,MiniLiner,,[],"[""MNL""]","[""Q38""]","[""1981-01-01T00:00:00Z""]","[""2015-01-01T00:00:00Z""]"
3892747,Q3892747,Palmair,,[],[],"[""Q145""]","[""1993-01-01T00:00:00Z""]","[""2011-04-01T00:00:00Z""]"
3909863,Q3909863,Thai Global Airline,,[],[],"[""Q869""]",[],[]
3916685,Q3916685,Sawan Airlines,,[],[],"[""Q796""]",[],[]
3951786,Q3951786,Air France Hop,オップ!,"[""A5""]","[""HOP""]","[""Q142""]","[""2013-03-31T00:00:00Z""]",[]
3962649,Q3962649,Skybridge AirOps,,[],"[""KYB""]","[""Q38""]","[""2005-01-01T00:00:00Z""]","[""2014-02-18T00:00:00Z""]"
3963261,Q3963261,Società Aerea Mediterranea,,[],"[""MQ""]","[""Q38""]","[""1959-12-03T00:00:00Z""]","[""1981-01-01T00:00:00Z""]"
3963379,Q3963379,Società Italiana Servizi Aerei,S.I.S.A.,[],[],"[""Q172579""]","[""1921-01-01T00:00:00Z""]","[""1934-01-01T00:00:00Z""]"
4000080,Q4000080,Aerotrans Airlines,,"[""6F""]","[""PFO""]","[""Q229""]","[""1999-01-01T00:00:00Z""]","[""2003-01-01T00:00:00Z""]"
4007110,Q4007110,V Australia,V オーストラリア,"[""VA""]","[""VAU""]","[""Q408""]","[""2007-01-01T00:00:00Z""]","[""2011-12-07T00:00:00Z""]"
4023087,Q4023087,Sky Gate International Aviation,,[],"[""SGJ""]","[""Q810""]","[""2003-01-01T00:00:00Z""]","[""2008-01-01T00:00:00Z""]"
4027022,Q4027022,Japan Air Transport,日本航空輸送,[],[],"[""Q188712""]","[""1928-10-20T00:00:00Z""]","[""1938-12-01T00:00:00Z""]"
4031254,Q4031254,40-Mile Air,,[],"[""MLA""]","[""Q30""]","[""1959-01-01T00:00:00Z""]",[]
4032873,Q4032873,ABC Air Hungary,,[],"[""AHU""]","[""Q28""]","[""2005-01-01T00:00:00Z""]",[]
4033405,Q4033405,Adlair Aviation,,[],[],"[""Q16""]","[""1983-01-01T00:00:00Z""]",[]
4033467,Q4033467,Aero-Tropics Air Services,エアロトロピクス・エア・サービシズ,"[""HC""]","[""ATI""]","[""Q408""]","[""1995-01-01T00:00:00Z""]","[""2008-10-01T00:00:00Z""]"
4033474,Q4033474,Aero VIP,,"[""WV""]","[""RVP""]","[""Q45""]","[""2000-01-01T00:00:00Z""]",[]
4033596,Q4033596,Agroar Carga Aérea,アグロアール貨物航空,[],"[""GRR""]","[""Q45""]","[""1992-01-01T00:00:00Z""]","[""2005-01-01T00:00:00Z""]"
4033608,Q4033608,AirNet Express,,[],"[""USC""]","[""Q30""]","[""1974-01-01T00:00:00Z""]",[]
4033609,Q4033609,AirNow,,[],"[""RLR""]","[""Q30""]","[""1957-01-01T00:00:00Z""]","[""2011-01-01T00:00:00Z""]"
4033613,Q4033613,Air 2000,エア2000,"[""DP""]","[""AMM""]","[""Q145""]","[""1987-01-01T00:00:00Z""]","[""2004-01-01T00:00:00Z""]"
4033616,Q4033616,Air East,,[],[],"[""Q30""]","[""1967-01-01T00:00:00Z""]","[""1974-01-01T00:00:00Z""]"
4033617,Q4033617,Air Midwest,エア・ミッドウエスト,"[""ZV""]","[""AMW""]","[""Q30""]","[""1965-01-01T00:00:00Z""]","[""2008-06-01T00:00:00Z""]"
4033618,Q4033618,Air Montmagny,,[],[],"[""Q16""]","[""1954-01-01T00:00:00Z""]",[]
4033619,Q4033619,Air New Orleans,,[],[],"[""Q30""]","[""1981-01-01T00:00:00Z""]","[""1988-01-01T00:00:00Z""]"
4033620,Q4033620,Air Satellite,,"[""6O""]","[""ASJ""]","[""Q16""]","[""1968-01-01T00:00:00Z""]","[""2007-01-01T00:00:00Z""]"
4033622,Q4033622,Air Southwest,,[],[],"[""Q16""]","[""1983-01-01T00:00:00Z""]","[""2005-01-01T00:00:00Z""]"
4033625,Q4033625,Air Sunshine,,"[""YI""]","[""RSI""]","[""Q30""]","[""1982-01-01T00:00:00Z""]",[]
4033677,Q4033677,Alberta Citylink,,[],"[""ABK""]","[""Q16""]","[""1996-01-01T00:00:00Z""]","[""2004-01-01T00:00:00Z""]"
4033728,Q4033728,Alkan Air,,[],"[""AKN""]","[""Q16""]","[""1977-01-01T00:00:00Z""]",[]
4033765,Q4033765,Allegiance Air,,[],"[""ANJ""]","[""Q258""]","[""1985-01-01T00:00:00Z""]",[]
4033834,Q4033834,Alta Flights,,[],"[""ALZ""]","[""Q16""]","[""1986-01-01T00:00:00Z""]",[]
4034296,Q4034296,Arctic Circle Air,,"[""5F""]","[""CIR""]","[""Q30""]","[""1973-01-01T00:00:00Z""]","[""2011-01-01T00:00:00Z""]"
4034297,Q4034297,Arctic Sunwest Charters,,[],[],"[""Q16""]","[""1989-01-01T00:00:00Z""]",[]
4034537,Q4034537,Atlantic Coast Airlines,アトランティック・コースト航空,"[""DH""]","[""BLR""]","[""Q30""]","[""1989-01-01T00:00:00Z""]","[""2006-01-05T00:00:00Z""]"
4034638,Q4034638,Avia Traffic Company,アヴィア・トラフィック・カンパニー,"[""YK""]","[""AVJ""]","[""Q813""]","[""2003-01-01T00:00:00Z""]",[]
4034640,Q4034640,Aviaexpress,,"[""RX""]","[""AEH""]","[""Q28""]","[""1988-01-01T00:00:00Z""]","[""2003-01-01T00:00:00Z""]"
4034818,Q4034818,Balkh Airlines,バルフ・エアライン,[],"[""BHI""]","[""Q889""]","[""1996-01-01T00:00:00Z""]","[""1997-01-01T00:00:00Z""]"
4034848,Q4034848,Bar XH Air,,[],"[""BXH""]","[""Q16""]","[""1974-01-01T00:00:00Z""]",[]
4035042,Q4035042,Bering Air,ベーリング・エア,"[""8E""]","[""BRG""]","[""Q30""]","[""1979-01-01T00:00:00Z""]",[]
4035457,Q4035457,Brock Air Services,,[],"[""BRD""]","[""Q16""]","[""1978-01-01T00:00:00Z""]",[]
4035606,Q4035606,CemAir,セムエア,"[""5Z""]","[""KEM""]","[""Q258""]","[""2002-01-01T00:00:00Z""]",[]
4035803,Q4035803,Canadian Helicopters,,[],"[""CDN"",""CHL""]","[""Q16""]","[""1987-01-01T00:00:00Z""]",[]
4036061,Q4036061,Charlan Air Charter,,"[""S8""]","[""CAH""]","[""Q258""]","[""1992-01-01T00:00:00Z""]","[""2006-05-26T00:00:00Z""]"
4036611,Q4036611,Cougar Helicopters,クーガー・ヘリコプター,[],"[""CHI""]","[""Q16""]","[""1984-01-01T00:00:00Z""]",[]
4037537,Q4037537,Dornier Aviation Nigeria,ドルニエ･アビエーション･ナイジェリア,[],"[""DAV""]","[""Q1033""]","[""1979-01-01T00:00:00Z""]",[]
4037864,Q4037864,Z Air,,"[""7Z""]","[""EZR""]","[""Q55""]","[""2000-01-01T00:00:00Z""]",[]
4037879,Q4037879,East Air,イースト・エア,"[""EG""]","[""ETJ""]","[""Q863""]","[""2007-01-01T00:00:00Z""]","[""2014-01-01T00:00:00Z""]"
4038071,Q4038071,Lynx Air,,[],"[""ENJ""]","[""Q16""]","[""2007-01-01T00:00:00Z""]",[]
4038643,Q4038643,ASL Airlines Hungary,ASL航空ハンガリー,[],"[""FAH""]","[""Q28""]","[""2015-06-04T00:00:00Z""]",[]
4038797,Q4038797,Flair Airlines,フレア航空,"[""F8""]","[""FLE""]","[""Q16""]","[""2005-01-01T00:00:00Z""]",[]
4039036,Q4039036,Frontier Flying Service,,"[""2F""]","[""FTA""]","[""Q30""]","[""1950-01-01T00:00:00Z""]","[""2014-01-01T00:00:00Z""]"
4040339,Q4040339,Hageland Aviation Services,,"[""H6""]","[""HAG""]","[""Q30""]","[""1981-01-01T00:00:00Z""]","[""2008-01-01T00:00:00Z""]"
4040522,Q4040522,Helijet,,"[""JB""]","[""JBA""]","[""Q16""]","[""1986-01-01T00:00:00Z""]",[]
4040709,Q4040709,HollandExel,,"[""YZ""]","[""HXL""]","[""Q55""]","[""2003-01-01T00:00:00Z""]","[""2005-01-01T00:00:00Z""]"
4041440,Q4041440,Integra Air,,[],"[""AII""]","[""Q16""]","[""1998-01-01T00:00:00Z""]",[]
4041621,Q4041621,Irtysh Air,,"[""IH""]","[""MZA""]","[""Q232""]","[""2007-04-22T00:00:00Z""]","[""2013-01-01T00:00:00Z""]"
4041839,Q4041839,Jet America Airlines,,"[""SI""]","[""JET""]","[""Q30""]","[""1980-01-01T00:00:00Z""]","[""1987-10-01T00:00:00Z""]"
4041975,Q4041975,KD Air,,[],"[""KDC""]","[""Q16""]","[""1990-01-01T00:00:00Z""]",[]
4042123,Q4042123,Keewatin Air,,"[""FK""]","[""KEW""]","[""Q16""]","[""1972-01-01T00:00:00Z""]",[]
4042127,Q4042127,Kelowna Flightcraft Air Charter,,"[""KW""]","[""KFA""]","[""Q16""]","[""1970-01-01T00:00:00Z""]",[]
4042175,Q4042175,Keystone Air Service,,[],"[""KEE""]","[""Q16""]","[""1985-01-01T00:00:00Z""]","[""2015-01-01T00:00:00Z""]"
4042218,Q4042218,King Island Airlines,,[],[],"[""Q408""]",[],[]
4042250,Q4042250,Kivalliq Air,,"[""FK""]",[],"[""Q16""]","[""1998-01-01T00:00:00Z""]",[]
4042313,Q4042313,Kootenay Direct Airlines,,[],[],"[""Q16""]","[""2006-01-01T00:00:00Z""]",[]
4042318,Q4042318,Korek Airlines,,[],[],"[""Q796""]","[""2006-01-01T00:00:00Z""]","[""2006-05-01T00:00:00Z""]"
4042552,Q4042552,Q4042552,,"[""UC""]","[""LCO""]","[""Q298""]","[""1958-11-01T00:00:00Z""]","[""1998-01-01T00:00:00Z""]"
4043014,Q4043014,Lionair,ライオンエア,[],[],"[""Q32""]","[""1988-01-01T00:00:00Z""]","[""1990-01-01T00:00:00Z""]"
4043282,Q4043282,Luzair,,[],"[""LUZ""]","[""Q45""]","[""1997-01-01T00:00:00Z""]","[""2011-01-01T00:00:00Z""]"
4043713,Q4043713,MarcoPolo Airways,,[],"[""MCP""]","[""Q889""]","[""2003-01-01T00:00:00Z""]","[""2004-01-01T00:00:00Z""]"
4043725,Q4043725,Maritime Air Charter,,[],[],"[""Q16""]","[""1996-01-01T00:00:00Z""]",[]
4043790,Q4043790,Masterjet,,[],[],[],[],[]
4044375,Q4044375,Mistral Aviation,,[],[],"[""Q258""]",[],[]
4044536,Q4044536,Morningstar Air Express,,[],"[""MAL""]","[""Q16""]","[""1992-01-01T00:00:00Z""]",[]
4045033,Q4045033,Nakina Air Service,,[],[],"[""Q16""]",[],[]
4045082,Q4045082,Naturelink Aviation,ネイチャーリンク・アビエーション,[],"[""NRK""]","[""Q258""]","[""1997-01-01T00:00:00Z""]","[""2011-01-01T00:00:00Z""]"
4045416,Q4045416,Nobil Air,,[],"[""NBL""]","[""Q217""]","[""2003-01-01T00:00:00Z""]",[]
4045461,Q4045461,Nor-Alta Aviation,,"[""LT""]",[],"[""Q16""]","[""1986-01-01T00:00:00Z""]",[]
4045480,Q4045480,North Cariboo Air,,[],"[""NCB""]","[""Q16""]","[""1957-01-01T00:00:00Z""]",[]
4045768,Q4045768,Omni Aviation,,"[""OC""]","[""OAV""]","[""Q45""]","[""1988-01-01T00:00:00Z""]",[]
4046176,Q4046176,PGA Express,PGAエクスプレス,"[""OC""]",[],"[""Q45""]",[],"[""2015-01-01T00:00:00Z""]"
4046374,Q4046374,Pan Européenne Air Service,,[],"[""PEA""]","[""Q142""]","[""1977-01-01T00:00:00Z""]",[]
4046525,Q4046525,Pat Bay Air,,[],[],"[""Q16""]","[""2005-01-01T00:00:00Z""]","[""2016-01-01T00:00:00Z""]"
4047450,Q4047450,Pronto Airways,,[],"[""WEW""]","[""Q16""]","[""2006-01-01T00:00:00Z""]","[""2015-01-01T00:00:00Z""]"
4047451,Q4047451,Propair,プロップエア,[],"[""PRO""]","[""Q16""]","[""1981-01-01T00:00:00Z""]",[]
4047639,Q4047639,Puma Air,,"[""Z4""]","[""PLY""]","[""Q155""]","[""2002-01-01T00:00:00Z""]","[""2011-01-01T00:00:00Z""]"
4048145,Q4048145,R1 Airlines,,[],"[""TSH""]","[""Q16""]","[""2003-01-01T00:00:00Z""]","[""2020-01-01T00:00:00Z""]"
4048146,Q4048146,RegionsAir,リージョンズエア,"[""3C""]","[""CEA""]","[""Q30""]","[""1996-01-01T00:00:00Z""]","[""2007-05-25T00:00:00Z""]"
4048732,Q4048732,SETE Linhas Aéreas,,"[""5O""]","[""SLX""]","[""Q155""]","[""1999-01-01T00:00:00Z""]","[""2017-01-01T00:00:00Z""]"
4048936,Q4048936,Sabah Air,,"[""SA""]","[""SAX""]","[""Q833""]","[""1975-01-01T00:00:00Z""]",[]
4048972,Q4048972,Salt Spring Air,,[],[],"[""Q16""]","[""2003-01-01T00:00:00Z""]",[]
4049219,Q4049219,Seair Seaplanes,,[],[],"[""Q16""]","[""1980-01-01T00:00:00Z""]",[]
4049314,Q4049314,Servant Air,,"[""8D""]",[],"[""Q30""]","[""2003-01-01T00:00:00Z""]",[]
4049509,Q4049509,Simmons Airlines,シモンズ航空,"[""MQ""]","[""SYM""]","[""Q30""]","[""1978-01-01T00:00:00Z""]","[""1998-05-15T00:00:00Z""]"
4049593,Q4049593,Sky Bishkek,,"[""GY""]","[""BIS""]","[""Q813""]","[""2012-01-01T00:00:00Z""]",[]
4049702,Q4049702,Sol Linhas Aéreas,SOL航空,[],"[""SBA""]","[""Q155""]","[""2008-01-01T00:00:00Z""]",[]
4049716,Q4049716,Solenta Aviation,ソレンタ・アビエーション,[],"[""SET""]","[""Q258""]","[""2002-01-01T00:00:00Z""]",[]
4050037,Q4050037,Star Air Cargo,,[],"[""BRH""]","[""Q258""]","[""1996-01-01T00:00:00Z""]",[]
4050397,Q4050397,Sunwest Aviation,,[],"[""CNK""]","[""Q16""]","[""2006-01-01T00:00:00Z""]",[]
4050409,Q4050409,Superior Airways,,[],[],"[""Q16""]","[""2003-01-01T00:00:00Z""]",[]
4050449,Q4050449,Swanberg Air,,[],[],"[""Q16""]",[],[]
4050566,Q4050566,TAM Aviação Executiva,,[],[],"[""Q155""]","[""1961-01-01T00:00:00Z""]",[]
4050580,Q4050580,TEAM Linhas Aéreas,,[],"[""TIM""]","[""Q155""]","[""2001-01-01T00:00:00Z""]","[""2012-01-01T00:00:00Z""]"
4050660,Q4050660,Tahmid Air,,[],"[""THM""]","[""Q232""]","[""2008-01-01T00:00:00Z""]","[""2009-01-01T00:00:00Z""]"
4050667,Q4050667,Take Air,,[],[],"[""Q142""]","[""2006-01-01T00:00:00Z""]",[]
4050737,Q4050737,Taquan Air,タカン航空,"[""K3""]","[""TQN""]","[""Q30""]","[""1977-01-01T00:00:00Z""]",[]
4051458,Q4051458,Thunder Airlines,サンダー航空,[],"[""THU""]","[""Q16""]","[""1994-01-01T00:00:00Z""]",[]
4051555,Q4051555,Toll Aviation,,[],"[""TFX""]","[""Q408""]","[""1989-01-01T00:00:00Z""]",[]
4051701,Q4051701,Tramon Air,,[],"[""TMX""]","[""Q258""]","[""1995-01-01T00:00:00Z""]","[""2006-01-01T00:00:00Z""]"
4051714,Q4051714,Transwest Air,,"[""9T""]","[""ABS""]","[""Q16""]","[""2000-01-01T00:00:00Z""]",[]
4051725,Q4051725,Trek Airways,トレック・エアウェイズ,"[""JW""]","[""TKE""]","[""Q258""]","[""1953-09-23T00:00:00Z""]","[""1994-04-01T00:00:00Z""]"
4052601,Q4052601,Vancouver Island Air,,[],[],"[""Q16""]","[""1985-01-01T00:00:00Z""]",[]
4052702,Q4052702,Vincent Aviation,ヴィンセント航空,[],[],"[""Q664""]","[""1992-01-01T00:00:00Z""]","[""2014-01-01T00:00:00Z""]"
4052803,Q4052803,Voyageur Airways,,"[""VC""]","[""VAL""]","[""Q16""]","[""1968-01-01T00:00:00Z""]",[]
4052943,Q4052943,Warbelow's Air Ventures,,"[""4W""]","[""WAV""]","[""Q30""]","[""1982-01-01T00:00:00Z""]",[]
4053058,Q4053058,West Wind Aviation,,[],"[""WEW""]","[""Q16""]","[""1983-01-01T00:00:00Z""]",[]
4053137,Q4053137,Wiggins Airways,,"[""WG""]","[""WIG""]","[""Q30""]","[""1929-01-01T00:00:00Z""]",[]
4053179,Q4053179,Wings of Alaska,,"[""K5""]","[""SQH""]","[""Q30""]","[""1982-01-01T00:00:00Z""]","[""2017-03-13T00:00:00Z""]"
4053256,Q4053256,Wright Air Service,,"[""8V""]","[""WRF""]","[""Q30""]","[""1967-01-01T00:00:00Z""]",[]
4055788,Q4055788,Q4055788,,[],[],[],[],[]
4055805,Q4055805,Q4055805,,[],[],[],"[""1993-01-01T00:00:00Z""]",[]
4069427,Q4069427,Arkaim,,[],[],"[""Q159""]","[""2009-01-01T00:00:00Z""]","[""2016-01-01T00:00:00Z""]"
4073706,Q4073706,Aeroservis,,[],[],"[""Q159""]","[""2010-01-01T00:00:00Z""]",[]
4075518,Q4075518,Baikal Airlines,,"[""X3""]","[""BKL""]","[""Q159""]","[""1991-01-01T00:00:00Z""]","[""2001-01-01T00:00:00Z""]"
4099914,Q4099914,Burundaiavia,,[],"[""BRY""]","[""Q232""]","[""1946-01-01T00:00:00Z""]","[""2010-01-01T00:00:00Z""]"
4115015,Q4115015,Ghadames Air Transport,ガダメス航空,"[""0G""]",[],"[""Q1016""]","[""2004-01-01T00:00:00Z""]",[]
4115026,Q4115026,Q4115026,アタ航空,"[""I3""]","[""TBZ""]","[""Q794""]","[""2009-01-01T00:00:00Z""]",[]
4115708,Q4115708,Syrian Pearl Airlines,,[],"[""PSB""]","[""Q858""]","[""2008-01-01T00:00:00Z""]",[]
4118246,Q4118246,Smart Aviation Company,,"[""M4""]","[""SME""]","[""Q79""]","[""2007-01-01T00:00:00Z""]",[]
4126416,Q4126416,Vostok Aviation Company,,[],"[""VTK""]","[""Q159""]","[""1993-06-30T00:00:00Z""]",[]
4178058,Q4178058,Slovakian Airlines,,[],"[""SVL""]","[""Q214""]","[""2011-01-01T00:00:00Z""]","[""2012-01-01T00:00:00Z""]"
4189342,Q4189342,Sempati Air,,"[""SG""]","[""SSR""]","[""Q252""]","[""1968-01-01T00:00:00Z""]","[""1998-06-05T00:00:00Z""]"
4199381,Q4199381,AeroHonduras,,"[""4S""]","[""HON""]","[""Q783""]","[""2002-01-01T00:00:00Z""]","[""2005-01-01T00:00:00Z""]"
4199429,Q4199429,Atlantic Airlines,アトランティック航空 (ニカラグア),[],"[""AYN""]","[""Q811""]","[""1997-01-01T00:00:00Z""]","[""2007-01-01T00:00:00Z""]"
4199442,Q4199442,Avialeasing,アヴィアリーシング,"[""EC""]","[""TWN""]","[""Q265""]","[""1992-01-01T00:00:00Z""]",[]
4199445,Q4199445,Interisland Airlines,,"[""I4""]","[""ISN""]","[""Q928""]","[""1986-01-01T00:00:00Z""]",[]
4199506,Q4199506,Deccan Charters,,"[""DN""]","[""DKN""]","[""Q668""]",[],[]
4201925,Q4201925,Air Leone,,[],"[""RLL""]","[""Q1044""]","[""1999-01-01T00:00:00Z""]","[""2005-01-01T00:00:00Z""]"
4201939,Q4201939,Chabahar Airlines,チャーバハール航空,[],"[""IRU""]","[""Q794""]",[],[]
4202205,Q4202205,World Cargo Airlines,ギャディング・サリ・アヴィエーション・サービス,"[""3G""]","[""CXM"",""GSB""]","[""Q833""]","[""1996-01-01T00:00:00Z""]",[]
4202300,Q4202300,Air 26,エア26,[],"[""DCD""]","[""Q916""]","[""2006-01-01T00:00:00Z""]","[""2011-01-01T00:00:00Z""]"
4202981,Q4202981,Tigris Air,,[],[],"[""Q796""]",[],[]
4203056,Q4203056,FlyOristano,,[],[],"[""Q38""]","[""2010-01-01T00:00:00Z""]","[""2011-01-01T00:00:00Z""]"
4203236,Q4203236,Mesopotamia Air,,[],[],"[""Q796""]","[""2006-01-01T00:00:00Z""]","[""2008-01-01T00:00:00Z""]"
4203275,Q4203275,Q4203275,,[],[],[],"[""2001-01-01T00:00:00Z""]",[]
4204243,Q4204243,Tobruk Air,,"[""7T""]","[""TOB""]","[""Q1016""]",[],[]
4204350,Q4204350,Air People International,,"[""3D""]","[""APG""]","[""Q869""]","[""1986-01-01T00:00:00Z""]",[]
4204397,Q4204397,Elrom Airways,,"[""00""]","[""ELR""]","[""Q801""]","[""1990-01-01T00:00:00Z""]",[]
4204404,Q4204404,Palau Airways,パラオ航空,"[""P7""]","[""PAU""]","[""Q695""]",[],"[""2013-01-01T00:00:00Z""]"
4204615,Q4204615,Air Charter Africa,,[],"[""ACE""]","[""Q1005""]",[],[]
4204621,Q4204621,Air Leasing Cameroon,,[],[],"[""Q1009""]",[],[]
4204651,Q4204651,Transworld Aviation,,[],"[""TWR""]","[""Q810""]",[],[]
4204676,Q4204676,Petro Air,ペトロ・エア,[],"[""PEO""]","[""Q1016""]",[],[]
4204691,Q4204691,Royal Air,,[],"[""RYL""]","[""Q962""]",[],[]
4204747,Q4204747,Mais Linhas Aéreas,,[],"[""MLI""]","[""Q155""]","[""2010-01-01T00:00:00Z""]",[]
4204804,Q4204804,Airwaves Airlink,,[],"[""WLA""]","[""Q953""]",[],"[""2006-01-01T00:00:00Z""]"
4205546,Q4205546,Trans Nation Airways,,[],"[""TNW""]","[""Q115""]","[""2004-01-01T00:00:00Z""]",[]
4207229,Q4207229,Mega Maldives,メガ・モルディブ,"[""LV""]","[""MEG""]","[""Q826""]","[""2010-01-01T00:00:00Z""]","[""2017-05-02T00:00:00Z""]"
4207849,Q4207849,Kazan Air Enterprise,,[],"[""KKA""]","[""Q159""]","[""1994-01-01T00:00:00Z""]",[]
4209483,Q4209483,Kalstar Aviation,カールスター・アヴィエーション,"[""KD""]","[""KLS""]","[""Q252""]","[""2000-01-01T00:00:00Z""]","[""2017-11-30T00:00:00Z""]"
4210887,Q4210887,Nicaraguense de Aviación,ニカラグア航空,"[""6Y""]","[""NIS""]","[""Q811""]","[""1994-01-01T00:00:00Z""]","[""2004-01-01T00:00:00Z""]"
4211792,Q4211792,Q4211792,ヴィチャジアエロ,[],[],[],"[""1992-01-01T00:00:00Z""]",[]
4230402,Q4230402,Konvers Avia,,[],[],"[""Q159""]","[""1995-01-01T00:00:00Z""]",[]
4235570,Q4235570,Kostroma Air Enterprise,,[],[],"[""Q15180"",""Q159""]","[""1944-01-01T00:00:00Z""]",[]
4251011,Q4251011,Cardig Air,カルディグ・エア,"[""8F""]","[""CAD""]","[""Q252""]","[""2004-01-01T00:00:00Z""]",[]
4251740,Q4251740,Slovenian Spirit,,"[""Z2""]","[""STY""]","[""Q215""]","[""2002-01-01T00:00:00Z""]","[""2006-03-01T00:00:00Z""]"
4253231,Q4253231,SF Airlines,順豊航空,"[""O3""]","[""CSS""]","[""Q148""]","[""2009-01-01T00:00:00Z""]",[]
4262912,Q4262912,Al Rida Airways,,[],"[""LRW""]","[""Q1025""]",[],[]
4262993,Q4262993,AeroTACA,,[],"[""ATK""]","[""Q739""]","[""1996-01-01T00:00:00Z""]",[]
4263691,Q4263691,Pan African Air Services,,[],"[""PFN""]","[""Q1044""]",[],"[""http://www.wikidata.org/.well-known/genid/4e8a82f34aebf1f24c202c89cc608d75""]"
4264166,Q4264166,Avioquintana,,[],"[""AQT""]","[""Q96""]","[""1997-01-01T00:00:00Z""]",[]
4264780,Q4264780,Kalimantan Air Service,,[],[],"[""Q252""]","[""2004-01-01T00:00:00Z""]",[]
4271858,Q4271858,Rico Linhas Aéreas,,"[""C7""]","[""RLE""]","[""Q155""]","[""1996-01-01T00:00:00Z""]","[""2010-01-01T00:00:00Z""]"
4271920,Q4271920,Asia Avia Airlines,,[],"[""AVT""]","[""Q252""]","[""2003-01-01T00:00:00Z""]","[""2006-01-01T00:00:00Z""]"
4272090,Q4272090,Burkina Airlines,,"[""3B""]","[""BFR""]","[""Q965""]","[""2003-01-01T00:00:00Z""]","[""2006-01-01T00:00:00Z""]"
4272095,Q4272095,Inter Islands Airlines,,"[""H4""]","[""IIN""]","[""Q1011""]",[],"[""2009-01-01T00:00:00Z""]"
4272284,Q4272284,Aeropostal Cargo de México,,[],"[""PCG""]","[""Q96""]","[""2001-01-01T00:00:00Z""]","[""2010-01-01T00:00:00Z""]"
4272310,Q4272310,Estafeta Carga Aérea,,"[""ES""]","[""ESF""]","[""Q96""]","[""2000-01-01T00:00:00Z""]",[]
4272319,Q4272319,Diexim Expresso,ディエキシム・エクプレッソ,[],[],"[""Q916""]","[""2003-01-01T00:00:00Z""]",[]
4272346,Q4272346,Air Regional,,"[""AR""]","[""ARI""]","[""Q252""]","[""2001-01-01T00:00:00Z""]","[""2017-01-01T00:00:00Z""]"
4272356,Q4272356,Air Cess,,[],"[""ACS""]","[""Q878""]",[],"[""http://www.wikidata.org/.well-known/genid/15f72472e13fb5c4d3593a30755d15bc""]"
4272358,Q4272358,LAI – Línea Aérea IAACA,,"[""KG""]","[""BNX""]","[""Q717""]","[""1992-01-01T00:00:00Z""]","[""2006-01-01T00:00:00Z""]"
4272791,Q4272791,Enimex,,[],"[""ENI""]","[""Q191""]","[""1994-01-01T00:00:00Z""]","[""2008-01-01T00:00:00Z""]"
4304020,Q4304020,Moscow Aviation Repair Plant DOSAAF,,[],[],"[""Q159""]","[""1997-01-01T00:00:00Z""]",[]
4304229,Q4304229,Rosneft-Baltika,,[],[],"[""Q159""]","[""1997-01-01T00:00:00Z""]","[""2007-01-01T00:00:00Z""]"
4308791,Q4308791,Court Line Aviation,,[],"[""OU""]","[""Q145""]","[""1970-01-01T00:00:00Z""]","[""1974-08-15T00:00:00Z""]"
4311352,Q4311352,Faso Airways,,"[""F3""]","[""FSW""]","[""Q965""]","[""2000-01-01T00:00:00Z""]",[]
4343787,Q4343787,Dynamic Airlines,,[],"[""DYE""]","[""Q55""]","[""1980-01-01T00:00:00Z""]",[]
4345196,Q4345196,Q4345196,,[],[],[],[],[]
4346996,Q4346996,Zoom Airways,ズーム・エアウェイズ,"[""3Z""]","[""ZAW""]","[""Q902""]","[""2002-01-01T00:00:00Z""]","[""2009-01-01T00:00:00Z""]"
4355981,Q4355981,Air BC,,[],[],"[""Q16""]","[""1980-01-01T00:00:00Z""]","[""2002-01-01T00:00:00Z""]"
4358669,Q4358669,Falkland Islands Government Aviation Service,フォークランド諸島行政府エアサービス,[],[],"[""Q9648""]","[""1948-01-01T00:00:00Z""]",[]
4364675,Q4364675,Tatneftaero,,[],[],"[""Q159""]",[],[]
4380787,Q4380787,Feeder Airlines,フィーダー航空,[],"[""FDD""]","[""Q958""]","[""2007-01-01T00:00:00Z""]","[""2015-01-01T00:00:00Z""]"
4381038,Q4381038,Air Nova,エア・ノバ,"[""QK""]","[""ARN""]","[""Q16""]","[""1986-01-01T00:00:00Z""]","[""2001-01-01T00:00:00Z""]"
4391939,Q4391939,Region Avia,,"[""RK""]",[],"[""Q159""]","[""2005-01-01T00:00:00Z""]","[""2011-01-01T00:00:00Z""]"
4398243,Q4398243,Dobrolyot,,[],[],"[""Q2305208""]","[""1923-03-17T00:00:00Z""]",[]
4411436,Q4411436,Nordeste Linhas Aéreas Regionais,ノルデステ航空,"[""JH""]","[""NES""]","[""Q155""]","[""1976-01-01T00:00:00Z""]","[""1995-01-01T00:00:00Z""]"
4411741,Q4411741,Aeronica,,[],"[""ANI""]","[""Q811""]","[""1981-01-01T00:00:00Z""]","[""1992-01-01T00:00:00Z""]"
4411897,Q4411897,Q4411897,,[],[],"[""Q212""]","[""2002-01-01T00:00:00Z""]",[]
4425053,Q4425053,Galaxy Air,,"[""7O""]","[""GAL""]","[""Q813""]","[""2006-01-01T00:00:00Z""]","[""2010-01-01T00:00:00Z""]"
4460491,Q4460491,Aerovias Brasil,,[],[],"[""Q155""]","[""1942-01-01T00:00:00Z""]","[""1961-01-01T00:00:00Z""]"
4479087,Q4479087,Q4479087,,[],[],"[""Q159""]","[""2001-01-01T00:00:00Z""]",[]
4494343,Q4494343,Khabarovsk Airlines,ハバロフスク航空,[],"[""NLK""]","[""Q159""]","[""2004-01-01T00:00:00Z""]",[]
4528277,Q4528277,Q4528277,,[],[],[],[],[]
4561771,Q4561771,Jhonlin Air Transport,ジョンリン・エア・トランスポート,[],"[""JLB""]","[""Q252""]","[""2011-01-01T00:00:00Z""]",[]
4566781,Q4566781,Fred. Olsens Flyselskap,,"[""FO""]","[""FOF""]","[""Q20""]","[""1946-01-01T00:00:00Z""]","[""1997-01-01T00:00:00Z""]"
4574402,Q4574402,Svensk Interkontinental Lufttrafik AB,,[],[],"[""Q34""]","[""1943-01-01T00:00:00Z""]","[""1948-01-01T00:00:00Z""]"
4579822,Q4579822,CHC Helikopter Service,,"[""L5""]","[""HKS""]","[""Q20""]","[""1956-01-01T00:00:00Z""]",[]
4583913,Q4583913,Fonnafly,,[],"[""NOF""]","[""Q20""]",[],[]
4584774,Q4584774,Transair Sweden,トランスエア・スウェーデン,[],[],"[""Q34""]","[""1950-01-01T00:00:00Z""]","[""1981-01-01T00:00:00Z""]"
4631310,Q4631310,Heli Holland,,[],"[""HHE""]","[""Q55""]",[],[]
4633116,Q4633116,2GO Air,,"[""PR""]","[""BOI""]","[""Q928""]","[""1988-01-01T00:00:00Z""]",[]
4648766,Q4648766,A/S Aero,,[],[],"[""Q20""]","[""1920-01-01T00:00:00Z""]",[]
4649960,Q4649960,AAXICO Airlines,,[],[],"[""Q30""]","[""1946-01-01T00:00:00Z""]","[""1965-01-01T00:00:00Z""]"
4650014,Q4650014,ABA Air,,[],"[""ABP""]","[""Q213""]","[""1996-01-01T00:00:00Z""]","[""2005-01-01T00:00:00Z""]"
4650631,Q4650631,ACE Freighters,,[],[],"[""Q145""]","[""1964-01-01T00:00:00Z""]","[""1966-09-23T00:00:00Z""]"
4653218,Q4653218,APA International Air,,"[""7P""]",[],"[""Q786""]","[""1980-01-01T00:00:00Z""]","[""2001-01-01T00:00:00Z""]"
4653416,Q4653416,APSA Colombia,,[],"[""ABO""]","[""Q739""]","[""1978-01-01T00:00:00Z""]","[""2007-01-01T00:00:00Z""]"
4653889,Q4653889,ARPA – Aerolíneas Paraguayas,,"[""A8""]","[""PAY""]","[""Q733""]","[""1994-01-01T00:00:00Z""]","[""2002-01-01T00:00:00Z""]"
4654027,Q4654027,ASACO,,[],[],"[""Q851""]",[],[]
4654361,Q4654361,ASTA Linhas Aéreas,,[],[],"[""Q155""]","[""2009-01-01T00:00:00Z""]",[]
4654579,Q4654579,ATA Brasil,,[],"[""ABZ""]","[""Q155""]","[""2001-01-01T00:00:00Z""]","[""2006-01-01T00:00:00Z""]"
4654583,Q4654583,ATA Connection,,[],[],"[""Q30""]",[],"[""2008-01-01T00:00:00Z""]"
4663165,Q4663165,Abaco Air,,[],[],"[""Q778""]",[],"[""2013-01-08T00:00:00Z""]"
4668318,Q4668318,Aboriginal Air Services,,[],[],"[""Q408""]",[],"[""2006-09-17T00:00:00Z""]"
4670122,Q4670122,Presidential Flight (UAE),プレジデンシャル・フライト,"[""MO""]","[""AUH""]","[""Q878""]","[""1975-01-01T00:00:00Z""]",[]
4670806,Q4670806,Exact Air,,[],[],"[""Q16""]","[""2008-01-01T00:00:00Z""]",[]
4672398,Q4672398,AccessAir,,"[""ZA""]","[""CYD""]","[""Q30""]","[""1998-01-01T00:00:00Z""]","[""2001-01-01T00:00:00Z""]"
4682155,Q4682155,Aden Airways,アデン航空,[],[],"[""Q805""]","[""1949-01-01T00:00:00Z""]","[""1967-06-30T00:00:00Z""]"
4687853,Q4687853,Aeolian Airlines,,[],"[""AOL""]","[""Q41""]","[""2011-01-01T00:00:00Z""]","[""2012-01-01T00:00:00Z""]"
4688095,Q4688095,AeroCaribe de Honduras,,[],[],"[""Q783""]",[],[]
4688096,Q4688096,AeroEjecutiva,,[],[],"[""Q298""]",[],[]
4688126,Q4688126,Q4688126,,"[""9D""]","[""CND""]","[""Q786""]","[""2001-01-01T00:00:00Z""]","[""2003-01-01T00:00:00Z""]"
4688127,Q4688127,Aero Continente Chile,,"[""C7""]","[""NTI""]","[""Q298""]","[""1999-01-01T00:00:00Z""]","[""2002-01-01T00:00:00Z""]"
4688129,Q4688129,Aero Costa Rica,,"[""ML""]","[""AEK""]","[""Q800""]","[""1992-01-01T00:00:00Z""]","[""1997-01-01T00:00:00Z""]"
4688131,Q4688131,Aero Cuahonte,,[],"[""CUA""]","[""Q96""]","[""1957-01-01T00:00:00Z""]","[""2007-01-01T00:00:00Z""]"
4688139,Q4688139,Aero Geral,,[],[],"[""Q155""]","[""1941-01-01T00:00:00Z""]","[""1952-01-01T00:00:00Z""]"
4688142,Q4688142,Aero Holland,,[],[],"[""Q55""]","[""1949-01-01T00:00:00Z""]",[]
4688145,Q4688145,Aero Jet Express,,[],"[""AJE""]","[""Q96""]","[""2005-01-01T00:00:00Z""]","[""2007-01-01T00:00:00Z""]"
4688148,Q4688148,Aero Majestic Airways,アエロ・マジェスティック・エアウェイズ,[],"[""AMA""]","[""Q928""]",[],[]
4688151,Q4688151,Aero Pacífico,アエロ・パシフィコ,[],[],"[""Q96""]","[""2000-01-01T00:00:00Z""]",[]
4688158,Q4688158,Aero Slovakia,,[],"[""ASO""]","[""Q214""]","[""1992-01-01T00:00:00Z""]",[]
4688167,Q4688167,Aero Union,エアロユニオン,[],[],"[""Q30""]","[""1961-01-01T00:00:00Z""]",[]
4688168,Q4688168,Aero Virgin Islands,,[],[],[],"[""1977-01-01T00:00:00Z""]","[""1990-01-01T00:00:00Z""]"
4688170,Q4688170,Aero Zambia,,"[""Z9""]","[""RZL""]","[""Q953""]","[""1996-01-01T00:00:00Z""]","[""2000-01-19T00:00:00Z""]"
4688174,Q4688174,Aeroamerica,,"[""EO""]","[""AEO""]","[""Q30""]","[""1973-01-01T00:00:00Z""]","[""1982-01-01T00:00:00Z""]"
4688175,Q4688175,Aero VIP,VIP航空 (アルゼンチン),"[""2D""]","[""AOG""]","[""Q414""]","[""1999-01-01T00:00:00Z""]","[""2010-01-01T00:00:00Z""]"
4688183,Q4688183,Aeroasis,,[],[],"[""Q739""]","[""2006-01-01T00:00:00Z""]",[]
4688207,Q4688207,Aerocancun,,[],"[""ACU""]","[""Q96""]","[""1988-01-01T00:00:00Z""]","[""1996-01-01T00:00:00Z""]"
4688216,Q4688216,Aerocaribe,,"[""QA""]","[""CBE""]","[""Q96""]","[""1975-01-01T00:00:00Z""]","[""2005-01-01T00:00:00Z""]"
4688226,Q4688226,Aerochaco,,"[""VM""]","[""PRV""]","[""Q414""]","[""2008-01-01T00:00:00Z""]",[]
4688228,Q4688228,Aerocom,,[],"[""MCC""]","[""Q217""]","[""1998-01-01T00:00:00Z""]","[""2004-01-01T00:00:00Z""]"
4688252,Q4688252,Aerofan,,[],"[""CFF""]","[""Q29""]","[""1992-01-01T00:00:00Z""]",[]
4688288,Q4688288,Aerolift Philippines,アエロリフト・フィリピン,[],"[""LFT""]","[""Q928""]","[""1982-01-01T00:00:00Z""]","[""1996-01-01T00:00:00Z""]"
4688289,Q4688289,Aerolift,エアロリフト,[],[],"[""Q258""]","[""2002-01-01T00:00:00Z""]","[""2009-01-01T00:00:00Z""]"
4688290,Q4688290,Aerolinair,,[],"[""ERN""]","[""Q96""]",[],"[""2004-01-01T00:00:00Z""]"
4688293,Q4688293,Aerolloyd Iguassu,,[],[],"[""Q155""]","[""1933-01-01T00:00:00Z""]","[""1939-01-01T00:00:00Z""]"
4688299,Q4688299,Aerolíneas Ejecutivas,,[],"[""LET""]","[""Q96""]","[""1968-01-01T00:00:00Z""]",[]
4688300,Q4688300,Aerolínea de Antioquia,アンティオキア航空,[],"[""ANQ""]","[""Q739""]","[""1987-01-01T00:00:00Z""]","[""2019-03-29T00:00:00Z""]"
4688301,Q4688301,Aerolíneas de El Salvador,,[],[],"[""Q792""]","[""1960-01-01T00:00:00Z""]","[""1991-01-01T00:00:00Z""]"
4688303,Q4688303,Aeromaan,,[],[],[],"[""2002-01-01T00:00:00Z""]",[]
4688309,Q4688309,Aerolíneas Mas,,"[""N3""]","[""MAS""]","[""Q786""]","[""2005-01-01T00:00:00Z""]","[""2015-01-01T00:00:00Z""]"
4688315,Q4688315,Aeromak,,[],[],"[""Q221""]","[""2009-01-01T00:00:00Z""]",[]
4688316,Q4688316,Q4688316,,"[""BQ""]","[""ROM""]","[""Q786""]","[""1998-01-01T00:00:00Z""]","[""2003-01-01T00:00:00Z""]"
4688324,Q4688324,Aeromarine Airways,,[],[],"[""Q30""]","[""1920-01-01T00:00:00Z""]","[""1924-01-01T00:00:00Z""]"
4688326,Q4688326,Aeromech Airlines,,[],[],"[""Q30""]","[""1951-01-01T00:00:00Z""]",[]
4688342,Q4688342,Q4688342,,[],"[""MSM""]","[""Q77""]","[""1983-01-01T00:00:00Z""]",[]
4688349,Q4688349,Aeroméxico Travel,,"[""AM""]","[""ATE""]","[""Q96""]","[""2008-01-01T00:00:00Z""]","[""2011-01-01T00:00:00Z""]"
4688366,Q4688366,Aeronaves Dominicanas,,[],[],"[""Q786""]","[""1980-01-01T00:00:00Z""]",[]
4688378,Q4688378,Aeronorte,,[],[],"[""Q155""]","[""1940-01-01T00:00:00Z""]","[""1961-01-01T00:00:00Z""]"
4688380,Q4688380,Aeronord,,[],"[""NRP""]","[""Q217""]","[""2006-01-01T00:00:00Z""]","[""2007-01-01T00:00:00Z""]"
4688398,Q4688398,Aeropostal Alas de Centroamerica,,[],[],"[""Q800""]","[""2003-01-01T00:00:00Z""]","[""2007-01-01T00:00:00Z""]"
4688399,Q4688399,Aeroposta Argentina,,[],[],"[""Q414""]","[""1927-01-01T00:00:00Z""]",[]
4688413,Q4688413,Aeroquetzal,,"[""AW""]",[],"[""Q774""]","[""1987-01-01T00:00:00Z""]","[""1992-01-01T00:00:00Z""]"
4688430,Q4688430,Aerosegovia,,[],[],"[""Q811""]","[""1994-01-01T00:00:00Z""]",[]
4688480,Q4688480,Aerotarg,,[],[],"[""Q36""]","[""1921-01-01T00:00:00Z""]","[""1921-01-01T00:00:00Z""]"
4688481,Q4688481,Aerotaxi,,[],"[""CNI""]","[""Q241""]","[""1995-01-01T00:00:00Z""]","[""2009-01-01T00:00:00Z""]"
4688500,Q4688500,Aerovias Guest,,[],"[""AVG""]","[""Q96""]","[""1946-01-01T00:00:00Z""]","[""1963-01-01T00:00:00Z""]"
4688502,Q4688502,Q4688502,アエロビアス,"[""XU""]","[""AOQ""]","[""Q774""]","[""1977-01-01T00:00:00Z""]","[""1998-01-01T00:00:00Z""]"
4688505,Q4688505,Aerovías Quisqueyana,,"[""QQ""]","[""QAS""]","[""Q786""]","[""1962-01-01T00:00:00Z""]","[""1978-01-01T00:00:00Z""]"
4688513,Q4688513,Aertirrena,,[],[],"[""Q38""]","[""1966-01-01T00:00:00Z""]","[""1975-01-01T00:00:00Z""]"
4688776,Q4688776,Aexpa,,[],[],"[""Q739""]","[""2001-01-01T00:00:00Z""]",[]
4689410,Q4689410,Afra Airlines,,[],"[""UAG""]","[""Q117""]","[""2003-01-01T00:00:00Z""]","[""2005-01-01T00:00:00Z""]"
4689461,Q4689461,Afric'Air Charter,,"[""7A""]","[""AFF""]","[""Q962""]","[""2002-01-01T00:00:00Z""]","[""2004-01-01T00:00:00Z""]"
4689464,Q4689464,Afric Aviation,,"[""L8""]",[],"[""Q1000""]","[""2009-01-01T00:00:00Z""]",[]
4689587,Q4689587,Africa One,,[],"[""CFR""]","[""Q1036""]","[""2002-04-29T00:00:00Z""]","[""2004-01-01T00:00:00Z""]"
4689607,Q4689607,Q4689607,アフリカ・ワールド航空,"[""AW""]","[""AFW""]","[""Q117""]","[""2010-01-01T00:00:00Z""]",[]
4690112,Q4690112,Afrik Air Links,,[],"[""AFK""]","[""Q1044""]","[""1991-01-01T00:00:00Z""]","[""2005-01-01T00:00:00Z""]"
4690144,Q4690144,Afrique Airlines,,"[""X5""]",[],"[""Q962""]","[""2006-01-01T00:00:00Z""]","[""2006-01-01T00:00:00Z""]"
4690212,Q4690212,Afro Continental Airways,,[],[],[],[],[]
4691953,Q4691953,Agefreco Air,,[],[],"[""Q974""]","[""1988-01-01T00:00:00Z""]",[]
4697640,Q4697640,Air21,,"[""A7""]",[],"[""Q30""]","[""1995-01-01T00:00:00Z""]","[""1997-01-01T00:00:00Z""]"
4697672,Q4697672,AirMed,,[],"[""MCD""]","[""Q145""]","[""1985-01-01T00:00:00Z""]","[""http://www.wikidata.org/.well-known/genid/7835b0c040ec1c4c5ac081b0d27992c3""]"
4697673,Q4697673,AirMed International,,[],[],[],"[""1998-01-01T00:00:00Z""]",[]
4697682,Q4697682,AirSea Lines,,[],[],"[""Q41""]","[""2004-01-01T00:00:00Z""]","[""2009-01-01T00:00:00Z""]"
4697685,Q4697685,AirSprint,,[],"[""ASP""]","[""Q16""]",[],[]
4697690,Q4697690,AirTanker Services Limited,AirTanker Services Limited,"[""9L""]","[""TOW""]","[""Q145""]","[""2007-06-14T00:00:00Z""]",[]
4697696,Q4697696,AirTran JetConnect,,"[""FL""]","[""TRS""]","[""Q30""]","[""2002-01-01T00:00:00Z""]","[""2004-08-01T00:00:00Z""]"
4697709,Q4697709,Air 500,,[],[],"[""Q16""]","[""1988-01-01T00:00:00Z""]",[]
4697722,Q4697722,Air Alfa,,"[""H7""]","[""LFA""]","[""Q43""]","[""1992-01-01T00:00:00Z""]","[""2001-12-01T00:00:00Z""]"
4697728,Q4697728,Air Alpha Greenland,,"[""GD""]","[""AHA""]","[""Q223""]","[""1994-01-01T00:00:00Z""]","[""2006-01-01T00:00:00Z""]"
4697731,Q4697731,Air Andalucia,,[],[],"[""Q29""]","[""2003-01-01T00:00:00Z""]","[""2005-01-01T00:00:00Z""]"
4697732,Q4697732,Air Anglia,,"[""AQ""]","[""AQ""]","[""Q145""]","[""1970-07-22T00:00:00Z""]","[""1980-01-01T00:00:00Z""]"
4697741,Q4697741,Air Asturias,,[],[],"[""Q29""]","[""2005-01-01T00:00:00Z"",""2006-01-01T00:00:00Z""]","[""2007-01-01T00:00:00Z""]"
4697743,Q4697743,Air Atlanta,,"[""CC""]","[""CRB""]","[""Q30""]","[""1984-01-01T00:00:00Z""]","[""1987-01-01T00:00:00Z""]"
4697746,Q4697746,Air BVI,,"[""BL""]",[],[],"[""1971-01-01T00:00:00Z""]","[""1993-01-01T00:00:00Z""]"
4697753,Q4697753,Air Bahia,,[],[],"[""Q30""]","[""1979-01-01T00:00:00Z""]",[]
4697763,Q4697763,Air Bissau,,"[""TZ""]","[""GBU""]","[""Q1007""]","[""1951-01-01T00:00:00Z""]","[""1998-01-01T00:00:00Z""]"
4697777,Q4697777,Air Canada Cargo,,[],[],"[""Q16""]",[],[]
4697787,Q4697787,Air Caribbean,,[],[],[],"[""1975-01-01T00:00:00Z""]","[""1979-01-01T00:00:00Z""]"
4697789,Q4697789,Q4697789,,"[""C2""]","[""CBB""]","[""Q754""]","[""1993-01-01T00:00:00Z""]","[""2000-10-23T00:00:00Z""]"
4697794,Q4697794,Air Chaparral,,[],"[""CPL""]","[""Q30""]","[""1980-01-01T00:00:00Z""]","[""1983-01-01T00:00:00Z""]"
4697798,Q4697798,Air Charter Limited,,[],[],"[""Q145""]","[""1947-01-01T00:00:00Z""]","[""1960-06-01T00:00:00Z""]"
4697799,Q4697799,Air Charter Service,,[],[],"[""Q145""]","[""1990-01-01T00:00:00Z""]",[]
4697802,Q4697802,Air Century,,"[""Y2""]","[""CEY""]","[""Q786""]","[""1990-01-01T00:00:00Z""]",[]
4697804,Q4697804,Air Choice One,,"[""3E""]","[""WBR""]","[""Q30""]","[""1979-01-01T00:00:00Z""]","[""2022-07-02T00:00:00Z""]"
4697807,Q4697807,Air Club International,,[],[],"[""Q16""]","[""1993-01-01T00:00:00Z""]",[]
4697830,Q4697830,Air Cortez,,[],[],"[""Q30""]","[""1977-01-01T00:00:00Z""]","[""1986-01-01T00:00:00Z""]"
4697839,Q4697839,Air D'Ayiti,,[],"[""HAD""]","[""Q790""]","[""1997-01-01T00:00:00Z""]","[""1999-01-01T00:00:00Z""]"
4697850,Q4697850,Air Dravida,,[],[],"[""Q668""]",[],[]
4697851,Q4697851,Air Dream,,[],[],"[""Q424""]","[""2007-01-01T00:00:00Z""]","[""2007-01-01T00:00:00Z""]"
4697853,Q4697853,Air Ecosse,,"[""EC""]","[""ECS""]","[""Q145""]","[""1977-06-01T00:00:00Z""]","[""1987-01-19T00:00:00Z""]"
4697860,Q4697860,Air Equator,,[],"[""EQU""]","[""Q826""]","[""2003-01-01T00:00:00Z""]","[""2005-01-01T00:00:00Z""]"
4697866,Q4697866,Air Excellence,,[],[],"[""Q1000""]","[""2002-01-01T00:00:00Z""]",[]
4697868,Q4697868,Air Fecteau,,[],[],"[""Q16""]","[""1936-01-01T00:00:00Z""]","[""1967-01-01T00:00:00Z""]"
4697869,Q4697869,Air Ferry Limited,,[],[],"[""Q145""]","[""1963-01-01T00:00:00Z""]","[""1968-10-31T00:00:00Z""]"
4697871,Q4697871,Air Florida Commuter,,[],[],[],"[""1979-09-01T00:00:00Z""]",[]
4697872,Q4697872,Air Flamenco,,"[""F4""]","[""WAF""]","[""Q30""]",[],[]
4697996,Q4697996,Air Freight NZ,エアフライトNZ,"[""OG""]","[""AFN""]","[""Q664""]","[""1989-01-01T00:00:00Z""]","[""2016-07-01T00:00:00Z""]"
4697997,Q4697997,Air Gaspé,,[],[],"[""Q16""]",[],"[""1986-01-01T00:00:00Z""]"
4697998,Q4697998,Air Go Airlines,,"[""4A""]","[""AGS""]","[""Q41""]","[""2008-01-01T00:00:00Z""]","[""2011-01-01T00:00:00Z""]"
4697999,Q4697999,Air Grand Canyon,グランドキャニオン・シーニック航空,"[""YR""]","[""SCE""]","[""Q30""]","[""1967-01-01T00:00:00Z""]",[]
4698004,Q4698004,Air Greece,,"[""JG""]","[""AGJ""]","[""Q41""]","[""1994-01-01T00:00:00Z""]","[""1999-01-01T00:00:00Z""]"
4698005,Q4698005,Air Guadeloupe,,[],[],"[""Q142""]","[""1969-01-01T00:00:00Z""]","[""2000-01-01T00:00:00Z""]"
4698006,Q4698006,Air Guinee International,,[],[],"[""Q1006""]","[""2010-01-01T00:00:00Z""]","[""2010-01-01T00:00:00Z""]"
4698011,Q4698011,Air Hawaii,エア・ハワイ,[],"[""AHC""]","[""Q30""]","[""1985-01-01T00:00:00Z""]","[""1986-02-19T00:00:00Z""]"
4698012,Q4698012,Air Haïti,,"[""HJ""]","[""HJA""]","[""Q790""]","[""1969-01-01T00:00:00Z""]",[]
4698014,Q4698014,Air Guinea,,"[""LQ""]",[],"[""Q983""]","[""2004-01-01T00:00:00Z""]","[""2005-01-01T00:00:00Z""]"
4698020,Q4698020,Air Horizon,,"[""8C""]","[""HZT""]","[""Q945""]","[""2004-01-01T00:00:00Z""]","[""2007-01-01T00:00:00Z""]"
4698024,Q4698024,Air Illinois,エア・イリノイ,"[""UX""]",[],"[""Q30""]","[""1970-01-01T00:00:00Z""]",[]
4698037,Q4698037,Air Indus,エア・インダス,"[""I6""]","[""MPK""]","[""Q843""]",[],"[""2015-07-01T00:00:00Z""]"
4698042,Q4698042,Air Inter Island,,[],[],[],[],[]
4698043,Q4698043,Euro Mediterranean Airlines,,[],"[""EUD""]","[""Q79""]","[""2006-01-01T00:00:00Z""]","[""2009-01-01T00:00:00Z""]"
4698045,Q4698045,Air Inter Gabon,,[],[],"[""Q1000""]","[""1956-01-01T00:00:00Z""]","[""2001-01-01T00:00:00Z""]"
4698047,Q4698047,Air Jamaica Express,,"[""B9""]","[""JMX""]","[""Q766""]","[""1995-01-01T00:00:00Z""]","[""2005-10-14T00:00:00Z""]"
4698050,Q4698050,Air Kerala,,[],[],"[""Q668""]",[],[]
4698052,Q4698052,Air L.A.,,"[""UE""]","[""UED""]","[""Q30""]",[],"[""1985-09-01T00:00:00Z""]"
4698058,Q4698058,Air Kokshetau,,"[""0K""]","[""KRT""]","[""Q232""]","[""2002-01-01T00:00:00Z""]","[""2008-01-01T00:00:00Z""]"
4698067,Q4698067,Air Liberia,,"[""NL""]","[""ALI""]","[""Q1014""]","[""1974-01-01T00:00:00Z""]","[""1990-01-01T00:00:00Z""]"
4698068,Q4698068,Air Lipsia,,"[""W2""]",[],"[""Q183""]","[""2010-01-01T00:00:00Z""]","[""2013-11-01T00:00:00Z""]"
4698075,Q4698075,Air Mali,,"[""MY""]","[""MLI""]","[""Q912""]","[""1960-01-01T00:00:00Z""]","[""1988-01-01T00:00:00Z""]"
4698076,Q4698076,Air Management Group,エア・マネジメント・グループ,[],"[""DXT""]","[""Q159""]","[""2004-01-01T00:00:00Z""]",[]
4698078,Q4698078,Air Maldives,,"[""L6""]","[""AMI""]","[""Q826""]","[""1974-01-01T00:00:00Z""]","[""2000-01-01T00:00:00Z""]"
4698079,Q4698079,Air Manas,ペガサス・アジア,"[""ZM""]","[""MBB""]","[""Q813""]","[""2006-01-01T00:00:00Z""]","[""2022-05-25T00:00:00Z""]"
4698080,Q4698080,Air Manchester,,[],[],"[""Q145""]","[""1982-01-01T00:00:00Z""]","[""1982-09-01T00:00:00Z""]"
4698081,Q4698081,Air Manila,,"[""UM""]","[""AMI""]","[""Q928""]","[""1964-01-01T00:00:00Z""]","[""1973-01-01T00:00:00Z""]"
4698085,Q4698085,Air Martinique,,[],[],"[""Q142""]","[""1974-01-01T00:00:00Z""]","[""2000-01-01T00:00:00Z""]"
4698086,Q4698086,Air Mantra,,"[""M1""]","[""MAN""]","[""Q668""]","[""2011-01-01T00:00:00Z""]","[""2013-01-01T00:00:00Z""]"
4698092,Q4698092,Air Max Africa,エア・マックス・アフリカ,[],"[""AZX""]","[""Q1000""]","[""2002-01-01T00:00:00Z""]","[""2006-01-01T00:00:00Z""]"
4698093,Q4698093,Air Midwest,,[],"[""VTY""]","[""Q1033""]","[""2002-01-01T00:00:00Z""]","[""2010-01-01T00:00:00Z""]"
4698096,Q4698096,Air Minas Linhas Aéreas,,"[""6M""]","[""AMG""]","[""Q155""]","[""2002-01-01T00:00:00Z""]","[""2010-01-01T00:00:00Z""]"
4698104,Q4698104,Q4698104,,[],[],"[""Q664""]","[""1989-01-01T00:00:00Z""]","[""2012-01-01T00:00:00Z""]"
4698109,Q4698109,Air New England,エア・ニューイングランド,[],[],"[""Q30""]","[""1970-01-01T00:00:00Z""]","[""1981-10-31T00:00:00Z""]"
4698111,Q4698111,Air Niagara,エア・ナイアガラ,[],[],"[""Q30""]","[""1978-01-01T00:00:00Z""]","[""1984-01-01T00:00:00Z""]"
4698112,Q4698112,Air Niamey,,"[""A7""]","[""AWN""]","[""Q1032""]","[""2007-01-01T00:00:00Z""]",[]
4698113,Q4698113,Air Nicaragua,ニカラグア航空,[],[],"[""Q811""]",[],[]
4698114,Q4698114,Air New Zealand Link,エア・ニュージーランドリンク,[],[],"[""Q664""]",[],[]
4698116,Q4698116,Air Niger,,[],[],"[""Q1032""]","[""1966-02-10T00:00:00Z""]","[""1993-01-01T00:00:00Z""]"
4698129,Q4698129,Air Oregon,エア・オレゴン,[],[],"[""Q30""]","[""1978-01-01T00:00:00Z""]","[""1981-01-01T00:00:00Z""]"
4698130,Q4698130,Air Pacific,,[],[],"[""Q30""]","[""1970-01-01T00:00:00Z""]","[""1981-01-01T00:00:00Z""]"
4698131,Q4698131,Q4698131,,"[""OP""]","[""API""]","[""Q804""]","[""1968-01-01T00:00:00Z""]","[""1990-01-01T00:00:00Z""]"
4698139,Q4698139,Air Pennsylvania,,[],[],"[""Q30""]","[""1976-01-01T00:00:00Z""]","[""1982-01-01T00:00:00Z""]"
4698140,Q4698140,Air Phoenix,,[],"[""APN""]","[""Q869""]","[""2007-01-01T00:00:00Z""]","[""2009-01-01T00:00:00Z""]"
4698142,Q4698142,Air Perú,,[],[],"[""Q419""]","[""2006-01-01T00:00:00Z""]",[]
4698147,Q4698147,Air Post,エア・ポスト,[],[],"[""Q664""]","[""1990-01-01T00:00:00Z""]",[]
4698156,Q4698156,Air Queensland,,"[""QN""]","[""AQN""]","[""Q408""]","[""1951-01-01T00:00:00Z""]","[""1988-04-30T00:00:00Z""]"
4698174,Q4698174,Air Safaris (UK),,[],[],"[""Q145""]","[""1959-11-26T00:00:00Z""]","[""1961-11-02T00:00:00Z""]"
4698175,Q4698175,Air Rwanda,エア・ルワンダ,"[""RY""]",[],"[""Q1037""]","[""1975-01-01T00:00:00Z""]","[""1996-01-01T00:00:00Z""]"
4698176,Q4698176,Air Safaris (NZ),,[],"[""SRI""]","[""Q664""]","[""1970-01-01T00:00:00Z""]",[]
4698184,Q4698184,Air Services Cargo,,[],[],"[""Q804""]","[""2002-01-01T00:00:00Z""]","[""2003-01-01T00:00:00Z""]"
4698185,Q4698185,Air Services of India,,[],[],[],[],[]
4698192,Q4698192,Air South,,"[""KQ""]",[],"[""Q30""]","[""1969-01-01T00:00:00Z""]","[""1978-01-01T00:00:00Z""]"
4698193,Q4698193,Air South,,"[""WV""]","[""KKB""]","[""Q30""]","[""1993-01-01T00:00:00Z""]","[""1997-01-01T00:00:00Z""]"
4698194,Q4698194,Air Somalia,,[],"[""RSM""]","[""Q1045""]","[""2001-01-01T00:00:00Z""]",[]
4698203,Q4698203,Air Sweden,タイム・エア・スウェーデン,[],[],"[""Q34""]","[""1991-01-01T00:00:00Z""]","[""1993-01-01T00:00:00Z""]"
4698211,Q4698211,Air Tahoma,,[],"[""HMA""]","[""Q30""]","[""1995-01-01T00:00:00Z""]","[""2009-01-01T00:00:00Z""]"
4698219,Q4698219,Air Trans Africa,,"[""AG""]",[],"[""Q750583""]","[""1964-01-01T00:00:00Z""]",[]
4698223,Q4698223,Air Transport Charter,エアトランスポート（チャーター）,[],[],"[""Q145""]","[""1947-01-01T00:00:00Z""]","[""1950-01-01T00:00:00Z""]"
4698231,Q4698231,Air Travel (NZ) Ltd,,[],[],[],"[""1934-01-01T00:00:00Z""]",[]
4698233,Q4698233,Air UK Leisure,,"[""MV""]","[""UKL""]","[""Q145""]","[""1987-01-01T00:00:00Z""]","[""1999-01-01T00:00:00Z""]"
4698234,Q4698234,InterCaribbean Airways,インターカリビアン航空,"[""JY""]","[""IWY""]","[""Q18221""]",[],[]
4698236,Q4698236,Air Umbria,,[],[],"[""Q38""]",[],[]
4698237,Q4698237,Air Universal,,"[""UV""]","[""UVS""]","[""Q810""]","[""2002-01-01T00:00:00Z""]","[""2008-01-01T00:00:00Z""]"
4698247,Q4698247,Air Vermont,,[],[],"[""Q30""]","[""1981-01-01T00:00:00Z""]","[""1984-01-01T00:00:00Z""]"
4698248,Q4698248,Air Vegas,,"[""6V""]","[""VGA""]","[""Q30""]","[""1971-01-01T00:00:00Z""]","[""2004-09-01T00:00:00Z""]"
4698249,Q4698249,Air Vias,,[],[],"[""Q155""]","[""1993-01-01T00:00:00Z""]","[""1995-01-01T00:00:00Z""]"
4698263,Q4698263,Air West Coast,,[],[],"[""Q664""]",[],[]
4698265,Q4698265,Air Whitsunday,,[],"[""RWS""]","[""Q408""]","[""1973-01-01T00:00:00Z""]",[]
4698269,Q4698269,Air Zambezi,,"[""ZT""]","[""TZT""]","[""Q954""]","[""1998-01-01T00:00:00Z""]","[""2002-01-01T00:00:00Z""]"
4698272,Q4698272,Air Yugoslavia,,[],"[""YRG""]","[""Q403""]","[""1969-01-01T00:00:00Z""]","[""2005-01-01T00:00:00Z""]"
4698523,Q4698523,Aircraft Sales and Services Limited,,[],"[""ACS""]","[""Q843""]",[],[]
4698581,Q4698581,Aircruising Australia,,[],"[""AIX""]","[""Q408""]","[""1983-01-01T00:00:00Z""]",[]
4698684,Q4698684,Airflight,,[],[],"[""Q145""]","[""1948-06-04T00:00:00Z""]","[""1949-08-25T00:00:00Z""]"
4698752,Q4698752,Airline Partners Australia,,[],[],"[""Q408""]",[],[]
4698799,Q4698799,Airlines of New South Wales,,[],[],"[""Q408""]","[""1959-01-01T00:00:00Z""]","[""1993-01-01T00:00:00Z""]"
4698802,Q4698802,Airlines of South Australia,南オーストラリア航空,[],[],[],"[""1997-01-01T00:00:00Z""]","[""2005-11-09T00:00:00Z""]"
4698804,Q4698804,Airlink,,[],[],"[""Q145""]","[""1978-01-01T00:00:00Z""]","[""1986-02-06T00:00:00Z""]"
4698860,Q4698860,Air Pink,,[],"[""PNK""]","[""Q403""]","[""2004-01-01T00:00:00Z""]",[]
4699038,Q4699038,Airtex Aviation,エアテックス・アビエーション,[],[],"[""Q408""]","[""1982-01-01T00:00:00Z""]","[""2010-01-01T00:00:00Z""]"
4699080,Q4699080,Airwing,,[],"[""NWG""]","[""Q20""]","[""2004-01-01T00:00:00Z""]",[]
4699082,Q4699082,Airwork Services,エアワーク,"[""AW""]",[],"[""Q145""]","[""1928-01-01T00:00:00Z""]","[""1960-07-01T00:00:00Z""]"
4702340,Q4702340,Al-Dawood Air,アル・ダウード・エア,[],"[""LIE""]","[""Q1033""]","[""2002-01-01T00:00:00Z""]","[""2005-01-01T00:00:00Z""]"
4703489,Q4703489,Al Anwa Aviation,,[],[],"[""Q851""]",[],[]
4704677,Q4704677,Al Rais Cargo,,[],"[""HJT""]","[""Q878""]","[""1983-01-01T00:00:00Z""]","[""2008-01-01T00:00:00Z""]"
4704768,Q4704768,Al Sayegh Airlines,,[],[],"[""Q878""]","[""2008-01-01T00:00:00Z""]",[]
4704932,Q4704932,Al Wafeer Air,,[],"[""WFR""]","[""Q851""]","[""2009-01-01T00:00:00Z""]","[""2011-01-01T00:00:00Z""]"
4708405,Q4708405,Q4708405,,[],"[""AHC""]","[""Q804""]","[""1980-01-01T00:00:00Z""]","[""1995-01-01T00:00:00Z""]"
4708408,Q4708408,Q4708408,アラス・ナショナル航空,[],"[""ALW""]","[""Q786""]",[],"[""1996-01-01T00:00:00Z""]"
4708510,Q4708510,Alaska Central Express,アラスカ・セントラル・エクスプレス,"[""KO""]","[""AER""]","[""Q30""]","[""1996-01-01T00:00:00Z""]",[]
4708515,Q4708515,Alaska Coastal Airlines,,"[""7A""]",[],"[""Q30""]","[""1939-01-01T00:00:00Z""]",[]
4709423,Q4709423,Albarka Air,アルバルカ航空,[],[],"[""Q1033""]","[""1999-01-01T00:00:00Z""]","[""2007-04-30T00:00:00Z""]"
4709437,Q4709437,Albatros Airlines,,"[""8Z""]","[""ABK""]","[""Q43""]","[""1992-01-01T00:00:00Z""]","[""1996-01-01T00:00:00Z""]"
4712978,Q4712978,Alcazar,,[],[],[],[],[]
4726636,Q4726636,Alim Airlines,,[],"[""LEM""]",[],"[""1993-01-01T00:00:00Z""]","[""1997-01-01T00:00:00Z""]"
4726953,Q4726953,Alisarda,,"[""IG""]","[""ISS""]","[""Q38""]","[""1963-03-29T00:00:00Z""]","[""1991-05-03T00:00:00Z""]"
4728466,Q4728466,AllCanada Express,,[],"[""CNX""]","[""Q16""]","[""1992-01-01T00:00:00Z""]","[""2005-01-01T00:00:00Z""]"
4732280,Q4732280,Alliance Air,,"[""Y2""]","[""AFJ""]","[""Q1036""]","[""1995-01-01T00:00:00Z""]","[""2000-10-01T00:00:00Z""]"
4732542,Q4732542,Allied Airways,,[],[],[],"[""1934-01-01T00:00:00Z""]","[""1947-01-01T00:00:00Z""]"
4735476,Q4735476,Alpine Air Express,,"[""5A""]","[""AIP""]","[""Q30""]","[""1972-01-01T00:00:00Z""]",[]
4736090,Q4736090,Altair Airlines,,"[""AK""]","[""ALT""]","[""Q30""]","[""1967-01-01T00:00:00Z""]","[""1982-01-01T00:00:00Z""]"
4739033,Q4739033,Amadeus,,"[""B5""]",[],"[""Q183""]","[""1996-01-01T00:00:00Z""]","[""2004-07-01T00:00:00Z""]"
4741054,Q4741054,Ambassador Airways,,"[""B3""]","[""AMY""]",[],"[""1992-01-01T00:00:00Z""]","[""1994-01-01T00:00:00Z""]"
4741399,Q4741399,Ambica Airlines,,[],[],"[""Q668""]","[""1947-01-01T00:00:00Z""]","[""1949-12-01T00:00:00Z""]"
4742802,Q4742802,America West Express,アメリカウエスト・エキスプレス,"[""RP"",""YV""]","[""ASH"",""CHQ""]","[""Q30""]",[],"[""2005-01-01T00:00:00Z""]"
4743724,Q4743724,American Falcon,,"[""WK""]","[""AFB""]","[""Q414""]","[""1996-01-01T00:00:00Z""]","[""2004-01-01T00:00:00Z""]"
4743787,Q4743787,American Flyers Airline,アメリカン・フライヤーズ航空,[],[],"[""Q30""]","[""1949-01-01T00:00:00Z""]","[""1971-01-01T00:00:00Z""]"
4745271,Q4745271,American Trans-Oceanic Company,,[],[],"[""Q30""]",[],[]
4745583,Q4745583,Americana de Aviación,,"[""8A""]","[""ANE""]","[""Q419""]","[""1990-01-01T00:00:00Z""]","[""1997-01-01T00:00:00Z""]"
4745703,Q4745703,Ameriflight,アメリフライト,"[""A8""]","[""AMF""]","[""Q30""]","[""1968-01-01T00:00:00Z""]",[]
4745808,Q4745808,Ameristar Jet Charter,アメリスター・ジェット・チャーター,"[""7Z""]","[""AJI""]","[""Q30""]","[""2000-01-01T00:00:00Z""]",[]
4749625,Q4749625,América Air Linhas Aéreas,,[],[],"[""Q155""]",[],[]
4754933,Q4754933,Andrea Air,,[],[],"[""Q298""]","[""1991-01-01T00:00:00Z""]","[""1991-01-01T00:00:00Z""]"
4762070,Q4762070,Angel Airlines,,"[""8K""]","[""KOZ""]","[""Q218""]","[""2001-01-01T00:00:00Z""]","[""2004-01-01T00:00:00Z""]"
4769790,Q4769790,Annushka,,[],[],"[""Q159""]","[""1993-01-01T00:00:00Z""]",[]
4770646,Q4770646,Ansett New Zealand,アンセット・ニュージーランド航空,"[""ZQ""]","[""NZA""]","[""Q664""]","[""1987-01-01T00:00:00Z""]","[""2001-01-01T00:00:00Z""]"
4778767,Q4778767,Air Dolphin,エアードルフィン,[],[],[],[],[]
4779885,Q4779885,Apisa Air Cargo,,[],"[""PIC""]","[""Q419""]","[""1985-01-01T00:00:00Z""]","[""1987-01-01T00:00:00Z""]"
4780827,Q4780827,Appalachian Airlines,,[],"[""APL""]","[""Q30""]","[""1977-01-01T00:00:00Z""]","[""1980-01-01T00:00:00Z""]"
4782899,Q4782899,Aquila Airways,,[],[],"[""Q145""]","[""1948-01-01T00:00:00Z""]","[""1958-10-01T00:00:00Z""]"
4785554,Q4785554,Archana Airways,,[],"[""ACY""]","[""Q668""]","[""1991-01-01T00:00:00Z""]","[""2000-01-01T00:00:00Z""]"
4790618,Q4790618,Arik Niger,,"[""Q9""]","[""NAK""]","[""Q1032""]","[""2009-01-01T00:00:00Z""]","[""2010-02-01T00:00:00Z""]"
4791240,Q4791240,Arizona Airways,,[],[],"[""Q30""]","[""1942-01-01T00:00:00Z""]","[""1950-06-01T00:00:00Z""]"
4791325,Q4791325,Arizona Helicopters,,[],[],[],[],[]
4795378,Q4795378,Arnoro,,[],"[""ARN""]","[""Q225""]","[""2004-01-01T00:00:00Z""]","[""2006-01-01T00:00:00Z""]"
4797401,Q4797401,"Artel Staratelei ""Amur"" Airlines",,[],[],"[""Q159""]",[],[]
4804058,Q4804058,Trans International Airlines,トランス・インターナショナル・エアラインズ,"[""TV""]","[""TVA""]","[""Q30""]","[""1947-01-01T00:00:00Z""]","[""1986-09-30T00:00:00Z""]"
4806337,Q4806337,Asia Airways,,[],"[""ASW""]","[""Q863""]","[""2007-01-01T00:00:00Z""]",[]
4806408,Q4806408,Asia Pacific Airlines,アジア・パシフィック航空 (パプアニューギニア),[],[],"[""Q691""]","[""1991-01-01T00:00:00Z""]",[]
4806487,Q4806487,Asia Wings,,"[""Y5""]","[""AWA""]","[""Q232""]","[""2010-01-01T00:00:00Z""]","[""2012-01-01T00:00:00Z""]"
4807133,Q4807133,Askari Aviation,アスカリ航空,"[""4K""]","[""AAS""]","[""Q843""]","[""1995-01-01T00:00:00Z""]",[]
4807797,Q4807797,Aspen Airways,アスペン航空,"[""AP""]","[""ASP""]","[""Q30""]","[""1952-01-01T00:00:00Z""]","[""1990-01-01T00:00:00Z""]"
4808100,Q4808100,Aspiring Air,,"[""OI""]",[],"[""Q664""]","[""1974-01-01T00:00:00Z""]",[]
4810409,Q4810409,Tulpar Air Service,,"[""2T""]","[""TUX""]","[""Q232""]","[""1998-01-01T00:00:00Z""]","[""2009-01-01T00:00:00Z""]"
4813368,Q4813368,Athena Air Services,,[],[],"[""Q833""]","[""2003-01-01T00:00:00Z""]",[]
4816279,Q4816279,Atlantic Air BVI,,[],[],[],[],[]
4816290,Q4816290,Atlantic Airlines de Honduras,アトランティック航空 (ホンジュラス),"[""ZF""]","[""HHA""]","[""Q783""]","[""2001-01-01T00:00:00Z""]","[""2009-01-01T00:00:00Z""]"
4816424,Q4816424,Atlantic Express,,[],"[""SBV""]","[""Q145""]","[""1985-01-01T00:00:00Z""]",[]
4816445,Q4816445,Atlantic Gulf Airlines,,[],[],"[""Q30""]","[""1983-10-01T00:00:00Z""]","[""1988-01-01T00:00:00Z""]"
4816464,Q4816464,Atlantic Island Air,,[],[],"[""Q189""]","[""1990-01-01T00:00:00Z""]",[]
4816500,Q4816500,Atlantic North Airlines,,[],[],"[""Q30""]","[""1993-01-01T00:00:00Z""]","[""1993-08-01T00:00:00Z""]"
4816706,Q4816706,Atlantis Airlines,,"[""9V""]","[""ALS""]","[""Q1041""]","[""2001-01-01T00:00:00Z""]","[""2006-01-01T00:00:00Z""]"
4816711,Q4816711,Atlantis Armenian Airlines,アトランティス・ヨーロピアン・エアラインズ,"[""TD""]","[""LUR""]","[""Q399""]","[""2004-01-01T00:00:00Z""]",[]
4817709,Q4817709,Atruvera Aviation,,[],"[""AUV""]","[""Q159""]","[""1993-01-01T00:00:00Z""]",[]
4819610,Q4819610,Nationwide Airlines,,"[""4J""]","[""NWZ""]","[""Q953""]","[""1991-01-01T00:00:00Z""]","[""2002-01-01T00:00:00Z""]"
4822322,Q4822322,Auric Air,オーリックエア,"[""UI""]","[""AUK""]","[""Q924""]","[""2001-01-01T00:00:00Z""]",[]
4822690,Q4822690,Aus-Air,,"[""NO""]","[""AUS""]","[""Q408""]",[],"[""1999-07-04T00:00:00Z""]"
4822957,Q4822957,Austin Airways,,[],[],"[""Q16""]","[""1934-01-01T00:00:00Z""]","[""1987-01-01T00:00:00Z""]"
4823073,Q4823073,Austin Express,,[],[],"[""Q30""]","[""1997-01-01T00:00:00Z""]","[""2000-12-31T00:00:00Z""]"
4823563,Q4823563,Australia Asia Airlines,オーストラリア・アジア航空,"[""IM""]","[""AAU""]","[""Q408"",""Q865""]","[""1990-01-01T00:00:00Z""]","[""1996-01-01T00:00:00Z""]"
4824239,Q4824239,Babcock Mission Critical Services Australasia,,[],[],"[""Q408""]","[""1990-01-01T00:00:00Z""]",[]
4825461,Q4825461,Austrian Air Services,,"[""SO""]","[""AAS""]","[""Q40""]","[""1980-01-01T00:00:00Z""]","[""1994-01-01T00:00:00Z""]"
4827251,Q4827251,Auvia Air,,[],"[""UVT""]","[""Q252""]","[""2004-01-01T00:00:00Z""]","[""http://www.wikidata.org/.well-known/genid/b58cdd98f8b3b9b320f5a318671fe4a1""]"
4827444,Q4827444,Avair,,"[""KZ""]",[],"[""Q27""]","[""1978-01-01T00:00:00Z""]","[""1984-02-01T00:00:00Z""]"
4827676,Q4827676,Avant Airlines,,"[""OT""]","[""VAT""]","[""Q298""]","[""1997-01-01T00:00:00Z""]","[""2001-01-01T00:00:00Z""]"
4828500,Q4828500,Avia Air,,"[""3R""]","[""ARB""]","[""Q21203""]",[],"[""2003-11-01T00:00:00Z""]"
4828502,Q4828502,Avia Airlines,,[],[],"[""Q258""]","[""1995-01-01T00:00:00Z""]",[]
4828503,Q4828503,AviaSelva,,[],[],"[""Q298""]","[""2007-01-01T00:00:00Z""]","[""2008-01-01T00:00:00Z""]"
4828511,Q4828511,Avia Express,,"[""JZ""]","[""SKX""]","[""Q34""]","[""1940-01-01T00:00:00Z""]","[""2011-01-01T00:00:00Z""]"
4828516,Q4828516,Aviaarktika,,[],[],"[""Q15180""]","[""1933-01-01T00:00:00Z""]","[""1970-01-01T00:00:00Z""]"
4828517,Q4828517,Aviación del Noroeste,,[],[],"[""Q96""]","[""1988-01-01T00:00:00Z""]","[""1995-01-01T00:00:00Z""]"
4828519,Q4828519,Aviación del Litoral Fluvial Argentino,,[],[],"[""Q414""]","[""1946-01-01T00:00:00Z""]",[]
4828578,Q4828578,Aviandina,,"[""SJ""]","[""VND""]","[""Q419""]","[""1999-01-01T00:00:00Z""]",[]
4828583,Q4828583,Aviapanh,,[],[],"[""Q159""]","[""1991-01-01T00:00:00Z""]","[""2011-01-01T00:00:00Z""]"
4828598,Q4828598,Aviastar,アヴィアスター,"[""MV""]","[""VIT""]","[""Q252""]","[""2000-01-01T00:00:00Z""]",[]
4828752,Q4828752,Aviatour Air,,[],[],"[""Q928""]",[],[]
4828810,Q4828810,Aviesa,,[],[],[],"[""1986-01-01T00:00:00Z""]",[]
4828915,Q4828915,Aviones Comerciales de Guatemala,,[],[],"[""Q774""]","[""1929-01-01T00:00:00Z""]","[""2009-01-01T00:00:00Z""]"
4828940,Q4828940,Avirex Guinée Equatoriale,,[],"[""AXG""]","[""Q983""]",[],"[""2006-01-01T00:00:00Z""]"
4829156,Q4829156,Avolar,,[],[],[],"[""2001-01-01T00:00:00Z""]",[]
4832869,Q4832869,Azov Avia Airlines,,[],"[""AZV""]","[""Q212""]","[""1996-01-01T00:00:00Z""]","[""2004-01-01T00:00:00Z""]"
4833226,Q4833226,CALAFIAAIRLINES,カラフィア・エアラインズ,"[""A7""]","[""CFV""]","[""Q96""]","[""1993-01-01T00:00:00Z""]",[]
4833227,Q4833227,Aéreo Servicio Guerrero,,[],"[""GUE""]","[""Q96""]","[""1997-01-01T00:00:00Z""]",[]
4835468,Q4835468,BETA Cargo,,[],"[""BET""]","[""Q155""]","[""1990-01-01T00:00:00Z""]","[""2012-01-01T00:00:00Z""]"
4836308,Q4836308,Q4836308,BQB航空,"[""5Q""]","[""BQB""]","[""Q77""]","[""2010-05-14T00:00:00Z""]","[""2015-04-11T00:00:00Z""]"
4836825,Q4836825,BVI Airways,,"[""XV""]","[""BVI""]","[""Q25305""]",[],"[""2017-01-01T00:00:00Z""]"
4838476,Q4838476,Babyflot,,[],[],[],[],[]
4839703,Q4839703,BackpackersXpress,,[],[],"[""Q408""]","[""2003-01-01T00:00:00Z""]","[""2005-04-01T00:00:00Z""]"
4845484,Q4845484,Rotana Jet,ロタナ・ジェット,"[""RG""]","[""RJD""]","[""Q878""]","[""2010-01-01T00:00:00Z""]",[]
4846347,Q4846347,Rich International Airways,,"[""JN""]","[""RIA""]","[""Q30""]","[""1969-01-01T00:00:00Z""]","[""1997-01-01T00:00:00Z""]"
4848628,Q4848628,Baires Fly,,[],[],"[""Q414""]","[""1996-01-01T00:00:00Z""]",[]
4851081,Q4851081,Balkan Hemus Group AG,,[],[],[],[],[]
4857929,Q4857929,Bar Harbor Airlines,バー・ハーバー航空,"[""QO""]","[""AJC""]","[""Q30""]","[""1971-01-01T00:00:00Z""]","[""1991-03-01T00:00:00Z""]"
4861096,Q4861096,Barkol Airlines,,[],"[""BKL""]","[""Q159""]","[""1996-01-01T00:00:00Z""]",[]
4861839,Q4861839,Barnhill & McGee Airways,,[],[],"[""Q30""]",[],"[""1932-01-01T00:00:00Z""]"
4862126,Q4862126,Baron Aviation Services,,[],"[""BVN""]","[""Q30""]","[""1973-01-01T00:00:00Z""]",[]
4866359,Q4866359,Base Air,,[],[],[],[],[]
4873538,Q4873538,Focus Air Cargo,,[],"[""FKS""]","[""Q30""]","[""2004-01-01T00:00:00Z""]","[""2008-03-01T00:00:00Z""]"
4873837,Q4873837,Baxter Aviation,,"[""6B""]",[],"[""Q16""]","[""1985-01-01T00:00:00Z""]","[""2007-01-01T00:00:00Z""]"
4878576,Q4878576,Bechuanaland National Airways,,[],[],[],"[""1965-01-01T00:00:00Z""]","[""1966-01-01T00:00:00Z""]"
4881566,Q4881566,Bek Air,ベック・エア,"[""Z9""]","[""BEK""]","[""Q232""]","[""1999-01-01T00:00:00Z""]","[""2020-04-17T00:00:00Z""]"
4881712,Q4881712,Bel Air Aviation,,[],[],"[""Q35""]","[""1994-01-01T00:00:00Z""]",[]
4882473,Q4882473,Belgian International Air Service,,[],[],"[""Q31""]","[""1959-01-01T00:00:00Z""]","[""1980-01-01T00:00:00Z""]"
4884219,Q4884219,Bellview Airlines,,"[""03""]","[""BVU""]","[""Q1033""]","[""1983-01-01T00:00:00Z""]","[""2008-01-01T00:00:00Z""]"
4885108,Q4885108,Bemidji Airlines,,"[""CH""]","[""BMJ""]","[""Q30""]","[""1946-01-01T00:00:00Z""]",[]
4891486,Q4891486,Bergen Aviation,,[],[],"[""Q20""]","[""1984-01-01T00:00:00Z""]","[""1986-01-01T00:00:00Z""]"
4894762,Q4894762,Berry Aviation,,[],"[""BYA""]","[""Q30""]","[""1983-01-01T00:00:00Z""]",[]
4896119,Q4896119,Berytos Airlines,,[],"[""BYR""]","[""Q822""]","[""2003-01-01T00:00:00Z""]","[""2008-01-01T00:00:00Z""]"
4896569,Q4896569,Best Airlines,,[],[],"[""Q30""]","[""1983-01-01T00:00:00Z""]","[""1986-01-01T00:00:00Z""]"
4903925,Q4903925,BidAir Cargo,,[],[],"[""Q258""]","[""1996-01-01T00:00:00Z""]",[]
4905879,Q4905879,Big Island Air,,[],"[""BIG""]","[""Q30""]",[],[]
4906368,Q4906368,Big Sky Express,,[],[],"[""Q408""]","[""2004-01-01T00:00:00Z""]","[""2006-01-01T00:00:00Z""]"
4906953,Q4906953,Bighorn Airways,,[],"[""BHR""]","[""Q30""]","[""1947-01-01T00:00:00Z""]",[]
4913745,Q4913745,Bimini Island Air,ビミニ島航空,[],[],[],[],[]
4914538,Q4914538,Binter Mediterraneo,ビンテル・メディテラネオ,"[""AX""]","[""BIM""]","[""Q29""]","[""1988-01-01T00:00:00Z""]","[""2001-08-29T00:00:00Z""]"
4915822,Q4915822,BirdAir,,[],[],"[""Q819""]","[""1960-01-01T00:00:00Z""]","[""1975-01-01T00:00:00Z""]"
4916694,Q4916694,Birmingham European Airways,,[],[],"[""Q145""]","[""1983-01-01T00:00:00Z""]","[""1992-01-01T00:00:00Z""]"
4922965,Q4922965,Blackhawk International Airways,,[],[],[],"[""1991-03-01T00:00:00Z""]","[""2003-09-01T00:00:00Z""]"
4923781,Q4923781,Thai Airways Company,タイ航空,"[""TH""]","[""THA""]","[""Q869""]","[""1947-01-01T00:00:00Z""]","[""1988-04-01T00:00:00Z""]"
4924268,Q4924268,Jet Asia Airways,ジェットアジア・エアウェイズ,"[""JF""]","[""JAA""]","[""Q869""]","[""2009-12-01T00:00:00Z""]",[]
4926736,Q4926736,Blink,,[],"[""BKK""]","[""Q145""]",[],[]
4929459,Q4929459,Blue Moon Aviation,,[],[],"[""Q30""]","[""2003-01-01T00:00:00Z""]",[]
4929859,Q4929859,Blue Sky Aviation Services,,[],"[""SBK""]","[""Q114""]","[""1996-01-01T00:00:00Z""]",[]
4941148,Q4941148,Bonanza Air Lines,ボナンザ航空,[],[],"[""Q30""]","[""1945-01-01T00:00:00Z""]","[""1968-01-01T00:00:00Z""]"
4941294,Q4941294,Offshore Helicopter Services,ボンドヘリコプター,[],"[""BND""]","[""Q145""]",[],[]
4943148,Q4943148,Bookajet,,[],"[""BOO""]","[""Q145""]",[],[]
4945162,Q4945162,Borinquen Air,,[],"[""BNA""]","[""Q30""]","[""1961-01-01T00:00:00Z""]",[]
4948903,Q4948903,Botswana National Airways,,[],[],"[""Q963""]","[""1966-01-01T00:00:00Z""]","[""1969-01-01T00:00:00Z""]"
4949784,Q4949784,Boun Oum Airways,,[],[],"[""Q819""]","[""1965-01-01T00:00:00Z""]","[""1967-01-01T00:00:00Z""]"
4950620,Q4950620,Airjet Exploracao Aerea de Carga,,[],[],"[""Q916""]",[],[]
4952936,Q4952936,Boğaziçi Hava Taşımacılığı,,"[""PQ""]","[""BHT""]","[""Q43""]","[""1987-01-01T00:00:00Z""]","[""1989-01-01T00:00:00Z""]"
4953153,Q4953153,Braathens Helikopter,,[],[],"[""Q20""]","[""1989-01-01T00:00:00Z""]","[""1993-12-31T00:00:00Z""]"
4957357,Q4957357,Braniff (1983–1989),ブラニフ航空,"[""BN""]","[""BNF""]","[""Q30""]","[""1983-01-01T00:00:00Z""]","[""1989-12-31T00:00:00Z""]"
4957559,Q4957559,Branson Air Express,ブランソン・エア・エクスプレス,"[""1X""]",[],"[""Q30""]","[""2010-05-17T00:00:00Z""]",[]
4957797,Q4957797,Brasil Central Linhas Aéreas,VOTEC航空,"[""JJ""]","[""BLC""]","[""Q155""]","[""1976-01-01T00:00:00Z""]","[""2000-01-01T00:00:00Z""]"
4957841,Q4957841,Brasmex – Brasil Minas Express,,[],"[""BCA""]","[""Q155""]","[""2001-01-01T00:00:00Z""]","[""2004-02-01T00:00:00Z""]"
4969137,Q4969137,Bristow Helicopters,ブリストウ・ヘリコプター,"[""UH""]","[""BHL""]","[""Q145""]","[""1953-01-01T00:00:00Z""]",[]
4969362,Q4969362,BritishJET,,[],[],"[""Q233""]","[""2004-01-01T00:00:00Z""]","[""2008-01-01T00:00:00Z""]"
4969408,Q4969408,British Air Transport,ブリティッシュ・エア・トランスポート,[],[],"[""Q145""]","[""1932-01-01T00:00:00Z""]","[""1951-01-01T00:00:00Z""]"
4969416,Q4969416,British Airways Helicopters,英国航空ヘリコプターズ,[],[],"[""Q145""]","[""1964-01-01T00:00:00Z""]",[]
4969419,Q4969419,British Airways Limited,,"[""BA""]","[""BAT""]","[""Q145""]","[""2012-01-01T00:00:00Z""]","[""2015-01-01T00:00:00Z""]"
4969446,Q4969446,British Amphibious Airlines,,[],[],"[""Q145""]",[],[]
4969503,Q4969503,British Asia Airways,ブリティッシュ・アジア・エアウェイズ,"[""BR""]","[""BAW""]","[""Q145"",""Q865""]","[""1993-01-01T00:00:00Z""]","[""2001-12-01T00:00:00Z""]"
4969547,Q4969547,British Aviation Services,ブリタヴィア,[],[],"[""Q145""]","[""1949-01-01T00:00:00Z""]","[""1959-07-01T00:00:00Z""]"
4969602,Q4969602,British Caribbean Airways,,[],[],[],"[""1986-01-01T00:00:00Z""]",[]
4969854,Q4969854,British Continental Airways,,[],[],[],[],"[""1936-10-01T00:00:00Z""]"
4969896,Q4969896,British Eagle,ブリティッシュ・イーグル,"[""EG""]","[""EG""]","[""Q145""]","[""1948-01-01T00:00:00Z""]","[""1968-11-06T00:00:00Z""]"
4970140,Q4970140,British International Helicopters,英国国際ヘリコプターズ,"[""BS""]","[""BIH""]","[""Q145""]","[""2000-01-01T00:00:00Z""]",[]
4970170,Q4970170,British Island Airways,,"[""KD"",""UK""]","[""BIA""]","[""Q145""]","[""1970-07-01T00:00:00Z""]","[""1980-01-01T00:00:00Z""]"
4970560,Q4970560,British NorthWest Airlines,,"[""W9""]","[""BNW""]","[""Q145""]","[""2001-01-01T00:00:00Z""]","[""2006-01-01T00:00:00Z""]"
4970967,Q4970967,British Regional Airlines,,"[""TH""]","[""BRT""]","[""Q145""]","[""1996-01-01T00:00:00Z""]",[]
4971082,Q4971082,Q4971082,ブリティッシュ・サウスアメリカン航空（BSAA）,[],[],[],"[""1946-01-01T00:00:00Z""]","[""1950-01-01T00:00:00Z""]"
4971168,Q4971168,British United Island Airways,,"[""UK""]",[],"[""Q145""]","[""1968-11-01T00:00:00Z""]","[""1970-07-01T00:00:00Z""]"
4971245,Q4971245,British Westpoint Airlines,,[],[],[],[],[]
4971529,Q4971529,Britt Airways,ブリット航空,"[""RU""]","[""BTA""]","[""Q30""]","[""1964-01-01T00:00:00Z""]","[""1996-01-01T00:00:00Z""]"
4972898,Q4972898,Brockway Air,,[],[],"[""Q30""]",[],[]
4980808,Q4980808,Brymon Airways,,"[""BC""]","[""BRY""]","[""Q145""]","[""1970-01-01T00:00:00Z""]",[]
4980811,Q4980811,Brymon European Airways,,[],[],"[""Q145""]","[""1992-01-01T00:00:00Z""]","[""1993-01-01T00:00:00Z""]"
4991759,Q4991759,Q4991759,,[],[],"[""Q217""]",[],[]
4992170,Q4992170,Fly Yeti,,[],[],"[""Q837""]","[""2007-01-01T00:00:00Z""]","[""2008-07-16T00:00:00Z""]"
4994597,Q4994597,Premiair,,[],[],"[""Q20"",""Q34"",""Q35""]","[""1994-01-01T00:00:00Z""]","[""2002-01-01T00:00:00Z""]"
5001678,Q5001678,Business Aviation Center,,"[""UQ""]","[""BCV""]","[""Q212""]","[""1996-01-01T00:00:00Z""]","[""2013-01-01T00:00:00Z""]"
5001726,Q5001726,Business Express Airlines,ビジネス・エクスプレス航空,"[""HQ""]","[""GAA""]","[""Q30""]","[""1985-01-01T00:00:00Z""]","[""2000-01-01T00:00:00Z""]"
5002241,Q5002241,Busy Bee,ビジー・ビー,"[""BS""]","[""BEE""]","[""Q20""]","[""1966-01-01T00:00:00Z""]","[""1992-01-01T00:00:00Z""]"
5002566,Q5002566,Butler Air Transport,,[],[],"[""Q408""]","[""1934-01-01T00:00:00Z""]","[""1959-01-01T00:00:00Z""]"
5005775,Q5005775,C&M Airways,,[],"[""RWG""]","[""Q30""]","[""1983-01-01T00:00:00Z""]",[]
5008895,Q5008895,CATA Línea Aérea,,[],"[""CTZ""]","[""Q414""]","[""1986-01-01T00:00:00Z""]","[""2006-01-01T00:00:00Z""]"
5009426,Q5009426,CCAir,,[],[],"[""Q30""]","[""1987-01-01T00:00:00Z""]","[""2002-11-04T00:00:00Z""]"
5009945,Q5009945,Loong Air,長竜航空,"[""GJ""]","[""CDC""]","[""Q148""]","[""2011-04-19T00:00:00Z""]",[]
5011075,Q5011075,CHC Airways,,"[""AW""]","[""SCH""]","[""Q55""]","[""2005-01-01T00:00:00Z""]",[]
5012870,Q5012870,CMC Aviation,,"[""JX""]",[],"[""Q114""]",[],"[""2011-01-01T00:00:00Z""]"
5013054,Q5013054,CM Airlines,CMエアラインズ,"[""H5""]","[""OMT""]","[""Q783""]",[],[]
5013531,Q5013531,COTAIR,,[],[],"[""Q962""]","[""2008-01-01T00:00:00Z""]",[]
5014028,Q5014028,CSA Air,,[],"[""IRO""]","[""Q30""]","[""1998-01-01T00:00:00Z""]",[]
5018115,Q5018115,Cal Air International,,[],[],"[""Q145""]","[""1982-01-01T00:00:00Z""]","[""1990-01-01T00:00:00Z""]"
5018149,Q5018149,Cal Jet Air,,[],[],"[""Q30""]","[""2010-01-01T00:00:00Z""]",[]
5018211,Q5018211,Cal Sierra Airlines,,[],[],"[""Q30""]","[""1980-01-01T00:00:00Z""]","[""1981-01-01T00:00:00Z""]"
5019413,Q5019413,Caledonian Airways,カレドニアン航空,"[""CA""]","[""CA""]","[""Q145""]","[""1961-01-01T00:00:00Z""]","[""1970-01-01T00:00:00Z""]"
5019414,Q5019414,Caledonian Airways,,"[""KT""]","[""CKT""]","[""Q145""]","[""1988-01-01T00:00:00Z""]","[""2000-01-01T00:00:00Z""]"
5020735,Q5020735,California Pacific Airlines,,"[""4A""]","[""DYN""]","[""Q30""]","[""2009-04-01T00:00:00Z""]","[""2019-01-17T00:00:00Z""]"
5021356,Q5021356,Calima Aviación,,"[""3C""]","[""CMV""]","[""Q29""]","[""2008-01-01T00:00:00Z""]","[""2014-06-22T00:00:00Z""]"
5025106,Q5025106,Cambodia Airlines,カンボジア航空,"[""Y6""]","[""CCL""]","[""Q424""]","[""1997-01-01T00:00:00Z""]","[""2014-01-01T00:00:00Z""]"
5028127,Q5028127,Q5028127,,[],[],"[""Q232""]",[],[]
5029449,Q5029449,Canada West Airlines,,[],[],"[""Q16""]","[""2002-01-01T00:00:00Z""]",[]
5029675,Q5029675,Canadian Airways,カナディアン・エアウェイズ,[],[],"[""Q16""]","[""1926-01-01T00:00:00Z""]","[""1942-01-01T00:00:00Z""]"
5029886,Q5029886,Canadian Colonial Airways,,[],[],"[""Q16""]","[""1929-01-01T00:00:00Z""]","[""1942-01-01T00:00:00Z""]"
5030526,Q5030526,Canadian Regional Airlines,カナダ・リージョナル・エアラインズ,"[""KI""]","[""CDR""]","[""Q16""]","[""1991-01-01T00:00:00Z""]","[""2000-01-01T00:00:00Z""]"
5035444,Q5035444,Capital Airlines,,"[""BZ""]","[""CPG""]","[""Q145""]","[""1984-01-01T00:00:00Z""]","[""1990-01-01T00:00:00Z""]"
5035449,Q5035449,Capital Airlines,キャピタル・エアラインズ,[],"[""NCP""]","[""Q1033""]","[""2003-01-01T00:00:00Z""]","[""2010-01-01T00:00:00Z""]"
5035503,Q5035503,Capital Cargo International Airlines,,"[""PT""]","[""CCI""]","[""Q30""]","[""1995-01-01T00:00:00Z""]","[""2013-01-01T00:00:00Z""]"
5038832,Q5038832,CareFlight,,[],"[""CFH""]","[""Q408""]","[""1986-09-05T00:00:00Z""]",[]
5039267,Q5039267,Cargo Airways International,カーゴ・エアウェイズ・インターナショナル,[],[],"[""Q1009""]",[],[]
5039269,Q5039269,Cargo Plus Aviation,,"[""8L""]","[""CGP""]","[""Q878""]","[""2001-01-01T00:00:00Z""]","[""2008-01-01T00:00:00Z""]"
5039332,Q5039332,Caribair,カリブエア,[],[],"[""Q30""]","[""1939-01-01T00:00:00Z""]","[""1973-01-01T00:00:00Z""]"
5039346,Q5039346,Caribbean Air Sign,,[],"[""CAS""]","[""Q786""]","[""2006-01-01T00:00:00Z""]","[""2010-10-21T00:00:00Z""]"
5039386,Q5039386,Caribbean Helicopters,,[],[],[],"[""1995-01-01T00:00:00Z""]",[]
5039430,Q5039430,Caribbean Star Airlines,,"[""8B""]","[""GFI""]","[""Q781""]","[""2000-01-01T00:00:00Z""]","[""2007-06-15T00:00:00Z""]"
5039465,Q5039465,Caribintair,,[],"[""CRT""]","[""Q790""]","[""1989-01-01T00:00:00Z""]","[""2009-01-01T00:00:00Z""]"
5044083,Q5044083,Carnival Air Lines,,"[""KW""]","[""CAA""]","[""Q30""]","[""1988-01-01T00:00:00Z""]","[""1998-01-01T00:00:00Z""]"
5048095,Q5048095,Cascade Airways,,[],[],"[""Q30""]","[""1969-01-01T00:00:00Z""]","[""1986-01-01T00:00:00Z""]"
5049128,Q5049128,Caspiy,,[],"[""TLG""]","[""Q232""]","[""2011-01-01T00:00:00Z""]",[]
5049979,Q5049979,Castle Air,,[],[],"[""Q145""]","[""1979-01-01T00:00:00Z""]",[]
5049989,Q5049989,Castle Aviation,キャッスル・アビエーション,[],"[""CSJ""]","[""Q30""]","[""1986-01-01T00:00:00Z""]",[]
5051255,Q5051255,Catalina Airlines,,[],[],"[""Q30""]","[""1940-01-01T00:00:00Z""]",[]
5057840,Q5057840,Celestair,,[],[],[],[],[]
5059114,Q5059114,Centennial Airlines,,"[""BE""]","[""CNL""]","[""Q30""]","[""1981-01-01T00:00:00Z""]","[""1987-01-01T00:00:00Z""]"
5060303,Q5060303,Central Airlines,,[],[],"[""Q30""]","[""1949-01-01T00:00:00Z""]","[""1967-01-01T00:00:00Z""]"
5060321,Q5060321,Central American Airways,,[],"[""CRW""]","[""Q783""]","[""2008-01-01T00:00:00Z""]","[""2011-01-01T00:00:00Z""]"
5060406,Q5060406,Central Aérea Limitada,,[],[],"[""Q155""]","[""1948-01-01T00:00:00Z""]","[""1955-01-01T00:00:00Z""]"
5060538,Q5060538,Central Charter de Colombia,,[],[],"[""Q739""]","[""1979-01-01T00:00:00Z""]",[]
5063126,Q5063126,Century Aviation,,[],[],[],"[""2003-01-01T00:00:00Z""]",[]
5068949,Q5068949,Challenger Airlines,,[],[],"[""Q30""]","[""1947-01-01T00:00:00Z""]","[""1950-06-01T00:00:00Z""]"
5072380,Q5072380,Channel Air Bridge,,[],[],"[""Q145""]","[""1954-01-01T00:00:00Z""]","[""1962-01-01T00:00:00Z""]"
5086718,Q5086718,Charter Air Transport,,[],"[""SRY""]","[""Q30""]","[""1998-01-01T00:00:00Z""]","[""2015-01-01T00:00:00Z""]"
5090277,Q5090277,Chelyabinsk Air Enterprise,,[],"[""CHB""]","[""Q159""]","[""1997-01-01T00:00:00Z""]","[""2004-01-01T00:00:00Z""]"
5092121,Q5092121,Cherokee Air,,[],[],[],[],[]
5095479,Q5095479,Chicago Air,,"[""CH""]",[],"[""Q30""]","[""1985-01-01T00:00:00Z""]","[""1986-01-01T00:00:00Z""]"
5095591,Q5095591,Chicago Express Airlines,,"[""C8""]","[""WDY""]","[""Q30""]","[""1993-01-01T00:00:00Z""]","[""2005-01-01T00:00:00Z""]"
5095873,Q5095873,Chicago and Southern Air Lines,,"[""CS""]","[""CSA""]","[""Q30""]","[""1934-01-01T00:00:00Z""]","[""1953-01-01T00:00:00Z""]"
5099689,Q5099689,China Flying Dragon Aviation,中国飛龍専業航空,[],"[""CFA""]","[""Q148""]","[""1981-01-01T00:00:00Z""]",[]
5103383,Q5103383,AIX Connect,エアアジア・インディア,"[""I5""]","[""IAD""]","[""Q668""]","[""2013-01-01T00:00:00Z""]",[]
5105698,Q5105698,Chris Air,,[],[],"[""Q218""]","[""2005-01-01T00:00:00Z""]","[""2005-01-01T00:00:00Z""]"
5113763,Q5113763,Chrome Air Service,クローム・エア・サービス,[],"[""CHO""]","[""Q1033""]","[""1990-01-01T00:00:00Z""]","[""2007-04-30T00:00:00Z""]"
5116247,Q5116247,SkyAirWorld,,"[""S9""]","[""SYW""]","[""Q408""]","[""2006-01-01T00:00:00Z""]","[""2009-02-22T00:00:00Z""]"
5119596,Q5119596,Cielos del Oriente,,[],[],"[""Q419""]",[],[]
5121035,Q5121035,Cinnamon Air,シナモン・エア,"[""C7""]","[""CIN""]","[""Q854""]","[""2012-01-01T00:00:00Z""]",[]
5122398,Q5122398,CitationAir,,[],[],"[""Q30""]",[],[]
5122416,Q5122416,Citelynx,,[],[],"[""Q145""]",[],"[""2008-01-01T00:00:00Z""]"
5122952,Q5122952,CityFlyer Express,,"[""FD""]","[""CFE""]","[""Q145""]","[""1992-01-01T00:00:00Z""]","[""2000-01-01T00:00:00Z""]"
5122958,Q5122958,CityJet,,[],[],"[""Q664""]","[""1999-01-01T00:00:00Z""]","[""1999-11-01T00:00:00Z""]"
5123159,Q5123159,City Express,,"[""OU""]","[""OUL""]","[""Q16""]","[""1971-01-01T00:00:00Z""]",[]
5136093,Q5136093,Club 328,,[],"[""SDJ""]","[""Q145""]","[""2004-01-01T00:00:00Z""]","[""2008-01-01T00:00:00Z""]"
5136104,Q5136104,Club Airways International,,[],[],"[""Q39""]","[""2002-01-01T00:00:00Z""]",[]
5136340,Q5136340,Club One Air,,[],[],"[""Q668""]",[],[]
5138082,Q5138082,Coast Aero Center,,"[""BX""]","[""CST""]","[""Q20""]","[""1975-01-01T00:00:00Z""]","[""1988-01-01T00:00:00Z""]"
5138250,Q5138250,Coastal Air,コースタルエア,[],[],"[""Q30""]","[""1976-01-01T00:00:00Z""]",[]
5138255,Q5138255,Coastal Aviation,コースタル・アビエーション,"[""CQ""]","[""CSV""]","[""Q924""]","[""1987-01-01T00:00:00Z""]",[]
5139328,Q5139328,Cochise Airlines,,"[""DP""]",[],"[""Q30""]","[""1971-01-01T00:00:00Z""]","[""1982-01-01T00:00:00Z""]"
5148274,Q5148274,Colonial Air Transport,コロニアル・エア・トランスポート,[],[],"[""Q30""]","[""1926-01-01T00:00:00Z""]","[""1930-01-01T00:00:00Z""]"
5148276,Q5148276,Colonial Airlines,,[],[],"[""Q30""]",[],"[""1956-01-01T00:00:00Z""]"
5148277,Q5148277,Colonial Airlines,,[],[],"[""Q16""]","[""1942-01-01T00:00:00Z""]","[""1946-01-01T00:00:00Z""]"
5149711,Q5149711,Columbia Helicopters,コロンビア・ヘリコプターズ,[],[],"[""Q30""]","[""1957-01-01T00:00:00Z""]",[]
5151020,Q5151020,Comco,,[],[],"[""Q30""]",[],[]
5152049,Q5152049,Comlux,コムラックス,[],[],"[""Q39""]","[""2003-01-01T00:00:00Z""]",[]
5152052,Q5152052,Comlux Kazakhstan,,[],"[""KAZ""]","[""Q232""]","[""1997-01-01T00:00:00Z""]",[]
5152079,Q5152079,Command Airways,,"[""DD""]",[],"[""Q30""]","[""1966-01-01T00:00:00Z""]","[""1988-01-01T00:00:00Z""]"
5152080,Q5152080,Command Airways,,"[""CT""]","[""CAH""]","[""Q258""]","[""1977-01-01T00:00:00Z""]",[]
5154734,Q5154734,Community Express Airlines,,"[""5V""]","[""UNI""]","[""Q145""]",[],[]
5155095,Q5155095,Q5155095,,[],[],"[""Q30""]",[],"[""1984-10-01T00:00:00Z""]"
5155375,Q5155375,Companhia Itaú de Transportes Aéreos,,[],[],"[""Q155""]","[""1947-01-01T00:00:00Z""]","[""1956-01-01T00:00:00Z""]"
5155376,Q5155376,Companhia Meridional de Transportes,,[],[],"[""Q155""]","[""1944-01-01T00:00:00Z""]","[""1946-01-01T00:00:00Z""]"
5156076,Q5156076,Compass Airlines,,"[""YM""]","[""CYM""]","[""Q408""]","[""1990-01-01T00:00:00Z"",""1992-01-01T00:00:00Z""]","[""1993-01-01T00:00:00Z""]"
5156173,Q5156173,Compañía Aeronáutica Uruguaya,,[],[],"[""Q77""]","[""1936-12-29T00:00:00Z""]","[""1967-01-01T00:00:00Z""]"
5157723,Q5157723,Comtel Air,,[],"[""COE""]","[""Q40""]","[""2011-01-01T00:00:00Z""]","[""2011-01-01T00:00:00Z""]"
5158064,Q5158064,Conair Group,,[],"[""FGD""]","[""Q16""]","[""1969-04-01T00:00:00Z""]",[]
5158887,Q5158887,Imperial Japanese Airways,大日本航空,"[""IJ""]","[""IJA""]","[""Q188712""]","[""1938-01-01T00:00:00Z""]","[""1945-10-01T00:00:00Z""]"
5160493,Q5160493,Congo Airlines,コンゴ航空,"[""EO""]","[""ALX""]",[],[],"[""1994-01-01T00:00:00Z""]"
5161733,Q5161733,Connellan Airways,コネラン航空,"[""CK""]",[],"[""Q408""]","[""1939-01-01T00:00:00Z""]","[""1980-01-01T00:00:00Z""]"
5162423,Q5162423,Conquest Airlines,,[],[],"[""Q30""]","[""1988-01-01T00:00:00Z""]","[""1997-07-28T00:00:00Z""]"
5165231,Q5165231,Continental Air Services,,[],[],"[""Q30""]","[""1950-01-01T00:00:00Z""]","[""http://www.wikidata.org/.well-known/genid/46e2e9bb4ad36a4c67f5073a66c8db76""]"
5165299,Q5165299,Continental Lite,コンチネンタル・ライト,[],[],"[""Q30""]","[""1993-01-01T00:00:00Z""]","[""1995-01-01T00:00:00Z""]"
5165649,Q5165649,Contract Air Cargo,IFLグループ,"[""IF""]","[""TSU""]","[""Q30""]","[""1983-01-01T00:00:00Z""]",[]
5172396,Q5172396,Corporate Air,,[],[],"[""Q928""]","[""1995-01-01T00:00:00Z""]","[""2008-01-01T00:00:00Z""]"
5172398,Q5172398,Corporate Air,コーポレート・エア,[],"[""CPT""]","[""Q30""]","[""1981-01-01T00:00:00Z""]",[]
5172409,Q5172409,Corporate Express,,[],"[""CPB""]","[""Q16""]","[""1975-01-01T00:00:00Z""]","[""2009-01-01T00:00:00Z""]"
5172412,Q5172412,Corporate Flight Management,,"[""LF""]","[""VTE""]","[""Q30""]",[],[]
5174358,Q5174358,Cosmopolitan Airlines,,[],[],"[""Q30""]",[],"[""1980-01-01T00:00:00Z""]"
5174859,Q5174859,Costa Rica Skies,,[],[],"[""Q800""]","[""2007-12-22T00:00:00Z""]","[""2008-01-01T00:00:00Z""]"
5180023,Q5180023,Coyne Airways,コイン・エアウェイズ,"[""7C""]","[""COY""]","[""Q145""]","[""1994-01-01T00:00:00Z""]",[]
5184704,Q5184704,Cretan Airlines,,"[""C5""]","[""KRT""]","[""Q41""]","[""1991-01-01T00:00:00Z""]","[""1995-01-01T00:00:00Z""]"
5185139,Q5185139,Crilly Airways,,[],[],"[""Q145""]",[],"[""1936-09-09T00:00:00Z""]"
5186594,Q5186594,Critical Air Medicine,,[],[],"[""Q30""]","[""1981-01-01T00:00:00Z""]",[]
5189975,Q5189975,Cruiser Linhas Aéreas,,"[""J6""]","[""VCR""]","[""Q155""]","[""2001-01-01T00:00:00Z""]","[""2010-01-01T00:00:00Z""]"
5192890,Q5192890,Culebra Air Services,,[],[],[],"[""1998-01-01T00:00:00Z""]",[]
5194624,Q5194624,Curaçao Express,,[],[],[],"[""2004-01-01T00:00:00Z""]","[""2005-04-30T00:00:00Z""]"
5196366,Q5196366,Custom Air Transport,,"[""5R""]","[""CTT""]","[""Q30""]","[""1995-01-01T00:00:00Z""]","[""2012-01-01T00:00:00Z""]"
5196806,Q5196806,National Airways Gabon,,[],[],"[""Q1000""]","[""2002-01-01T00:00:00Z""]","[""2009-01-01T00:00:00Z""]"
5204276,Q5204276,DAP Helicópteros,,[],"[""DHE""]","[""Q298""]","[""1989-01-01T00:00:00Z""]",[]
5204970,Q5204970,DGO Jet,,[],[],[],"[""1995-01-01T00:00:00Z""]",[]
5205031,Q5205031,DHL de Guatemala,DHL・デ・グアテマラ,"[""L3""]","[""JOS""]","[""Q774""]","[""1989-01-01T00:00:00Z""]",[]
5207572,Q5207572,Dac Air,,[],[],"[""Q218""]","[""1995-01-01T00:00:00Z""]","[""1998-01-01T00:00:00Z""]"
5209419,Q5209419,Daimler Airway,ダイムラー・エアウェイズ,[],[],"[""Q145""]","[""1919-01-01T00:00:00Z""]","[""1924-04-01T00:00:00Z""]"
5210916,Q5210916,Dalian Airlines,大連航空,"[""CA""]","[""CCD""]","[""Q148""]","[""2011-01-01T00:00:00Z""]",[]
5211963,Q5211963,Damania Airways,,"[""D2""]","[""DAM""]","[""Q668""]","[""1992-01-01T00:00:00Z""]","[""1997-01-01T00:00:00Z""]"
5214906,Q5214906,Danair,,"[""DX""]","[""DEN""]","[""Q35""]","[""1971-01-01T00:00:00Z""]","[""1995-01-01T00:00:00Z""]"
5219824,Q5219824,Plaza Servicios Aéreos,,[],[],"[""Q29""]","[""2006-01-01T00:00:00Z""]","[""2008-01-01T00:00:00Z""]"
5222214,Q5222214,Darbhanga Aviations,,[],[],"[""Q668""]","[""1950-01-01T00:00:00Z""]",[]
5226498,Q5226498,Dasab Airlines,ダサブ・エアラインズ,[],"[""DSQ""]","[""Q1033""]",[],"[""2007-04-30T00:00:00Z""]"
5241204,Q5241204,Lao Air,ラオ・スカイウェイ,"[""LK""]","[""LLL""]","[""Q819""]","[""2002-01-01T00:00:00Z""]",[]
5242781,Q5242781,DayJet,,[],"[""DJS""]","[""Q30""]",[],"[""2008-09-19T00:00:00Z""]"
5243150,Q5243150,Feel Air,,[],[],"[""Q20""]","[""2009-01-01T00:00:00Z""]",[]
5244560,Q5244560,Silverfly,,"[""SF""]","[""SFI""]","[""Q833""]","[""2009-01-01T00:00:00Z""]","[""2010-01-01T00:00:00Z""]"
5248132,Q5248132,Debonair,,"[""2G""]","[""DEB""]","[""Q145""]","[""1996-01-01T00:00:00Z""]","[""1999-01-01T00:00:00Z""]"
5248857,Q5248857,Simplifly,ミレニアム・エアラインズ,[],"[""DLK""]","[""Q854""]","[""2004-01-01T00:00:00Z""]",[]
5254629,Q5254629,Delta Express,デルタ・エクスプレス,"[""DL""]","[""DAL""]","[""Q30""]","[""1996-01-01T00:00:00Z""]","[""2003-01-01T00:00:00Z""]"
5254723,Q5254723,Delta Private Jets,デルタ・プライベート・ジェッツ,[],"[""ELJ""]","[""Q30""]","[""2001-01-01T00:00:00Z""]",[]
5259770,Q5259770,Denver Ports of Call,デンバー・ポーツ・オブ・コール航空,[],[],"[""Q30""]",[],"[""1992-01-01T00:00:00Z""]"
5261361,Q5261361,Deraya Air Taxi,デラヤ・エアー・タクシー,[],"[""DRY""]","[""Q252""]","[""1967-01-01T00:00:00Z""]",[]
5265115,Q5265115,Destination Air Shuttle,,[],[],"[""Q869""]","[""2007-01-01T00:00:00Z""]",[]
5265481,Q5265481,Det Norske Luftfartrederi,,[],[],"[""Q20""]","[""1918-01-01T00:00:00Z""]",[]
5277945,Q5277945,Dinar Líneas Aéreas,,"[""D7""]","[""RDN""]","[""Q414""]","[""1992-01-01T00:00:00Z""]","[""2002-01-01T00:00:00Z""]"
5280254,Q5280254,Direct Aero Services,,[],"[""DSV""]","[""Q218""]","[""2007-01-01T00:00:00Z""]","[""2013-03-01T00:00:00Z""]"
5280257,Q5280257,Direct Air,ダイレクト・エア,"[""D1""]",[],"[""Q30""]","[""2006-01-01T00:00:00Z""]","[""2012-03-13T00:00:00Z""]"
5281860,Q5281860,Discovery Air,,[],[],"[""Q16""]","[""2004-01-01T00:00:00Z""]",[]
5281862,Q5281862,Discovery Airways,ディスカバリー・エアウェイズ,"[""DH""]","[""DVA""]","[""Q30""]","[""1989-01-01T00:00:00Z""]","[""1990-07-13T00:00:00Z""]"
5290285,Q5290285,Q5290285,,"[""YU""]","[""ADM""]","[""Q786""]","[""1974-01-01T00:00:00Z""]","[""2007-01-01T00:00:00Z""]"
5290891,Q5290891,Q5290891,ドミニカーナ航空,"[""DO""]","[""DOA""]","[""Q786""]","[""1944-01-01T00:00:00Z""]","[""1999-01-01T00:00:00Z""]"
5294918,Q5294918,TAT Nigeria,TATナイジェリア,[],[],"[""Q1033""]",[],[]
5294996,Q5294996,Gestair Group,,"[""G5"",""GP""]","[""GES""]","[""Q29""]","[""1977-01-01T00:00:00Z""]",[]
5295043,Q5295043,Wings Aviation,,[],"[""TWD""]","[""Q1033""]","[""2001-01-01T00:00:00Z""]","[""2012-01-01T00:00:00Z""]"
5297469,Q5297469,Dorado Wings,,[],[],[],"[""1964-01-01T00:00:00Z""]","[""1982-01-01T00:00:00Z""]"
5302390,Q5302390,Dove Air Services,,[],"[""DOV""]","[""Q1049""]","[""2007-01-01T00:00:00Z""]",[]
5303089,Q5303089,Downeast Airlines,,[],[],"[""Q30""]","[""1960-01-01T00:00:00Z""]","[""2007-06-01T00:00:00Z""]"
5310603,Q5310603,Dubai Royal Air Wing,ドバイ・ロイヤル・エア・ウィング,[],"[""DUB""]","[""Q878""]",[],[]
5315836,Q5315836,Duo Airways,,"[""VB""]","[""DUO""]","[""Q145""]","[""2003-01-01T00:00:00Z""]","[""2004-05-01T00:00:00Z""]"
5317241,Q5317241,DutchCaribbeanExel,,[],[],"[""Q55""]","[""2004-01-01T00:00:00Z""]","[""2005-02-01T00:00:00Z""]"
5321422,Q5321422,E-Liner Airways,,"[""EL""]","[""ELA""]","[""Q25279""]","[""1993-01-01T00:00:00Z""]",[]
5322534,Q5322534,EAS Airlines,EAS航空,[],"[""EXW""]","[""Q1033""]","[""1983-01-01T00:00:00Z""]","[""2006-01-01T00:00:00Z""]"
5324444,Q5324444,ETA – Empresa de Transporte Aéreo,,[],[],"[""Q155""]","[""1928-01-01T00:00:00Z""]","[""1929-01-01T00:00:00Z""]"
5325007,Q5325007,Eagle Air,,"[""EY""]","[""EFL""]","[""Q924""]",[],[]
5327050,Q5327050,Earth Airlines,アース・エアラインズ,[],"[""ERX""]","[""Q1033""]","[""2002-01-01T00:00:00Z""]","[""http://www.wikidata.org/.well-known/genid/59488fd9c6c2d230cf681729a86b731e""]"
5327564,Q5327564,East-West Airlines,東西航空 (オーストラリア),"[""EW""]","[""EWA""]","[""Q408""]","[""1947-01-01T00:00:00Z""]","[""1993-10-31T00:00:00Z""]"
5327566,Q5327566,East-West Airlines,,[],[],"[""Q668""]","[""1991-01-01T00:00:00Z""]","[""1996-08-08T00:00:00Z""]"
5327646,Q5327646,East African Air,,"[""5H""]",[],"[""Q145""]","[""2009-01-01T00:00:00Z""]",[]
5327647,Q5327647,East African Airlines,,"[""QU""]","[""UGX""]","[""Q1036""]","[""2002-01-01T00:00:00Z""]","[""2007-01-01T00:00:00Z""]"
5329951,Q5329951,Eastern Air,,"[""X7""]","[""EAZ""]","[""Q953""]",[],"[""1991-01-01T00:00:00Z""]"
5329965,Q5329965,Eastern Air Lines Shuttle,イースタン航空シャトル,[],[],"[""Q30""]",[],[]
5330028,Q5330028,Eastern Canada Air Lines,,[],[],"[""Q16""]","[""1936-01-01T00:00:00Z""]","[""1938-01-01T00:00:00Z""]"
5330469,Q5330469,Eastern SkyJets,,"[""EE""]","[""ESJ""]","[""Q878""]",[],[]
5330721,Q5330721,Eastland Air,,"[""DK""]","[""ILA""]","[""Q408""]",[],"[""2003-01-01T00:00:00Z""]"
5330994,Q5330994,Eastwind Airlines,イーストウイング航空,"[""W9""]","[""SGR""]","[""Q30""]","[""1995-01-01T00:00:00Z""]","[""1999-01-01T00:00:00Z""]"
5331136,Q5331136,Easy Link Aviation,,[],"[""FYE""]","[""Q1033""]",[],"[""http://www.wikidata.org/.well-known/genid/ff20ec27b15e0eefd09d0427e2de9660""]"
5333153,Q5333153,Ecoair International,,"[""9H""]","[""DEI""]","[""Q262""]","[""1999-01-01T00:00:00Z""]","[""2002-01-01T00:00:00Z""]"
5334424,Q5334424,Ecuatoriana de Aviación,エクアトリアナ航空,"[""EU""]","[""EEA""]","[""Q736""]","[""1957-01-01T00:00:00Z""]","[""2006-01-01T00:00:00Z""]"
5353981,Q5353981,Elders Colonial Airways,エルダース・コロニアル・エアウェイズ,[],[],"[""Q1033""]","[""1935-01-01T00:00:00Z""]","[""1940-01-01T00:00:00Z""]"
5354815,Q5354815,Rio Linhas Aéreas,リオ・リンハス・アエレアス,"[""RL""]","[""RIO""]","[""Q155""]","[""2007-01-01T00:00:00Z""]","[""2017-01-01T00:00:00Z""]"
5356458,Q5356458,Express.Net Airlines,,[],"[""XNA""]","[""Q30""]","[""1972-01-01T00:00:00Z""]","[""2008-01-01T00:00:00Z""]"
5357204,Q5357204,Pacific East Asia Cargo Airlines,,"[""Q8""]","[""PEC""]","[""Q928""]","[""1990-01-01T00:00:00Z""]","[""2010-12-30T00:00:00Z""]"
5358402,Q5358402,ThaiJet,,"[""AO""]","[""THJ""]","[""Q869""]","[""2003-01-01T00:00:00Z""]","[""2004-05-01T00:00:00Z""]"
5361248,Q5361248,Express Freighters Australia,エクスプレス・フライターズ・オーストラリア,[],"[""EFA""]","[""Q408""]","[""2006-01-01T00:00:00Z""]",[]
5365450,Q5365450,Formosa Airlines,国華航空,"[""VY""]","[""FOS""]","[""Q865""]","[""1966-05-05T00:00:00Z""]","[""1999-08-08T00:00:00Z""]"
5370404,Q5370404,Emerald Air,,[],[],[],"[""1995-01-01T00:00:00Z""]","[""1995-08-01T00:00:00Z""]"
5370405,Q5370405,Emerald Air,,"[""OD""]",[],"[""Q30""]","[""1978-01-01T00:00:00Z""]","[""1991-01-01T00:00:00Z""]"
5370409,Q5370409,Emerald Airways,,"[""G3""]","[""JEM""]","[""Q145""]","[""1992-01-01T00:00:00Z""]","[""2006-01-01T00:00:00Z""]"
5371008,Q5371008,Emery Worldwide,エメリー・ワールドワイド,"[""EB""]","[""EWW""]","[""Q30""]","[""1946-01-01T00:00:00Z""]","[""2001-01-01T00:00:00Z""]"
5374027,Q5374027,Empire Airlines,エンパイア航空,"[""EM""]","[""CFS""]","[""Q30""]","[""1977-01-01T00:00:00Z""]",[]
5374028,Q5374028,Empire Airlines (1976–1985),,"[""EM""]",[],"[""Q30""]","[""1976-01-01T00:00:00Z""]","[""1985-01-01T00:00:00Z""]"
5374032,Q5374032,Empire Airways,,[],"[""JKR""]","[""Q30""]","[""2004-01-01T00:00:00Z""]",[]
5374224,Q5374224,Empires Airlines,,[],[],"[""Q30""]",[],[]
5374846,Q5374846,Emu Airways,,"[""TL""]",[],"[""Q408""]","[""1970-01-01T00:00:00Z""]","[""2005-11-01T00:00:00Z""]"
5384103,Q5384103,Q5384103,エクアフライト,"[""E7""]","[""EKA""]","[""Q971""]","[""1998-01-01T00:00:00Z""]",[]
5396797,Q5396797,Escadrille Nationale du Niger,,[],[],"[""Q1032""]",[],[]
5397580,Q5397580,Esen Air,エセン・エア,"[""K9""]","[""ESD""]","[""Q813""]","[""2006-01-01T00:00:00Z""]","[""2008-01-01T00:00:00Z""]"
5399337,Q5399337,Essair Airways,,[],[],"[""Q30""]","[""1939-01-01T00:00:00Z""]","[""1955-01-01T00:00:00Z""]"
5400639,Q5400639,Estar Avia,,[],"[""UMS""]","[""Q159""]","[""2003-01-01T00:00:00Z""]",[]
5411726,Q5411726,Euroceltic Airways,,"[""5Q""]",[],"[""Q27""]","[""1999-01-01T00:00:00Z""]","[""2003-01-21T00:00:00Z""]"
5411830,Q5411830,Eurodirect,,"[""9R""]",[],"[""Q145""]","[""1994-01-01T00:00:00Z""]","[""1995-02-26T00:00:00Z""]"
5411873,Q5411873,Eurojet Romania,,[],"[""RDP""]","[""Q218""]","[""2004-01-01T00:00:00Z""]",[]
5412200,Q5412200,European 2000 Airlines,,[],"[""EUT""]","[""Q233""]","[""2005-01-01T00:00:00Z""]",[]
5412386,Q5412386,European Coastal Airlines,,"[""WL""]","[""ECB""]","[""Q224""]","[""2000-01-01T00:00:00Z""]","[""2017-01-01T00:00:00Z""]"
5412554,Q5412554,European Executive,,[],"[""ETV""]","[""Q145""]",[],[]
5413175,Q5413175,European Skytime,,[],[],"[""Q145""]",[],[]
5414196,Q5414196,Sol Dominicana Airlines,,"[""DA""]","[""SDA""]","[""Q786""]","[""2007-01-01T00:00:00Z""]","[""2009-01-01T00:00:00Z""]"
5416947,Q5416947,Everest Air,,"[""E2""]",[],"[""Q837""]","[""1992-01-01T00:00:00Z""]","[""1998-01-01T00:00:00Z""]"
5417420,Q5417420,Everts Air Cargo,エバーツ・エア・カーゴ,"[""5V""]","[""VTS""]","[""Q30""]","[""1993-01-01T00:00:00Z""]",[]
5419385,Q5419385,ExcelAire,エクセルエア,[],"[""XLS""]","[""Q30""]",[],[]
5419793,Q5419793,Executive Airlines,,[],"[""EXU""]","[""Q29""]",[],[]
5420889,Q5420889,Expedition Airways,,"[""FO""]","[""XPD""]","[""Q954""]",[],[]
5421307,Q5421307,Exploits Valley Air Services,エクスプロイツ・ヴァレー航空サービス,"[""8K""]","[""EVS""]","[""Q16""]",[],[]
5421673,Q5421673,Express One International,,"[""EO""]","[""LHN""]","[""Q30""]","[""1983-01-01T00:00:00Z""]",[]
5426584,Q5426584,FLYi,,[],[],"[""Q30""]","[""2004-01-01T00:00:00Z""]","[""2006-01-06T00:00:00Z""]"
5427166,Q5427166,FS Air Service,,[],"[""EYE""]","[""Q30""]","[""1986-01-01T00:00:00Z""]",[]
5430559,Q5430559,Fairline,,[],[],"[""Q40""]","[""2003-01-01T00:00:00Z""]","[""2004-01-01T00:00:00Z""]"
5431729,Q5431729,Falcon Air Express,,"[""6F""]","[""FAO""]","[""Q30""]","[""1995-01-01T00:00:00Z""]","[""2015-01-01T00:00:00Z""]"
5431730,Q5431730,Falcon Airways,,[],[],"[""Q145""]","[""1959-03-01T00:00:00Z""]","[""1961-09-01T00:00:00Z""]"
5431731,Q5431731,Falcon Aviation Services,ファルコン・エイビエーション・サービス,[],"[""FVS""]","[""Q878""]","[""2006-01-01T00:00:00Z""]",[]
5433038,Q5433038,Family Airlines,,[],[],"[""Q30""]",[],[]
5436378,Q5436378,Q5436378,ファーズ・エア・ケシム,"[""QE""]","[""QFZ""]","[""Q794""]","[""2003-01-01T00:00:00Z""]",[]
5448249,Q5448249,Fil-Asian Airways,フィル・アジアン・エアウエイズ,"[""R1""]","[""RDV""]","[""Q928""]","[""2011-01-01T00:00:00Z""]","[""2014-01-01T00:00:00Z""]"
5448573,Q5448573,Filipinas Orient Airways,,[],"[""FOA""]","[""Q928""]","[""1964-01-01T00:00:00Z""]","[""1972-01-01T00:00:00Z""]"
5450036,Q5450036,Fine Air,ファイン・エア,[],"[""FBF""]","[""Q30""]","[""1989-01-01T00:00:00Z""]","[""2002-01-01T00:00:00Z""]"
5450524,Q5450524,Finlantic,,[],[],"[""Q33""]","[""1957-04-18T00:00:00Z""]","[""1963-08-01T00:00:00Z""]"
5450697,Q5450697,Finnaviation,,"[""FA""]","[""FAV""]","[""Q33""]","[""1979-01-01T00:00:00Z""]","[""1996-09-02T00:00:00Z""]"
5452594,Q5452594,First Cambodia Airlines,,"[""F6""]","[""FCC""]","[""Q424""]","[""2004-01-01T00:00:00Z""]","[""2004-08-02T00:00:00Z""]"
5456486,Q5456486,Fjellfly,,[],"[""FO""]","[""Q20""]","[""1954-01-01T00:00:00Z""]","[""1972-03-01T00:00:00Z""]"
5456994,Q5456994,Flagship Airlines,フラッグシップ航空,[],[],"[""Q30""]","[""1991-06-01T00:00:00Z""]",[]
5457059,Q5457059,Flairjet,フレアジェット,[],"[""FLJ""]","[""Q145""]","[""2009-01-01T00:00:00Z""]",[]
5457270,Q5457270,Flamingo Air,フラミンゴ航空,[],[],[],[],[]
5457277,Q5457277,Flamingo Air,,[],[],"[""Q30""]","[""1991-01-01T00:00:00Z""]",[]
5458930,Q5458930,Flex Linhas Aéreas,,"[""JH""]","[""FFX""]","[""Q155""]","[""2006-01-01T00:00:00Z""]","[""2010-01-01T00:00:00Z""]"
5459199,Q5459199,Flight Alaska,,"[""4Y""]","[""TUD""]","[""Q30""]","[""1955-01-01T00:00:00Z""]","[""2017-03-05T00:00:00Z""]"
5459219,Q5459219,Flight Express,,[],"[""FLX""]","[""Q30""]",[],[]
5459249,Q5459249,Flight West Airlines,フライトウエスト航空,"[""YC""]","[""FWQ""]","[""Q408""]","[""1987-01-01T00:00:00Z""]","[""2001-01-01T00:00:00Z""]"
5459359,Q5459359,Flightlink,,"[""YS""]","[""FLZ""]","[""Q924""]","[""2004-01-01T00:00:00Z""]",[]
5461180,Q5461180,Florida Airlines,,"[""FE""]",[],"[""Q30""]","[""1960-01-01T00:00:00Z""]","[""1982-01-01T00:00:00Z""]"
5461182,Q5461182,Florida Airways,,[],[],"[""Q30""]","[""1923-01-01T00:00:00Z""]","[""1927-01-01T00:00:00Z""]"
5461281,Q5461281,Florida Coastal Airlines,,"[""PA""]","[""FCL""]","[""Q30""]","[""1995-01-01T00:00:00Z""]","[""2010-07-01T00:00:00Z""]"
5461294,Q5461294,Florida Commuter Airlines,,[],[],"[""Q30""]","[""1980-01-01T00:00:00Z""]","[""1981-01-01T00:00:00Z""]"
5461342,Q5461342,Florida Express,,"[""ZO""]","[""FLX""]","[""Q30""]","[""1984-01-01T00:00:00Z""]","[""1988-03-01T00:00:00Z""]"
5461704,Q5461704,Florida West International Airways,フロリダウェスト国際航空,"[""RF""]","[""FWL""]","[""Q30""]","[""1995-01-01T00:00:00Z""]","[""2017-02-28T00:00:00Z""]"
5462685,Q5462685,Flugfélag Vestmannaeyja,,[],"[""FVM""]","[""Q189""]",[],[]
5463085,Q5463085,FlyHawaii Airlines,,[],[],[],[],[]
5463086,Q5463086,FlyMex,,[],"[""NTG""]","[""Q96""]",[],[]
5463088,Q5463088,FlyMe,フライミー,"[""VP""]","[""VQI""]","[""Q826""]","[""2010-01-01T00:00:00Z""]",[]
5463121,Q5463121,Fly Aruba,,"[""AG""]",[],"[""Q21203""]","[""2010-01-01T00:00:00Z""]","[""2012-01-01T00:00:00Z""]"
5463163,Q5463163,Fly Gibraltar,,[],[],[],[],[]
5463174,Q5463174,Q5463174,フライ・ジャマイカ航空,"[""OJ""]","[""FJM""]","[""Q766""]","[""2012-01-01T00:00:00Z""]","[""2019-03-31T00:00:00Z""]"
5463176,Q5463176,Fly Level,,[],[],"[""Q218""]",[],[]
5463190,Q5463190,Fly Niu Airlines,,[],[],"[""Q678""]","[""2004-01-01T00:00:00Z""]","[""2004-09-10T00:00:00Z""]"
5463191,Q5463191,Fly My Sky,,[],[],"[""Q664""]","[""2008-01-01T00:00:00Z""]","[""2021-06-01T00:00:00Z""]"
5463222,Q5463222,Fly Tiwi,,"[""FT""]",[],"[""Q408""]","[""2008-01-01T00:00:00Z""]",[]
5463317,Q5463317,Sparrow Aviation,,"[""9I""]",[],"[""Q34""]","[""2014-07-01T00:00:00Z""]","[""2018-06-25T00:00:00Z""]"
5463381,Q5463381,Flying Colours Airlines,,"[""MT""]","[""FCL""]","[""Q145""]","[""1996-01-01T00:00:00Z""]","[""2000-01-01T00:00:00Z""]"
5463401,Q5463401,Flying Dragon Airlines,,[],[],"[""Q837""]",[],[]
5463620,Q5463620,Flyjet,,"[""Y7""]","[""FJE""]","[""Q145""]","[""2002-01-01T00:00:00Z""]","[""2007-01-01T00:00:00Z""]"
5463621,Q5463621,Flykeen Airways,,[],"[""JFK""]","[""Q145""]",[],[]
5463632,Q5463632,Flylink Express,,"[""VB""]","[""FLK""]","[""Q29""]","[""2003-01-01T00:00:00Z""]",[]
5467643,Q5467643,Ford Air Transport Service,フォード航空輸送サービス,[],[],"[""Q30""]","[""1925-01-01T00:00:00Z""]","[""1932-01-01T00:00:00Z""]"
5472376,Q5472376,Fort Worth Airlines,,[],[],"[""Q30""]",[],[]
5472800,Q5472800,Fortunair,,[],[],"[""Q16""]","[""1994-01-01T00:00:00Z""]","[""1995-01-01T00:00:00Z""]"
5475191,Q5475191,Silverback Cargo Freighters,シルバーバック貨物航空,[],"[""VRB""]","[""Q1037""]","[""2002-01-01T00:00:00Z""]","[""2009-01-01T00:00:00Z""]"
5475551,Q5475551,Four Star Air Cargo,,"[""HK""]","[""FSC""]","[""Q30""]","[""1982-01-01T00:00:00Z""]","[""2009-01-01T00:00:00Z""]"
5490298,Q5490298,SprintAir,スプリントエア,"[""P8""]","[""SRN""]","[""Q36""]","[""2003-01-01T00:00:00Z""]",[]
5492233,Q5492233,Universair,,[],[],"[""Q29""]","[""1986-01-01T00:00:00Z""]",[]
5492946,Q5492946,ArGo Airways,,[],"[""AGW""]","[""Q41""]","[""2009-01-01T00:00:00Z""]",[]
5499742,Q5499742,Free Airlines,,[],[],"[""Q974""]",[],[]
5500475,Q5500475,Freedom Air Services,フリーダム・エア・サービス,[],"[""FFF""]","[""Q1033""]","[""1998-01-01T00:00:00Z""]",[]
5500955,Q5500955,Freelandia,,[],[],"[""Q30""]","[""1973-01-01T00:00:00Z""]","[""1974-01-01T00:00:00Z""]"
5501365,Q5501365,Freight Runners Express,フレイトランナーズ・エクスプレス,[],"[""FRG""]","[""Q30""]","[""1985-01-01T00:00:00Z""]",[]
5502934,Q5502934,Fresh Air,フレッシュ・エア,[],"[""FRR""]","[""Q1033""]",[],"[""2007-04-30T00:00:00Z""]"
5503686,Q5503686,Friedkin Airlines,,[],[],"[""Q30""]",[],[]
5505955,Q5505955,Frontier Airlines,元々フロンティア航空,"[""FL""]",[],"[""Q30""]","[""1950-01-01T00:00:00Z""]","[""1986-01-01T00:00:00Z""]"
5507485,Q5507485,Fujita Airlines,藤田航空,[],[],"[""Q17""]","[""1952-04-26T00:00:00Z""]","[""1964-11-01T00:00:00Z""]"
5514369,Q5514369,GP Express Airlines,,[],"[""GPE""]","[""Q30""]","[""1975-01-01T00:00:00Z""]","[""1996-01-01T00:00:00Z""]"
5516287,Q5516287,Gadair European Airlines,,"[""GP""]","[""GDR""]","[""Q29""]","[""2006-01-01T00:00:00Z""]","[""2009-01-01T00:00:00Z""]"
5518081,Q5518081,Galaxie Corporation,,[],[],"[""Q974""]",[],[]
5518107,Q5518107,Galaxy Airlines,ギャラクシー航空,[],[],"[""Q30""]",[],[]
5519538,Q5519538,Gama Aviation,,[],"[""GMA""]","[""Q145""]","[""1983-01-01T00:00:00Z""]",[]
5526953,Q5526953,Gatari Air Service,ガタリ・エア・サービス,[],"[""GHS""]","[""Q252""]","[""1983-01-01T00:00:00Z""]",[]
5530560,Q5530560,Gem State Airlines,,[],[],"[""Q30""]","[""1978-01-01T00:00:00Z""]","[""1980-01-01T00:00:00Z""]"
5533558,Q5533558,Gensa,,[],"[""GEN""]","[""Q155""]","[""1996-01-01T00:00:00Z""]",[]
5548001,Q5548001,Georgian Cargo Airlines Africa,,[],"[""GGF""]","[""Q1041""]",[],[]
5557848,Q5557848,Transcarga,,"[""T9""]","[""TIW""]","[""Q717""]","[""1998-01-01T00:00:00Z""]",[]
5558071,Q5558071,Cosmos Air Cargo,,[],"[""KMS""]","[""Q739""]","[""2005-01-01T00:00:00Z""]",[]
5561881,Q5561881,Gill Airways,ギル・エアウェイズ,"[""9C""]","[""GIL""]","[""Q145""]","[""1995-01-01T00:00:00Z""]","[""2001-09-20T00:00:00Z""]"
5569259,Q5569259,Glenorchy Air,グレノーキー航空,[],[],"[""Q664""]","[""1992-01-01T00:00:00Z""]",[]
5570090,Q5570090,Global Air,,[],"[""GAG""]","[""Q408""]","[""1997-01-01T00:00:00Z""]","[""2005-01-01T00:00:00Z""]"
5570093,Q5570093,Global Airways,,[],[],"[""Q18221""]",[],[]
5570096,Q5570096,Global Air,グローバル・エア,[],"[""DMJ""]","[""Q96""]","[""1990-01-01T00:00:00Z""]","[""2019-01-01T00:00:00Z""]"
5570431,Q5570431,Global International Airways,,[],[],"[""Q30""]","[""1981-01-01T00:00:00Z""]","[""1984-01-01T00:00:00Z""]"
5570988,Q5570988,Globe Jet,,[],"[""GJA""]","[""Q822""]","[""2003-01-01T00:00:00Z""]",[]
5571029,Q5571029,Globemaster Air Cargo,,[],[],"[""Q16""]","[""2003-01-01T00:00:00Z""]","[""2004-01-01T00:00:00Z""]"
5574074,Q5574074,Q5574074,,[],[],"[""Q717""]","[""1990-01-01T00:00:00Z""]",[]
5574512,Q5574512,Go!Express,,[],[],"[""Q30""]","[""2006-01-01T00:00:00Z""]",[]
5579188,Q5579188,Golden Bay Air,,[],[],"[""Q664""]","[""2006-01-01T00:00:00Z""]",[]
5579342,Q5579342,Golden Eagle Airlines,,[],[],"[""Q408""]",[],[]
5579424,Q5579424,Golden Gate Airlines,,[],[],"[""Q30""]","[""1980-01-01T00:00:00Z""]","[""1981-01-01T00:00:00Z""]"
5579694,Q5579694,Golden Pacific Airlines,,[],[],"[""Q30""]","[""1981-01-01T00:00:00Z""]","[""1989-01-01T00:00:00Z""]"
5579957,Q5579957,Golden West Airlines,,"[""GW""]","[""GWA""]","[""Q30""]","[""1967-01-01T00:00:00Z""]","[""1983-04-01T00:00:00Z""]"
5579976,Q5579976,Golden Wings Charters,,[],[],"[""Q778""]","[""2002-01-01T00:00:00Z""]",[]
5592441,Q5592441,Grafair,,[],"[""GFM""]","[""Q34""]","[""1969-01-01T00:00:00Z""]",[]
5594222,Q5594222,Grand Air International,グランド・エア,"[""8L""]","[""GDI""]","[""Q928""]","[""1995-01-01T00:00:00Z""]","[""1999-01-01T00:00:00Z""]"
5594224,Q5594224,Grand Aire Express,,[],"[""GAE""]","[""Q30""]","[""1985-01-01T00:00:00Z""]",[]
5598708,Q5598708,Great Barrier Airlines,グレートバリアー航空,[],[],"[""Q664""]","[""1983-01-01T00:00:00Z""]","[""2015-01-01T00:00:00Z""]"
5599413,Q5599413,Great Lakes Airlines,グレイトレイクス航空,[],[],"[""Q16""]","[""1958-01-01T00:00:00Z""]","[""1983-01-01T00:00:00Z""]"
5599765,Q5599765,Great Plains Airlines,,"[""ZO""]","[""OZR""]","[""Q30""]","[""2001-01-01T00:00:00Z""]","[""2004-01-01T00:00:00Z""]"
5602554,Q5602554,Green Flag Airlines,,[],"[""GRF""]","[""Q1049""]","[""1992-01-01T00:00:00Z""]",[]
5603645,Q5603645,Greenair,,"[""WK""]","[""GRN""]","[""Q43""]","[""1990-01-01T00:00:00Z""]","[""1996-01-01T00:00:00Z""]"
5607436,Q5607436,Grenadine Airways,,[],[],"[""Q757""]",[],[]
5608414,Q5608414,Greyhound Air,グレイハウンド・エア,[],[],"[""Q16""]","[""1996-01-01T00:00:00Z""]","[""1997-01-01T00:00:00Z""]"
5610212,Q5610212,Groninger Luchtvaart Maatschappij,,[],[],"[""Q55""]","[""2011-01-01T00:00:00Z""]",[]
5611304,Q5611304,Groupement Aérien Sénégalais,,[],[],"[""Q1041""]",[],[]
5611790,Q5611790,Grozny Avia,,"[""ZG""]","[""GOZ""]","[""Q159""]","[""2007-01-01T00:00:00Z""]",[]
5612437,Q5612437,Gryphon Airlines,グリフォン航空,"[""6P""]","[""VOS""]","[""Q817""]",[],"[""2012-01-01T00:00:00Z""]"
5613961,Q5613961,GuardAir,,"[""FB""]","[""JAP""]","[""Q20""]","[""1992-01-01T00:00:00Z""]","[""2001-04-02T00:00:00Z""]"
5616434,Q5616434,Guine Bissau Airlines,,"[""G6""]","[""BSR""]","[""Q1007""]","[""2010-01-01T00:00:00Z""]",[]
5616544,Q5616544,Guinee Airlines,,"[""J9""]","[""GIF""]","[""Q1006""]","[""1999-01-01T00:00:00Z""]","[""2004-01-01T00:00:00Z""]"
5616547,Q5616547,Guinee Air Service,,[],"[""GIS""]","[""Q1006""]","[""1985-01-01T00:00:00Z""]",[]
5616946,Q5616946,Guizhou Airlines,,"[""G4""]","[""CGH""]","[""Q148""]","[""1991-01-01T00:00:00Z""]","[""1998-01-01T00:00:00Z""]"
5617378,Q5617378,Gulf Air Transport,ガルフ・エア・トランスポート,[],"[""GAT""]","[""Q30""]","[""1979-01-01T00:00:00Z""]","[""2000-01-01T00:00:00Z""]"
5617382,Q5617382,Gulf Aviation,,[],[],"[""Q398""]","[""1950-01-01T00:00:00Z""]","[""1974-01-01T00:00:00Z""]"
5617488,Q5617488,Gulf Helicopters,,[],[],[],"[""1970-01-01T00:00:00Z""]",[]
5618464,Q5618464,Guna Airlines,グナ航空,[],"[""GNA""]","[""Q837""]","[""2009-01-01T00:00:00Z""]","[""2013-01-01T00:00:00Z""]"
5622731,Q5622731,Guyana Airways,ガイアナ・エアウェイズ,"[""GY""]","[""GYA""]","[""Q734""]","[""1939-01-01T00:00:00Z""]","[""2001-01-01T00:00:00Z""]"
5629387,Q5629387,HD Air Ltd,,[],"[""RPX""]","[""Q145""]","[""2007-12-01T00:00:00Z""]","[""2009-01-01T00:00:00Z""]"
5640170,Q5640170,Chinguetti Airlines,,[],"[""CGU""]","[""Q1025""]",[],[]
5642459,Q5642459,Halisa Air,,"[""WD""]","[""HBC""]","[""Q790""]","[""1991-01-01T00:00:00Z""]","[""1998-01-01T00:00:00Z""]"
5647512,Q5647512,Handley Page Transport,ハンドリー・ページ・トランスポート,[],[],"[""Q145""]","[""1919-01-01T00:00:00Z""]","[""1924-01-01T00:00:00Z""]"
5647895,Q5647895,Hangar 8,,[],"[""HGR""]","[""Q145""]",[],[]
5647916,Q5647916,Hangard Airlines,,[],"[""HGD""]","[""Q711""]","[""1992-01-01T00:00:00Z""]","[""2001-01-01T00:00:00Z""]"
5653871,Q5653871,Q5653871,,[],[],"[""Q77""]","[""1957-01-03T00:00:00Z""]","[""1986-01-01T00:00:00Z""]"
5654554,Q5654554,Harbor Airlines,,"[""HB""]","[""HAR""]","[""Q30""]","[""1971-01-01T00:00:00Z""]","[""2001-01-01T00:00:00Z""]"
5658859,Q5658859,Q5658859,,[],[],"[""Q419""]",[],[]
5658864,Q5658864,Q5658864,,[],[],"[""Q419""]",[],[]
5658867,Q5658867,Aero Palpa,,[],[],"[""Q419""]",[],[]
5658870,Q5658870,Q5658870,,[],[],"[""Q419""]",[],[]
5658874,Q5658874,Q5658874,,[],[],"[""Q419""]",[],[]
5658930,Q5658930,Q5658930,,[],"[""ANS""]","[""Q298""]","[""1977-09-01T00:00:00Z""]","[""1986-01-01T00:00:00Z""]"
5658932,Q5658932,Air Europa Express,エア・ヨーロッパエクスプレス,"[""UX""]","[""OVA""]","[""Q29""]","[""2016-01-01T00:00:00Z""]",[]
5659205,Q5659205,Q5659205,,[],[],"[""Q717""]","[""2009-01-01T00:00:00Z""]",[]
5659209,Q5659209,Aerotal,,"[""XK""]","[""ART""]","[""Q739""]","[""1970-01-01T00:00:00Z""]","[""1983-01-01T00:00:00Z""]"
5661258,Q5661258,Air Cuenca,,[],[],"[""Q736""]","[""2008-01-01T00:00:00Z""]",[]
5665870,Q5665870,TAESA Lineas Aéreas,,"[""GD""]","[""TEJ""]","[""Q96""]","[""1988-01-01T00:00:00Z""]","[""2000-01-01T00:00:00Z""]"
5688121,Q5688121,Hazelton Airlines,,"[""ZL""]","[""HZL""]","[""Q408""]","[""1953-01-01T00:00:00Z""]","[""2001-01-01T00:00:00Z""]"
5688491,Q5688491,Haiti Trans Air,,"[""TV""]","[""HTC""]","[""Q790""]","[""1986-01-01T00:00:00Z""]","[""1995-01-01T00:00:00Z""]"
5688493,Q5688493,Haïti Ambassador Airlines,,"[""2T""]","[""HAM""]","[""Q790""]","[""2002-01-01T00:00:00Z""]",[]
5692804,Q5692804,Heartland Airlines,,[],[],"[""Q30""]","[""1998-01-01T00:00:00Z""]",[]
5694995,Q5694995,HeavyLift Cargo Airlines,ヘビーリフト貨物航空,"[""HN""]",[],"[""Q145"",""Q408""]","[""2002-01-01T00:00:00Z""]",[]
5695948,Q5695948,Hebridean Air Services,,[],[],"[""Q145""]","[""1995-01-01T00:00:00Z""]",[]
5704806,Q5704806,Heliandes,,[],[],"[""Q739""]","[""1998-01-01T00:00:00Z""]","[""2004-01-01T00:00:00Z""]"
5705070,Q5705070,Helicol,,[],"[""HEL""]","[""Q739""]","[""1955-01-01T00:00:00Z""]",[]
5705226,Q5705226,Helicopters,,[],[],"[""Q664""]",[],[]
5706161,Q5706161,Heliservices,ヘリサービシズ,[],[],"[""Q148""]",[],[]
5706163,Q5706163,Helisul Linhas Aéreas,,[],[],"[""Q155""]","[""1994-01-01T00:00:00Z""]","[""1998-01-01T00:00:00Z""]"
5706169,Q5706169,Helitours,ヘリツアーズ,[],"[""HLT""]","[""Q854""]","[""1972-01-01T00:00:00Z""]",[]
5706189,Q5706189,Helitt Líneas Aéreas,ヘリット・ライネア・アエレアス,"[""H9""]","[""HTH""]","[""Q29""]","[""2010-01-01T00:00:00Z""]","[""2014-10-01T00:00:00Z""]"
5707139,Q5707139,Hellenic Airlines,,[],[],"[""Q41""]","[""1947-01-01T00:00:00Z""]","[""1951-01-01T00:00:00Z""]"
5715617,Q5715617,BCM Airlines,,[],[],"[""Q29""]","[""1997-01-01T00:00:00Z""]",[]
5745770,Q5745770,Hesnes Air,,[],"[""HSG""]","[""Q20""]","[""1992-01-01T00:00:00Z""]","[""2018-01-01T00:00:00Z""]"
5746992,Q5746992,Canarias Airlines,,[],[],"[""Q29""]","[""2011-01-01T00:00:00Z""]",[]
5749188,Q5749188,Cargolux Italia,カーゴルックス・イタリア,"[""C8""]","[""ICV""]","[""Q38""]","[""2008-01-01T00:00:00Z""]",[]
5763337,Q5763337,Hillman's Airways,ヒルマンズ航空,[],[],"[""Q145""]","[""1931-01-01T00:00:00Z""]",[]
5764975,Q5764975,Himalayan Aviation,,[],[],"[""Q668""]","[""1948-01-01T00:00:00Z""]","[""1953-01-01T00:00:00Z""]"
5772811,Q5772811,Hispaniola Airways,,"[""ZS""]","[""HIS""]","[""Q786""]","[""1981-01-01T00:00:00Z""]","[""2000-01-01T00:00:00Z""]"
5780944,Q5780944,CLASSA,,[],[],"[""Q29""]","[""1929-01-01T00:00:00Z""]","[""1932-01-01T00:00:00Z""]"
5809412,Q5809412,Orion Air,,[],"[""ORI""]","[""Q1042""]","[""2004-01-01T00:00:00Z""]","[""2008-01-01T00:00:00Z""]"
5829635,Q5829635,Elite Airlines,,[],[],"[""Q41""]","[""2007-01-01T00:00:00Z""]",[]
5853537,Q5853537,Expreso Aéreo,,[],[],"[""Q419""]",[],[]
5863262,Q5863262,Flota Aerea Mercante Argentina,,[],[],"[""Q414""]","[""1946-01-01T00:00:00Z""]","[""1949-01-01T00:00:00Z""]"
5880366,Q5880366,Holiday Airlines,,"[""HW""]","[""HLD""]","[""Q43""]","[""1994-01-01T00:00:00Z""]","[""1996-01-01T00:00:00Z""]"
5889122,Q5889122,Guinea Airways,,[],[],"[""Q983""]","[""2007-01-01T00:00:00Z""]",[]
5898716,Q5898716,Hispania Airways,,[],[],"[""Q29""]","[""2011-07-19T00:00:00Z""]","[""2012-12-21T00:00:00Z""]"
5914810,Q5914810,Babcock MCS Espana,,[],"[""INR""]","[""Q29""]","[""2003-01-01T00:00:00Z""]",[]
5922454,Q5922454,Isleña Colombia,,[],[],"[""Q739""]","[""1993-11-06T00:00:00Z""]","[""1994-07-08T00:00:00Z""]"
5930028,Q5930028,Norlandair,ノーランドエア,[],"[""FNA""]","[""Q189""]","[""2008-01-01T00:00:00Z""]",[]
5933323,Q5933323,Hughes Airwest,ヒューズ・エア・ウエスト,"[""RW""]",[],"[""Q30""]","[""1968-01-01T00:00:00Z""]","[""1980-10-01T00:00:00Z""]"
5944874,Q5944874,Hunting-Clan Air Transport,,"[""HC""]",[],"[""Q145""]","[""1953-10-01T00:00:00Z""]","[""1960-07-01T00:00:00Z""]"
5958659,Q5958659,Freedom Air,フリーダムエアー,"[""FP""]","[""FRE""]","[""Q30""]","[""1974-01-01T00:00:00Z""]",[]
5960390,Q5960390,Komiaviatrans,コミアヴィアトランス,"[""KO""]","[""KMA""]","[""Q159""]","[""1998-01-01T00:00:00Z""]",[]
5961320,Q5961320,LANSA (Colombia),,[],[],"[""Q739""]","[""1945-01-01T00:00:00Z""]","[""1954-01-01T00:00:00Z""]"
5968431,Q5968431,IAS Cargo Airlines,,[],[],"[""Q145""]","[""1967-01-01T00:00:00Z""]","[""1980-01-01T00:00:00Z""]"
5969714,Q5969714,LaMia,ラミア航空,[],"[""LMI""]","[""Q750""]","[""2015-01-01T00:00:00Z""]","[""2016-12-01T00:00:00Z""]"
5977169,Q5977169,Ishtar Airlines,イシュタール航空,[],[],"[""Q878""]","[""2005-01-01T00:00:00Z""]",[]
5987936,Q5987936,Lineas Aereas Canarias,,"[""L9""]","[""LCN""]","[""Q29""]","[""1985-01-01T00:00:00Z""]","[""1990-01-01T00:00:00Z""]"
5988653,Q5988653,Avianca Argentina,,"[""VM""]","[""MCJ""]","[""Q414""]","[""1996-01-01T00:00:00Z""]",[]
5995362,Q5995362,Ikar,イカル航空,"[""IK""]","[""KAR""]","[""Q159""]","[""2013-01-01T00:00:00Z""]",[]
5997242,Q5997242,Ilavia,,[],"[""ILV""]","[""Q159""]","[""1994-01-01T00:00:00Z""]","[""2005-01-01T00:00:00Z""]"
6006348,Q6006348,Imperial Airlines,インペリアル・エアラインズ,"[""II""]",[],"[""Q30""]","[""1964-01-01T00:00:00Z""]","[""1986-01-01T00:00:00Z""]"
6007970,Q6007970,Impulse Airlines,インパルス航空,"[""VQ""]","[""IPU"",""OAA""]","[""Q408""]","[""1992-01-01T00:00:00Z""]","[""2004-05-24T00:00:00Z""]"
6011075,Q6011075,Q6011075,,[],[],"[""Q29""]","[""1990-01-01T00:00:00Z""]",[]
6016348,Q6016348,Independent Air,インディペンデント航空,[],"[""IDN""]","[""Q30""]","[""1966-01-01T00:00:00Z""]","[""1990-01-01T00:00:00Z""]"
6027392,Q6027392,Indus Air,,[],"[""ACY""]","[""Q668""]","[""2004-01-01T00:00:00Z""]","[""2007-01-01T00:00:00Z""]"
6038656,Q6038656,National Airlines,,"[""N4""]","[""NCN""]","[""Q298""]","[""1992-12-27T00:00:00Z""]","[""1998-01-08T00:00:00Z""]"
6042500,Q6042500,Intair,,"[""ND""]","[""INT""]","[""Q16""]","[""1989-01-01T00:00:00Z""]","[""1991-01-01T00:00:00Z""]"
6044591,Q6044591,Inter-Canadien,,[],[],"[""Q16""]","[""1986-01-01T00:00:00Z""]","[""1999-01-01T00:00:00Z""]"
6045073,Q6045073,Inter European Airways,,"[""IP""]","[""IEA""]","[""Q145""]","[""1988-01-01T00:00:00Z""]",[]
6045095,Q6045095,Nort Jet,,"[""EL""]","[""ENJ""]","[""Q29""]","[""1989-01-01T00:00:00Z""]","[""1992-01-01T00:00:00Z""]"
6045124,Q6045124,Inter Trans Avia,,"[""Y5""]","[""ITD""]","[""Q813""]",[],[]
6047069,Q6047069,Interline travel,,[],[],[],[],[]
6047290,Q6047290,Intermediación Aérea,,[],"[""IEA""]","[""Q29""]","[""1997-01-01T00:00:00Z""]","[""2005-01-01T00:00:00Z""]"
6048138,Q6048138,International AirLink,,"[""I4""]","[""IOU""]","[""Q766""]","[""1996-01-01T00:00:00Z""]",[]
6048899,Q6048899,International Business Air,,"[""6I""]","[""IBZ""]","[""Q34""]","[""1983-01-01T00:00:00Z""]","[""2007-01-01T00:00:00Z""]"
6059720,Q6059720,Pannon Airlines,,[],[],[],"[""1999-01-01T00:00:00Z""]",[]
6060978,Q6060978,Invicta International Airlines,,"[""IM""]",[],"[""Q145""]","[""1964-01-01T00:00:00Z""]","[""1982-01-01T00:00:00Z""]"
6063520,Q6063520,Iona National Airways,,[],[],"[""Q27""]","[""1931-01-01T00:00:00Z""]","[""1995-01-01T00:00:00Z""]"
6072667,Q6072667,Perla Airlines,,"[""DP""]","[""PLV""]","[""Q717""]","[""2006-01-01T00:00:00Z""]","[""2018-01-01T00:00:00Z""]"
6082979,Q6082979,Island Airlines,,"[""IS""]","[""ISA""]","[""Q30""]","[""1999-01-01T00:00:00Z""]","[""2015-12-11T00:00:00Z""]"
6082989,Q6082989,Island Aviation,,[],"[""SOY""]","[""Q928""]",[],[]
6083021,Q6083021,Island Birds,,[],[],[],[],[]
6083708,Q6083708,Islands Nationair,,[],[],"[""Q691""]","[""1984-01-01T00:00:00Z""]",[]
6085826,Q6085826,Prima Air,,[],[],"[""Q29""]","[""1996-01-01T00:00:00Z""]","[""1996-01-01T00:00:00Z""]"
6108495,Q6108495,JMC Air,,"[""MT""]","[""JMC""]","[""Q145""]","[""2000-01-01T00:00:00Z""]","[""2003-03-31T00:00:00Z""]"
6114609,Q6114609,Ryjet,,"[""W2""]","[""RYJ""]","[""Q29""]","[""1999-01-01T00:00:00Z""]","[""2012-01-01T00:00:00Z""]"
6125798,Q6125798,Jal Hans,,[],[],"[""Q668""]","[""2010-01-01T00:00:00Z""]",[]
6127260,Q6127260,Jamaica Air Shuttle,,"[""J6""]","[""ARW""]","[""Q766""]","[""2009-01-01T00:00:00Z""]","[""2013-06-19T00:00:00Z""]"
6128620,Q6128620,Royal Airlines,ロイヤル航空,"[""R0""]","[""RPK""]","[""Q843""]","[""1998-01-01T00:00:00Z""]",[]
6129108,Q6129108,Serviços Aéreos Cruzeiro do Sul,クルゼイロ航空,"[""SC""]","[""CRZ""]","[""Q155""]","[""1927-12-01T00:00:00Z""]","[""1993-01-01T00:00:00Z""]"
6130317,Q6130317,Sky Express,スカイ・エクスプレス,"[""XW""]","[""SXR""]","[""Q159""]","[""2006-01-01T00:00:00Z""]","[""2011-10-29T00:00:00Z""]"
6131312,Q6131312,Sol América,,"[""6S""]","[""ESC""]","[""Q717""]","[""1980-01-01T00:00:00Z""]","[""2014-01-01T00:00:00Z""]"
6139352,Q6139352,Servicio Aéreo Ejecutivo,,[],"[""SEJ""]","[""Q419""]","[""1990-01-01T00:00:00Z""]","[""1995-01-01T00:00:00Z""]"
6151777,Q6151777,Transportes Aéreos Nacionales,,"[""TX""]","[""TAN""]","[""Q783""]","[""1947-01-01T00:00:00Z""]","[""1991-11-01T00:00:00Z""]"
6151778,Q6151778,Transport Air Neuquén,,[],[],"[""Q414""]","[""1972-05-27T00:00:00Z""]",[]
6153087,Q6153087,Janes Aviation,,[],"[""JAN""]","[""Q145""]","[""2006-01-01T00:00:00Z""]",[]
6155943,Q6155943,Janus Airways,,[],[],"[""Q145""]","[""1983-01-01T00:00:00Z""]","[""1987-01-01T00:00:00Z""]"
6156481,Q6156481,Japan Airlines Domestic,,"[""JD""]","[""JFL""]","[""Q17""]","[""2004-01-01T00:00:00Z""]","[""2006-01-01T00:00:00Z""]"
6160443,Q6160443,Jaro International,,[],"[""MDJ""]","[""Q218""]","[""1991-01-01T00:00:00Z""]","[""2001-01-01T00:00:00Z""]"
6164447,Q6164447,Jat Airways AVIO Taxi,,"[""JU""]","[""JAT""]","[""Q403""]","[""2002-01-01T00:00:00Z""]","[""2010-01-01T00:00:00Z""]"
6164872,Q6164872,Q6164872,,[],[],"[""Q298""]","[""2011-01-01T00:00:00Z""]",[]
6184744,Q6184744,Jersey Airlines,,"[""JY""]",[],"[""Q145""]","[""1948-01-01T00:00:00Z""]","[""1963-08-01T00:00:00Z""]"
6184747,Q6184747,Jersey Airways,ジャージー・エアウェイズ,[],[],[],"[""1933-01-01T00:00:00Z""]",[]
6185678,Q6185678,Jes Air,,[],"[""JES""]","[""Q219""]","[""1991-01-01T00:00:00Z""]","[""1992-01-01T00:00:00Z""]"
6188731,Q6188731,JetAmerica,,"[""J1""]","[""BSK""]","[""Q30""]","[""2007-01-01T00:00:00Z""]","[""2009-01-01T00:00:00Z""]"
6188751,Q6188751,JetFlite International,,[],[],[],[],[]
6188753,Q6188753,JetGo Australia,JETGOオーストラリア,"[""JG""]","[""JGO""]","[""Q408""]","[""2011-01-01T00:00:00Z""]","[""2018-07-05T00:00:00Z""]"
6188763,Q6188763,JetMagic,,"[""GX""]","[""JMG""]","[""Q27""]","[""2003-01-01T00:00:00Z""]","[""2004-01-01T00:00:00Z""]"
6188782,Q6188782,Jet 24,,[],[],"[""Q30""]","[""1979-01-01T00:00:00Z""]","[""1985-10-01T00:00:00Z""]"
6188850,Q6188850,Jet Link Holland,,[],[],"[""Q55""]","[""1998-01-01T00:00:00Z""]","[""2000-01-01T00:00:00Z""]"
6189050,Q6189050,Jetisfaction,,[],[],"[""Q183""]",[],[]
6276639,Q6276639,Jordan International Air Cargo,ヨルダン・インターナショナル・エアカーゴ,"[""J4""]","[""JCI""]","[""Q810""]","[""2004-01-01T00:00:00Z""]",[]
6301676,Q6301676,Juba Air Cargo,,[],"[""JUC""]","[""Q1049""]","[""1996-01-01T00:00:00Z""]",[]
6314581,Q6314581,Q6314581,ジュピター航空,[],[],"[""Q878""]",[],[]
6322722,Q6322722,K-Mile Air,Kマイル・エア,"[""8K""]","[""KMI""]","[""Q869""]","[""2006-01-01T00:00:00Z""]",[]
6333727,Q6333727,West Atlantic,ウエストアトランティック,"[""PT""]","[""SWN""]","[""Q34""]","[""2008-01-01T00:00:00Z""]",[]
6350150,Q6350150,Kalahari Express Airlines,,[],"[""KEA""]","[""Q1030""]","[""1997-01-01T00:00:00Z""]","[""2000-01-01T00:00:00Z""]"
6352855,Q6352855,Kalinga Airlines,,[],[],"[""Q668""]","[""1946-01-01T00:00:00Z""]","[""1965-01-01T00:00:00Z""]"
6353256,Q6353256,Kalitta Charters,カリッタ・チャーターズ,"[""K9""]","[""KFS""]","[""Q30""]","[""1973-01-01T00:00:00Z""]",[]
6354489,Q6354489,Kaltim Airlines,Kaltim航空,[],[],"[""Q252""]","[""2011-08-17T00:00:00Z""]",[]
6359372,Q6359372,Kampuchea Airlines,カンプチア航空,"[""E2""]","[""KMP""]","[""Q424""]","[""1997-01-01T00:00:00Z""]","[""2004-01-01T00:00:00Z""]"
6362271,Q6362271,Kang Pacific Airlines,カン・パシフィック航空,"[""T7""]","[""KPA""]","[""Q878""]","[""2006-01-01T00:00:00Z""]","[""2008-01-01T00:00:00Z""]"
6364432,Q6364432,Kansai Airlines,関西航空,[],[],"[""Q17""]",[],[]
6368011,Q6368011,Karair,カー・エア,"[""KR""]","[""KAR""]","[""Q33""]","[""1950-01-01T00:00:00Z""]","[""1996-01-01T00:00:00Z""]"
6370484,Q6370484,Karibu Airways,,[],[],"[""Q974""]",[],[]
6372820,Q6372820,Karnali Air,,[],[],"[""Q837""]",[],"[""2001-01-01T00:00:00Z""]"
6377547,Q6377547,Stellar Airways,,[],[],"[""Q974""]",[],[]
6377732,Q6377732,Kato Airline,カトー航空,"[""6S""]","[""KAT""]","[""Q20""]","[""1995-01-01T00:00:00Z""]","[""2008-01-01T00:00:00Z""]"
6380790,Q6380790,Kazakhstan Airlines,,"[""K4""]",[],"[""Q232""]","[""1992-01-01T00:00:00Z""]","[""1996-01-01T00:00:00Z""]"
6382497,Q6382497,Ked-Air,,[],[],[],"[""2004-01-01T00:00:00Z""]",[]
6388810,Q6388810,Kencargo Airlines International,,[],[],"[""Q114""]","[""2001-01-01T00:00:00Z""]","[""2004-01-01T00:00:00Z""]"
6388967,Q6388967,Kendell Airlines,ケンデル航空,"[""KD""]","[""KDA""]","[""Q408""]","[""1967-01-01T00:00:00Z""]","[""2001-01-01T00:00:00Z""]"
6392161,Q6392161,KentuckySkies,,[],[],"[""Q30""]","[""2009-01-01T00:00:00Z""]","[""2012-01-01T00:00:00Z""]"
6398015,Q6398015,Key Airlines,キー航空,[],[],"[""Q30""]","[""1968-01-01T00:00:00Z""]","[""1993-05-01T00:00:00Z""]"
6398060,Q6398060,Key Lime Air,キー・ライム・エア,"[""KG""]","[""LYM""]","[""Q30""]","[""1997-01-01T00:00:00Z""]",[]
6414268,Q6414268,Kinshasa Airways,,[],"[""KNS""]","[""Q878""]","[""2002-01-01T00:00:00Z""]","[""2006-01-01T00:00:00Z""]"
6418560,Q6418560,Kitty Hawk Aircargo,,"[""KR""]","[""KHA""]","[""Q30""]","[""1976-01-01T00:00:00Z""]","[""2008-01-08T00:00:00Z""]"
6418561,Q6418561,Kitty Hawk Airways,,[],[],"[""Q30""]","[""1978-01-01T00:00:00Z""]","[""1990-01-01T00:00:00Z""]"
6418891,Q6418891,Kiwi International Air Lines,,"[""KP""]","[""KIA""]","[""Q30""]","[""1992-01-01T00:00:00Z""]","[""1999-03-24T00:00:00Z""]"
6418903,Q6418903,Kiwi Travel International Airlines,,"[""KC""]","[""KIC""]","[""Q664""]","[""1994-01-01T00:00:00Z""]",[]
6418922,Q6418922,Kiwijet,,[],[],"[""Q664""]",[],[]
6422335,Q6422335,Knighthawk Air Express,,"[""4I""]","[""KNX""]","[""Q16""]","[""1993-01-01T00:00:00Z""]","[""2005-01-01T00:00:00Z""]"
6428324,Q6428324,Komiavia,,[],[],"[""Q159""]","[""1991-01-01T00:00:00Z""]","[""1997-08-01T00:00:00Z""]"
6433244,Q6433244,Kosmas Air,,[],"[""KMG""]","[""Q403""]","[""2004-01-01T00:00:00Z""]","[""2008-01-01T00:00:00Z""]"
6436151,Q6436151,KrasAvia,クラスアビア,"[""KI""]","[""KRS""]","[""Q159""]","[""1956-01-01T00:00:00Z""]",[]
6443098,Q6443098,Kullaflyg,,"[""DC""]","[""BRX""]","[""Q34""]","[""2003-01-01T00:00:00Z""]","[""2016-01-01T00:00:00Z""]"
6452023,Q6452023,Kyokushin Air,旭伸航空,[],[],"[""Q17""]",[],"[""2008-10-01T00:00:00Z""]"
6452346,Q6452346,Kyrgyz Air,,"[""KT""]","[""KAF""]","[""Q813""]","[""2002-01-01T00:00:00Z""]","[""2003-01-01T00:00:00Z""]"
6452349,Q6452349,Kyrgyz International Airlines,,"[""N5""]","[""KYL""]","[""Q813""]",[],[]
6452359,Q6452359,Kyrgyz Trans Avia,,"[""6K""]","[""KTC""]","[""Q813""]","[""2009-01-01T00:00:00Z""]",[]
6455721,Q6455721,L'Express Airlines,,[],[],"[""Q30""]","[""1989-01-01T00:00:00Z""]","[""1992-01-01T00:00:00Z""]"
6456069,Q6456069,L-3 Flight International Aviation,,[],"[""RTD""]","[""Q30""]",[],[]
6456180,Q6456180,L.A.B. Flying Service,,"[""JF""]","[""LAB""]","[""Q30""]","[""1956-01-01T00:00:00Z""]","[""2008-01-01T00:00:00Z""]"
6457053,Q6457053,LAN Dominicana,,"[""4M""]","[""LNC""]","[""Q786""]","[""2003-01-01T00:00:00Z""]","[""2005-01-01T00:00:00Z""]"
6457110,Q6457110,LAR Romanian Airlines,,[],[],"[""Q218""]",[],[]
6458630,Q6458630,LIFESTAR,,[],[],"[""Q30""]",[],[]
6459600,Q6459600,LOT Charters,,"[""CL""]","[""CLW""]","[""Q36""]","[""2009-01-01T00:00:00Z""]",[]
6460942,Q6460942,LaTur,,"[""LP""]","[""LPT""]","[""Q96""]","[""1988-01-01T00:00:00Z""]","[""1992-01-01T00:00:00Z""]"
6461995,Q6461995,La Costeña,,[],"[""NIS""]","[""Q811""]","[""1999-01-01T00:00:00Z""]",[]
6475219,Q6475219,Lake Central Airlines,レイク・セントラル航空,"[""LC""]",[],"[""Q30""]","[""1950-01-01T00:00:00Z""]","[""1968-01-01T00:00:00Z""]"
6478904,Q6478904,Q6478904,,"[""7Z""]","[""LBH""]",[],"[""1992-01-01T00:00:00Z""]",[]
6481022,Q6481022,Lamb Air,,[],[],"[""Q16""]","[""1934-01-01T00:00:00Z""]","[""1981-01-01T00:00:00Z""]"
6485153,Q6485153,Landsflug,,"[""X9""]","[""ISL""]","[""Q189""]","[""2003-01-01T00:00:00Z""]","[""2008-01-01T00:00:00Z""]"
6487023,Q6487023,Lanhsa Airlines,ランサエアラインズ,[],[],"[""Q783""]",[],"[""2025-04-01T00:00:00Z""]"
6487839,Q6487839,Laoag International Airlines,,"[""L7""]","[""LPN""]","[""Q928""]","[""1995-01-01T00:00:00Z""]","[""2002-01-01T00:00:00Z""]"
6488381,Q6488381,Lapsa,,[],[],"[""Q77""]",[],[]
6510840,Q6510840,Lebanese Air Transport,,"[""LQ""]","[""LAQ""]","[""Q822""]",[],[]
6510906,Q6510906,Lebanese International Airways,レバノン・インターナショナル・エアウェイズ,[],[],"[""Q822""]","[""1955-01-01T00:00:00Z""]","[""1969-01-01T00:00:00Z""]"
6517732,Q6517732,Legend Airlines,,"[""LC""]","[""LGD""]","[""Q30""]","[""2000-01-01T00:00:00Z""]","[""2005-01-01T00:00:00Z""]"
6520276,Q6520276,Leisure Air,,"[""L8""]","[""LWD""]","[""Q30""]","[""1992-01-01T00:00:00Z""]","[""1995-02-01T00:00:00Z""]"
6520288,Q6520288,Leisure International Airways,,"[""MV""]","[""ULE""]","[""Q145""]","[""1987-01-01T00:00:00Z""]","[""1998-01-01T00:00:00Z""]"
6541083,Q6541083,Liberia Airways,,[],"[""LBA""]","[""Q1014""]",[],"[""1998-01-01T00:00:00Z""]"
6541841,Q6541841,Liberty Jet Management,,[],"[""LRT""]","[""Q30""]",[],[]
6546685,Q6546685,Ligne Aerienne du Roi Albert,,[],[],[],"[""1920-01-01T00:00:00Z""]","[""1922-01-01T00:00:00Z""]"
6546692,Q6546692,Lignes Aérienne Seychelles,,[],[],"[""Q1042""]","[""1986-01-01T00:00:00Z""]","[""1987-01-01T00:00:00Z""]"
6553394,Q6553394,Linear Air,,[],"[""HPN""]","[""Q30""]","[""2004-01-01T00:00:00Z""]",[]
6554126,Q6554126,Linha Aérea Transcontinental Brasileira,,[],[],"[""Q155""]","[""1944-01-01T00:00:00Z""]","[""1951-01-01T00:00:00Z""]"
6554136,Q6554136,Linhas Aéreas Brasileiras,,[],[],"[""Q155""]","[""1945-01-01T00:00:00Z""]","[""1948-01-01T00:00:00Z""]"
6554137,Q6554137,Linhas Aéreas Natal,,[],[],"[""Q155""]","[""1946-01-01T00:00:00Z""]","[""1950-01-01T00:00:00Z""]"
6554139,Q6554139,Linhas Aéreas Wright,,[],[],"[""Q155""]","[""1947-01-01T00:00:00Z""]","[""1948-01-01T00:00:00Z""]"
6555190,Q6555190,Linxair,,[],"[""LIX""]","[""Q215""]","[""1999-01-01T00:00:00Z""]","[""2014-01-01T00:00:00Z""]"
6555391,Q6555391,Lion Air Australia,,[],[],"[""Q252""]","[""2008-01-01T00:00:00Z""]",[]
6555481,Q6555481,Lionair,ライオンエアー (フィリピン),[],[],"[""Q928""]","[""2011-01-01T00:00:00Z""]","[""2020-01-01T00:00:00Z""]"
6587997,Q6587997,Maof,,[],[],"[""Q801""]","[""1969-01-01T00:00:00Z""]","[""1984-01-01T00:00:00Z""]"
6590476,Q6590476,United International Airlines,,[],"[""UIL""]","[""Q403""]","[""2007-01-01T00:00:00Z""]","[""2008-01-01T00:00:00Z""]"
6648681,Q6648681,Litorânea,,[],[],"[""Q155""]",[],[]
6662501,Q6662501,Lloyd International Airways,,[],[],"[""Q145""]","[""1961-01-01T00:00:00Z""]","[""1972-01-01T00:00:00Z""]"
6663927,Q6663927,Locair,,"[""ZQ""]","[""LOC""]","[""Q30""]","[""1981-01-01T00:00:00Z""]",[]
6664963,Q6664963,Loch Lomond Seaplanes,,[],[],"[""Q145""]","[""2003-01-01T00:00:00Z""]",[]
6667641,Q6667641,Logistic Air,,[],[],"[""Q30""]",[],[]
6669428,Q6669428,Lombok Institute of Flight Technology,,[],[],"[""Q252""]",[],[]
6670237,Q6670237,London City Airways,,[],"[""LCY""]","[""Q145""]","[""1988-01-01T00:00:00Z""]","[""1990-01-01T00:00:00Z""]"
6670355,Q6670355,London Executive Aviation,,[],"[""LNX""]","[""Q145""]","[""1995-01-01T00:00:00Z""]",[]
6674336,Q6674336,Longtail Aviation,ロングテール・アヴィエーション,[],"[""LGT""]","[""Q145""]","[""1999-01-01T00:00:00Z""]",[]
6681946,Q6681946,Los Angeles Airways,ロスアンジェルス航空,[],[],"[""Q30""]","[""1947-01-01T00:00:00Z""]","[""1971-01-01T00:00:00Z""]"
6699673,Q6699673,Lufttransport Süd,,[],[],"[""Q183""]","[""1983-01-01T00:00:00Z""]","[""1998-01-01T00:00:00Z""]"
6702543,Q6702543,Lukiaviatrans,,[],[],"[""Q159""]",[],[]
6707515,Q6707515,LyddAir,,[],"[""LYD""]","[""Q145""]","[""1997-01-01T00:00:00Z""]",[]
6711272,Q6711272,Líneas Aéreas Allegro,,"[""LL""]","[""GRO""]","[""Q96""]","[""1992-01-01T00:00:00Z""]","[""2004-01-01T00:00:00Z""]"
6711274,Q6711274,Líneas Aéreas La Urraca,,[],[],"[""Q739""]","[""1962-01-01T00:00:00Z""]","[""1979-01-01T00:00:00Z""]"
6711278,Q6711278,Líneas Aéreas Federales,,[],"[""FED""]","[""Q414""]","[""2003-01-01T00:00:00Z""]",[]
6711280,Q6711280,Línea Turística Aereotuy,,[],"[""TUY""]","[""Q717""]","[""1982-01-01T00:00:00Z""]","[""2018-06-30T00:00:00Z""]"
6711282,Q6711282,LANSA,,[],[],"[""Q419""]","[""1963-01-01T00:00:00Z""]","[""1972-01-04T00:00:00Z""]"
6711284,Q6711284,Líneas Aéreas Paraguayas,,"[""PZ""]","[""LAP""]","[""Q733""]","[""1962-11-17T00:00:00Z""]","[""1996-10-06T00:00:00Z""]"
6711286,Q6711286,Líneas Aereas Peruanas,ペルー航空,"[""EP""]","[""PRU""]","[""Q419""]","[""1956-01-01T00:00:00Z""]","[""1971-05-02T00:00:00Z""]"
6711309,Q6711309,Lóide Aéreo Nacional,ロイジ・エアロ・ナショナル,[],[],"[""Q155""]","[""1947-01-01T00:00:00Z""]","[""1962-01-01T00:00:00Z""]"
6714226,Q6714226,MAIR Holdings,,[],[],"[""Q30""]","[""1993-01-01T00:00:00Z""]",[]
6714439,Q6714439,MAP Linhas Aéreas,,"[""7M""]","[""PAM""]","[""Q155""]","[""2011-01-01T00:00:00Z""]",[]
6714628,Q6714628,MAXjet Airways,マックスジェット,"[""MY""]","[""MXJ""]","[""Q30""]","[""2003-01-01T00:00:00Z""]","[""2017-12-24T00:00:00Z""]"
6715864,Q6715864,MHS Aviation,,[],[],"[""Q833""]",[],[]
6715959,Q6715959,MIBA Aviation,,[],[],"[""Q974""]","[""1994-01-01T00:00:00Z""]",[]
6716353,Q6716353,MJET,,[],"[""MJF""]","[""Q40""]",[],[]
6722104,Q6722104,MacRobertson Miller Airlines,,"[""MV""]",[],"[""Q408""]","[""1927-01-01T00:00:00Z""]","[""1993-01-01T00:00:00Z""]"
6723104,Q6723104,Macedonian Airlines,,"[""SX""]","[""MCS""]","[""Q41""]","[""1992-01-01T00:00:00Z""]","[""2003-01-01T00:00:00Z""]"
6724450,Q6724450,Mackey Airlines,,[],[],"[""Q30""]","[""1946-09-20T00:00:00Z""]","[""1967-01-01T00:00:00Z""]"
6726141,Q6726141,Madagascar Flying Services,,[],[],"[""Q1019""]",[],[]
6726662,Q6726662,Maddux Air Lines,,[],[],"[""Q30""]","[""1927-01-01T00:00:00Z""]","[""1929-11-16T00:00:00Z""]"
6727767,Q6727767,Madina Air,,[],"[""MDH""]","[""Q1016""]",[],[]
6729266,Q6729266,Maersk Air UK,,"[""VB""]","[""MSK""]","[""Q145""]","[""1993-01-01T00:00:00Z""]","[""2003-01-01T00:00:00Z""]"
6732970,Q6732970,Mahalo Air,マハロ航空,"[""8M""]","[""MLH""]","[""Q30""]","[""1993-01-01T00:00:00Z""]","[""1997-01-01T00:00:00Z""]"
6736659,Q6736659,Mainland Air,,"[""MD""]",[],"[""Q664""]",[],[]
6736677,Q6736677,Mainline Airways,,[],[],[],[],"[""2003-01-01T00:00:00Z""]"
6738650,Q6738650,Makalu Air,,[],[],"[""Q837""]","[""2009-01-01T00:00:00Z""]",[]
6742803,Q6742803,Maldives Airways,,"[""MQ""]",[],"[""Q826""]","[""1984-01-01T00:00:00Z""]","[""1986-01-01T00:00:00Z""]"
6743729,Q6743729,Batik Air Malaysia,バティック・エア・マレーシア,"[""OD""]","[""MXD""]","[""Q833""]","[""2012-01-01T00:00:00Z""]",[]
6743950,Q6743950,Mall Airways,,"[""FH""]",[],"[""Q30""]","[""1973-01-01T00:00:00Z""]","[""1989-09-01T00:00:00Z""]"
6744654,Q6744654,Malta Air Charter,,"[""RS""]","[""MAC""]","[""Q233""]","[""1970-01-01T00:00:00Z""]","[""2004-11-01T00:00:00Z""]"
6746971,Q6746971,Manas Air,,"[""MV""]","[""KGM""]","[""Q813""]","[""2000-01-01T00:00:00Z""]","[""2001-01-01T00:00:00Z""]"
6747079,Q6747079,Q6747079,マナウス・アエロタクシー,[],[],"[""Q155""]",[],[]
6753169,Q6753169,Manunggal Air Service,マヌンガル航空サービス,[],"[""MNS""]","[""Q252""]","[""1997-01-01T00:00:00Z""]",[]
6762380,Q6762380,Sundance Air Venezuela,,[],"[""SUV""]","[""Q717""]","[""2002-01-01T00:00:00Z""]",[]
6766382,Q6766382,MarkAir,,"[""BF""]","[""MRK""]","[""Q30""]","[""1946-01-01T00:00:00Z""]","[""1996-01-01T00:00:00Z""]"
6772570,Q6772570,Marquette Airlines,,[],[],"[""Q30""]",[],"[""1945-01-01T00:00:00Z""]"
6777067,Q6777067,Martinaire,,[],"[""MRA""]","[""Q30""]","[""1978-01-01T00:00:00Z""]",[]
6795442,Q6795442,Maxair,,"[""8M""]","[""MXL""]","[""Q34""]","[""1996-01-01T00:00:00Z""]","[""2005-01-01T00:00:00Z""]"
6796830,Q6796830,Mayan World Airlines,,"[""EY""]","[""MYN""]","[""Q774""]","[""1996-01-01T00:00:00Z""]","[""1999-01-01T00:00:00Z""]"
6797217,Q6797217,Mayflower Airlines,,[],[],"[""Q30""]","[""1936-01-01T00:00:00Z""]","[""1945-01-01T00:00:00Z""]"
6797864,Q6797864,Mayoral Executive Jet,,[],"[""MYO""]","[""Q29""]",[],[]
6800271,Q6800271,McClain Airlines,,[],[],"[""Q30""]","[""1984-01-01T00:00:00Z""]","[""1987-02-23T00:00:00Z""]"
6801227,Q6801227,McGee Airways,,[],[],"[""Q30""]","[""1932-01-01T00:00:00Z""]","[""1934-01-01T00:00:00Z""]"
6805097,Q6805097,Medallion Air,,[],"[""MDP""]","[""Q218""]","[""2009-01-01T00:00:00Z""]","[""2013-07-01T00:00:00Z""]"
6809867,Q6809867,Laufer Aviation-GHI,,[],[],"[""Q801""]","[""1975-01-01T00:00:00Z""]",[]
6816330,Q6816330,MenaJet,,"[""IM""]","[""MNJ""]","[""Q822""]","[""2003-01-01T00:00:00Z""]",[]
6818366,Q6818366,Merchant Express Aviation,,[],"[""MXX""]","[""Q1033""]",[],[]
6819763,Q6819763,Merlin Airways,,[],"[""MEI""]","[""Q30""]","[""1983-01-01T00:00:00Z""]",[]
6819771,Q6819771,Merlin Express,,[],"[""MEI""]","[""Q30""]",[],[]
6819902,Q6819902,Mero Air,,[],[],[],[],[]
6822306,Q6822306,Meta Linhas Aéreas,,[],"[""MSQ""]","[""Q155""]","[""1991-01-01T00:00:00Z""]","[""2012-01-01T00:00:00Z""]"
6824120,Q6824120,Metis TransPacific Airlines,,[],[],[],[],[]
6824425,Q6824425,MetroJet,メトロジェット,"[""US""]","[""USA""]","[""Q30""]","[""1998-01-01T00:00:00Z""]","[""2001-12-01T00:00:00Z""]"
6824470,Q6824470,Metro Airlines,,[],[],"[""Q30""]","[""1969-01-01T00:00:00Z""]","[""1993-05-01T00:00:00Z""]"
6826107,Q6826107,MexicanaLink,,"[""I6""]","[""MXI""]","[""Q96""]","[""2009-01-01T00:00:00Z""]","[""2010-08-28T00:00:00Z""]"
6826111,Q6826111,Mexicana Cargo,,[],[],"[""Q96""]","[""1980-01-01T00:00:00Z""]","[""1987-01-01T00:00:00Z""]"
6826138,Q6826138,Mexicargo,,"[""GJ""]","[""MXC""]","[""Q96""]","[""1991-01-01T00:00:00Z""]","[""2000-01-01T00:00:00Z""]"
6840636,Q6840636,Mid-Atlantic Freight,,[],"[""MDC""]","[""Q30""]","[""1990-01-01T00:00:00Z""]",[]
6840683,Q6840683,Mid-Continent Airlines,ミッドコンチネント航空,[],[],"[""Q30""]","[""1928-01-01T00:00:00Z""]",[]
6840877,Q6840877,MidAtlantic Airways,,"[""BK""]","[""PDC""]","[""Q30""]","[""2002-01-01T00:00:00Z""]","[""2006-05-27T00:00:00Z""]"
6840901,Q6840901,Mid Airlines,,[],"[""MDZ""]",[],[],"[""http://www.wikidata.org/.well-known/genid/c131703ac1df2d48a76d1300169d5809""]"
6840994,Q6840994,Mid Pacific Air,ミッドパシフィックエア,"[""HO""]","[""MPA""]","[""Q30""]","[""1981-01-01T00:00:00Z""]","[""1995-01-01T00:00:00Z""]"
6843263,Q6843263,Midway Airlines,ミッドウェイ航空,"[""ML""]","[""MDW""]","[""Q30""]","[""1976-01-01T00:00:00Z""]","[""1991-11-13T00:00:00Z""]"
6843264,Q6843264,Midway Airlines,,"[""JI""]","[""MDW""]","[""Q30""]","[""1993-01-01T00:00:00Z""]","[""2003-10-30T00:00:00Z""]"
6843334,Q6843334,Midwest Airways,,[],[],"[""Q30""]",[],"[""http://www.wikidata.org/.well-known/genid/592f0ff1439b78c6208724e61bd17547""]"
6843339,Q6843339,Midwest Aviation,,[],[],"[""Q30""]","[""1973-01-01T00:00:00Z""]","[""1983-01-01T00:00:00Z""]"
6858531,Q6858531,Millardair,,[],"[""MAB""]","[""Q16""]","[""1963-01-01T00:00:00Z""]","[""2013-02-01T00:00:00Z""]"
6858794,Q6858794,Millennium Aviation,,[],[],"[""Q30""]",[],[]
6859715,Q6859715,Million Air,,[],[],"[""Q30""]",[],[]
6862254,Q6862254,Asian One Air,,[],[],"[""Q252""]","[""1998-01-01T00:00:00Z""]",[]
6863610,Q6863610,Mindanao Express,,[],[],"[""Q928""]",[],[]
6868920,Q6868920,Minoan Air,ミノア航空,[],"[""MAV""]","[""Q41""]","[""2011-01-01T00:00:00Z""]","[""2015-01-01T00:00:00Z""]"
6879339,Q6879339,Mississippi Valley Airlines,,"[""XV""]",[],"[""Q30""]","[""1968-01-01T00:00:00Z""]","[""1985-01-01T00:00:00Z""]"
6880478,Q6880478,Mistri Airways,,[],[],"[""Q668""]","[""1946-01-01T00:00:00Z""]","[""1950-01-01T00:00:00Z""]"
6888541,Q6888541,Modern Air Transport,,"[""KV""]",[],"[""Q30""]","[""1946-01-01T00:00:00Z""]","[""1975-01-01T00:00:00Z""]"
6889299,Q6889299,ModiLuft,,"[""M9""]","[""MOD""]","[""Q668""]","[""1993-01-01T00:00:00Z""]","[""1996-01-01T00:00:00Z""]"
6897048,Q6897048,Mombasa Air Safari,モンバサ・エア・サファリ,[],"[""RRV""]","[""Q114""]","[""1985-01-01T00:00:00Z""]",[]
6897988,Q6897988,Monarch Airlines,,[],[],"[""Q30""]","[""1946-01-01T00:00:00Z""]","[""1950-06-01T00:00:00Z""]"
6914814,Q6914814,Morton Air Services,,"[""MT""]",[],"[""Q145""]","[""1945-01-01T00:00:00Z""]","[""1968-11-01T00:00:00Z""]"
6915457,Q6915457,Moscow Airways,モスクワ・エアウェイズ,"[""M8""]","[""MSC""]","[""Q159""]","[""1991-01-01T00:00:00Z""]","[""1996-01-01T00:00:00Z""]"
6916417,Q6916417,Mosphil Aero,,[],"[""MPI""]","[""Q928""]","[""2005-01-01T00:00:00Z""]",[]
6924853,Q6924853,Mountain Air,,[],[],"[""Q837""]","[""2000-01-01T00:00:00Z""]","[""2002-11-01T00:00:00Z""]"
6924854,Q6924854,Mountain Air Cargo,,"[""C2""]","[""MTN""]","[""Q30""]","[""1974-01-01T00:00:00Z""]",[]
6924857,Q6924857,Mountain Air,マウンテンエアー,[],[],"[""Q664""]","[""1989-01-01T00:00:00Z""]",[]
6925423,Q6925423,Mountain West Airlines-Idaho,,[],[],"[""Q30""]","[""1979-01-01T00:00:00Z""]",[]
6928029,Q6928029,Moçambique Expresso,,[],"[""MXE""]","[""Q1029""]","[""1995-09-01T00:00:00Z""]",[]
6943512,Q6943512,Mustique Airways,,[],"[""MAW""]","[""Q757""]",[],[]
6944897,Q6944897,MyTravelLite Airlines,,"[""VZ""]","[""MYL""]","[""Q145""]","[""2002-01-01T00:00:00Z""]",[]
6952172,Q6952172,NAC Air,,[],"[""HMR""]","[""Q16""]","[""2000-01-01T00:00:00Z""]","[""2008-01-01T00:00:00Z""]"
6957265,Q6957265,Nacional Transportes Aéreos,,[],[],"[""Q155""]","[""2000-01-01T00:00:00Z""]","[""2002-01-01T00:00:00Z""]"
6958422,Q6958422,Naganagani,,[],"[""BFN""]","[""Q965""]","[""1984-01-01T00:00:00Z""]","[""1992-01-01T00:00:00Z""]"
6960266,Q6960266,Nakanihon Air Service,中日本航空,[],"[""NAS""]","[""Q17""]","[""1953-01-01T00:00:00Z""]",[]
6970246,Q6970246,National Air Transport,,[],[],"[""Q30""]","[""1925-01-01T00:00:00Z""]","[""1934-01-01T00:00:00Z""]"
6970253,Q6970253,National Airlines,ナショナル航空 (1983),[],[],[],"[""1977-01-01T00:00:00Z""]","[""1986-05-01T00:00:00Z""]"
6970269,Q6970269,New Zealand National Airways Corporation,ニュージーランド・ナショナルエアウェイズ,"[""NZ""]","[""NZ""]","[""Q664""]","[""1947-01-01T00:00:00Z""]","[""1978-03-31T00:00:00Z""]"
6974761,Q6974761,National Parks Airways,,[],[],"[""Q30""]","[""1927-01-01T00:00:00Z""]","[""1937-01-01T00:00:00Z""]"
6979855,Q6979855,Nations Air Express,,"[""N5""]","[""NAE""]","[""Q30""]","[""1995-01-01T00:00:00Z""]","[""1999-01-01T00:00:00Z""]"
6983196,Q6983196,Nayzak Air Transport,,"[""M4""]","[""NZA""]","[""Q1016""]",[],[]
6995647,Q6995647,MY Jet Xpress Airlines,マイ・ジェット・エクスプレス・エアラインズ,"[""N7""]","[""NEP""]","[""Q833""]","[""1970-01-01T00:00:00Z""]",[]
6998251,Q6998251,NetJets Europe,ネットジェッツ・ヨーロッパ,[],"[""NJE""]","[""Q45""]","[""1996-01-01T00:00:00Z""]",[]
7000759,Q7000759,Network Aviation,ネットワーク・アビエーション,[],"[""NWK""]","[""Q408""]","[""1998-01-01T00:00:00Z""]",[]
7004961,Q7004961,Nevis Express,,"[""VF""]",[],[],[],"[""2003-01-01T00:00:00Z""]"
7007128,Q7007128,New England & Western Air Transportation Co.,,[],[],"[""Q30""]","[""1930-01-01T00:00:00Z""]","[""1930-01-01T00:00:00Z""]"
7007142,Q7007142,New England Air Transport,,[],[],"[""Q30""]",[],"[""2009-10-01T00:00:00Z""]"
7012957,Q7012957,"New York, Rio, and Buenos Aires Line",,[],[],"[""Q30""]","[""1929-01-01T00:00:00Z""]","[""1930-01-01T00:00:00Z""]"
7020865,Q7020865,Nex Aviation,,[],[],"[""Q27""]","[""2007-01-01T00:00:00Z""]",[]
7030500,Q7030500,Nicon Airways,ニコン・エアウェイズ,[],"[""NCN""]","[""Q1033""]","[""2006-01-01T00:00:00Z""]","[""2007-01-01T00:00:00Z""]"
7050010,Q7050010,NorOntair,,[],"[""NOA""]","[""Q16""]","[""1971-01-01T00:00:00Z""]","[""1996-03-29T00:00:00Z""]"
7050513,Q7050513,Nord-Flyg,,[],"[""NEF""]","[""Q34""]","[""1955-01-01T00:00:00Z""]",[]
7050663,Q7050663,Nordic Air,,[],[],"[""Q20""]","[""1970-01-01T00:00:00Z""]","[""1973-01-01T00:00:00Z""]"
7050688,Q7050688,Nordic European Airlines,ノルディック・ヨーロピアン,"[""DJ""]","[""NOD""]","[""Q34""]","[""1991-01-01T00:00:00Z""]","[""1998-01-01T00:00:00Z""]"
7050695,Q7050695,Nordic Global Airlines,ノルディック・グローバル航空,"[""NJ""]","[""NGB""]","[""Q33""]","[""2011-01-01T00:00:00Z""]","[""2015-05-31T00:00:00Z""]"
7050992,Q7050992,Norfolk Air,,"[""N5""]",[],"[""Q408""]","[""2006-01-01T00:00:00Z""]","[""2012-01-01T00:00:00Z""]"
7051055,Q7051055,Norfolk Island Airlines,,[],[],[],"[""1973-01-01T00:00:00Z""]",[]
7051062,Q7051062,Norfolk Jet Express,,"[""YE""]",[],[],"[""1997-01-01T00:00:00Z""]","[""2005-01-01T00:00:00Z""]"
7053368,Q7053368,Norrlandsflyg,,[],"[""HMF""]","[""Q34""]","[""2010-01-01T00:00:00Z""]","[""2017-01-01T00:00:00Z""]"
7053423,Q7053423,Norsk Air,,[],[],"[""Q20""]","[""1961-01-01T00:00:00Z""]","[""1996-01-01T00:00:00Z""]"
7053431,Q7053431,Norsk Forurensningskontroll,,[],[],"[""Q20""]","[""1983-01-01T00:00:00Z""]","[""1986-01-01T00:00:00Z""]"
7054352,Q7054352,North Canada Air,,[],[],"[""Q16""]",[],[]
7054722,Q7054722,North Central Airlines,ノースセントラル・エアラインズ,"[""NC""]","[""NC""]","[""Q30""]","[""1944-01-01T00:00:00Z""]","[""1979-07-01T00:00:00Z""]"
7054979,Q7054979,North Cyprus Airlines,,[],[],"[""Q43""]","[""2011-01-01T00:00:00Z""]",[]
7056252,Q7056252,North Pacific Airlines,,[],[],"[""Q30""]","[""1987-01-01T00:00:00Z""]",[]
7057888,Q7057888,Northeast Express Regional Airlines,,[],[],"[""Q30""]",[],"[""1995-01-01T00:00:00Z""]"
7058034,Q7058034,Northeastern International Airways,,"[""QS""]","[""QSA""]","[""Q30""]","[""1980-01-01T00:00:00Z""]","[""1986-01-01T00:00:00Z""]"
7058101,Q7058101,Northern Air,,[],[],"[""Q712""]",[],[]
7060767,Q7060767,Norving,ノルヴィング,[],[],"[""Q20""]","[""1971-01-01T00:00:00Z""]","[""1993-01-01T00:00:00Z""]"
7060825,Q7060825,Norway Airlines,,"[""JA""]","[""NOS""]","[""Q20""]","[""1987-01-01T00:00:00Z""]","[""1992-10-15T00:00:00Z""]"
7064012,Q7064012,Nova Airline,ノヴァ航空,"[""O9""]","[""NOV""]","[""Q1049""]","[""2000-01-01T00:00:00Z""]",[]
7064406,Q7064406,Novair International Airways,,"[""EN""]","[""NGK""]","[""Q145""]","[""1988-01-01T00:00:00Z""]","[""1990-01-01T00:00:00Z""]"
7070157,Q7070157,Nurman Avia,,[],"[""NIN""]","[""Q252""]","[""1997-01-01T00:00:00Z""]","[""2007-01-01T00:00:00Z""]"
7070339,Q7070339,Nusantara Buana Air,,[],[],"[""Q252""]",[],[]
7072606,Q7072606,OKI Air International,,[],[],"[""Q236""]","[""1993-01-01T00:00:00Z""]",[]
7074416,Q7074416,Oasis Airlines,,"[""OB""]","[""AAN""]","[""Q29""]","[""1986-01-01T00:00:00Z""]","[""1995-01-01T00:00:00Z""]"
7076070,Q7076070,Ocean Sky UK,,[],[],[],[],[]
7076175,Q7076175,Oceanair,オーシャンエア,"[""TJ""]",[],"[""Q155""]",[],[]
7078426,Q7078426,Odyssey International,,"[""IL""]","[""ODY""]","[""Q16""]","[""1988-01-01T00:00:00Z""]","[""1989-04-01T00:00:00Z""]"
7081713,Q7081713,Okada Air,オカダ・エア,"[""9H""]","[""OKJ""]","[""Q1033""]","[""1983-01-01T00:00:00Z""]","[""1997-01-01T00:00:00Z""]"
7089975,Q7089975,Omega Aerial Refueling Services,オメガ航空,[],"[""OME""]","[""Q30""]","[""2001-01-01T00:00:00Z""]",[]
7094614,Q7094614,Ontario Central Airlines,,[],"[""NUN""]","[""Q16""]","[""1947-01-01T00:00:00Z""]",[]
7094657,Q7094657,Ontario Express,,"[""9X""]","[""DEL""]","[""Q16""]","[""1987-01-01T00:00:00Z""]","[""1998-01-01T00:00:00Z""]"
7096601,Q7096601,Opera Jet,,[],"[""OPJ""]","[""Q214""]","[""2007-01-01T00:00:00Z""]","[""2014-01-01T00:00:00Z""]"
7099530,Q7099530,Orange Cargo,オレンジカーゴ,[],"[""ORJ""]","[""Q17""]","[""2002-01-01T00:00:00Z""]","[""2004-03-22T00:00:00Z""]"
7100151,Q7100151,Orca Air,,"[""4D""]","[""ORK""]","[""Q79""]","[""1996-01-01T00:00:00Z""]","[""2003-01-01T00:00:00Z""]"
7102047,Q7102047,Organização Mineira de Transportes Aéreos,,[],[],"[""Q155""]","[""1946-01-01T00:00:00Z""]","[""1957-01-01T00:00:00Z""]"
7102280,Q7102280,Orient Airways,,[],[],"[""Q843""]","[""1946-01-01T00:00:00Z""]","[""1955-03-11T00:00:00Z""]"
7102286,Q7102286,Orient Eagle Airways,,"[""4R""]","[""OEG""]","[""Q232""]","[""1997-01-01T00:00:00Z""]","[""2002-01-01T00:00:00Z""]"
7102817,Q7102817,Orionair,,[],"[""ORI""]","[""Q29""]","[""2004-01-01T00:00:00Z""]","[""2008-01-01T00:00:00Z""]"
7116474,Q7116474,Ozark Air Lines,オザーク航空,"[""OZ""]","[""OZA""]","[""Q30""]","[""1950-01-01T00:00:00Z""]","[""1986-10-26T00:00:00Z""]"
7116968,Q7116968,P.C. Air,,[],"[""PCA""]","[""Q869""]","[""2010-01-01T00:00:00Z""]","[""2012-01-01T00:00:00Z""]"
7118299,Q7118299,Q7118299,,"[""7N""]","[""PWD""]","[""Q786""]","[""2003-01-01T00:00:00Z""]","[""2018-02-01T00:00:00Z""]"
7121897,Q7121897,Pace Airlines,ペース航空,"[""Y5""]","[""PCE""]","[""Q30""]","[""1996-01-01T00:00:00Z""]","[""2009-09-01T00:00:00Z""]"
7122283,Q7122283,Pacific Air Lines,パシフィック・エアラインズ,"[""PC""]","[""PCA""]","[""Q30""]","[""1941-01-01T00:00:00Z""]","[""1968-01-01T00:00:00Z""]"
7122284,Q7122284,Pacific Air Transport,,[],[],"[""Q30""]","[""1926-01-01T00:00:00Z""]","[""1928-12-17T00:00:00Z""]"
7122286,Q7122286,Pacific Alaska Airways,,[],[],"[""Q30""]","[""1932-01-01T00:00:00Z""]","[""1941-01-01T00:00:00Z""]"
7122370,Q7122370,Q7122370,,[],"[""PXT""]","[""Q30""]",[],[]
7122412,Q7122412,Pacific Corporation,,[],[],"[""Q30""]","[""1950-01-01T00:00:00Z""]",[]
7122434,Q7122434,Pacific East Airlines,,"[""6P""]","[""PCE""]","[""Q30""]","[""1983-01-01T00:00:00Z""]","[""1984-01-01T00:00:00Z""]"
7122445,Q7122445,Pacific Express,,[],[],"[""Q30""]","[""1982-01-01T00:00:00Z""]",[]
7122508,Q7122508,Pacific Island Aviation,パシフィックアイランド航空,"[""9J""]","[""PSA""]","[""Q30""]","[""1987-01-01T00:00:00Z""]","[""2005-02-09T00:00:00Z""]"
7122512,Q7122512,Pacific Island Seaplanes,,[],[],"[""Q712""]",[],[]
7122620,Q7122620,Pacific Pearl Airways,,[],"[""PPM""]","[""Q928""]","[""2006-01-01T00:00:00Z""]",[]
7122677,Q7122677,Pacific Royale Airways,,"[""RY""]","[""PRQ""]","[""Q252""]","[""2011-01-01T00:00:00Z""]","[""2012-11-01T00:00:00Z""]"
7125346,Q7125346,Pak Airways,,[],[],"[""Q2006542""]","[""1948-01-01T00:00:00Z""]","[""1949-01-01T00:00:00Z""]"
7125509,Q7125509,Pakistan Airways,,[],"[""PKA""]","[""Q843""]","[""2005-01-01T00:00:00Z""]","[""2006-01-01T00:00:00Z""]"
7125530,Q7125530,Pakistan Aviators & Aviation,,[],"[""PAA""]","[""Q843""]","[""1993-01-01T00:00:00Z""]",[]
7126866,Q7126866,Palau Trans Pacific Airlines,,"[""GP""]",[],"[""Q695""]","[""2002-01-01T00:00:00Z""]","[""2005-03-01T00:00:00Z""]"
7127963,Q7127963,Palm Aviation,,[],[],"[""Q878""]",[],[]
7129542,Q7129542,Pan African Airlines,,"[""PF""]",[],"[""Q1033""]",[],[]
7129556,Q7129556,Pan Am Cargo,,[],[],[],[],"[""1963-01-01T00:00:00Z""]"
7129561,Q7129561,Pan Am Express,,[],[],[],[],"[""1991-01-01T00:00:00Z""]"
7129585,Q7129585,Pan American Airways,パン・アメリカン航空,"[""PA""]","[""PAA""]","[""Q30""]","[""1998-06-29T00:00:00Z""]","[""2004-11-01T00:00:00Z""]"
7129586,Q7129586,Pan American Airways,,"[""PN""]",[],"[""Q30""]","[""1996-01-01T00:00:00Z""]","[""1998-01-01T00:00:00Z""]"
7129587,Q7129587,Pan American Airways Guided Missile Range Division,,[],[],[],[],[]
7130126,Q7130126,Panavia,,"[""6Z""]","[""PVI""]","[""Q804""]","[""1994-01-01T00:00:00Z""]","[""2006-01-01T00:00:00Z""]"
7133154,Q7133154,Papua Indonesia Air System,,[],[],"[""Q252""]","[""2003-01-01T00:00:00Z""]",[]
7134236,Q7134236,Paradise Air,,"[""DJ""]",[],"[""Q800""]","[""2000-01-01T00:00:00Z""]","[""2013-05-16T00:00:00Z""]"
7134299,Q7134299,Paradise Island Airlines,パラダイス・アイランド・エアラインズ,"[""BK""]","[""PDI""]","[""Q30""]","[""1989-01-01T00:00:00Z""]","[""1999-05-01T00:00:00Z""]"
7134506,Q7134506,Paraense Transportes Aéreos,,"[""QR""]",[],"[""Q155""]","[""1952-02-18T00:00:00Z""]","[""1970-01-01T00:00:00Z""]"
7138642,Q7138642,Parks College Airline,,[],[],"[""Q30""]",[],[]
7148008,Q7148008,Patriot Express,パトリオット・エクスプレス,[],[],[],[],[]
7148887,Q7148887,PauknAir,パークンエア,[],"[""PKN""]","[""Q29""]","[""1995-01-01T00:00:00Z""]","[""1998-11-01T00:00:00Z""]"
7157620,Q7157620,Peach Air,,[],"[""KGC""]","[""Q145""]","[""1996-01-01T00:00:00Z""]","[""1998-01-01T00:00:00Z""]"
7158032,Q7158032,Pearl Air Services,,[],"[""PBY""]","[""Q1036""]",[],[]
7158034,Q7158034,Pearl Airways,,[],"[""HPA""]","[""Q790""]",[],[]
7158035,Q7158035,Pearl Air,,[],"[""PRL""]","[""Q843""]","[""2004-01-01T00:00:00Z""]",[]
7158036,Q7158036,Pearl Aviation,,[],"[""ADA""]","[""Q408""]","[""1964-01-01T00:00:00Z""]",[]
7161829,Q7161829,Pem-Air,,"[""PD""]","[""PEM""]","[""Q16""]","[""1970-01-01T00:00:00Z""]","[""2002-01-01T00:00:00Z""]"
7162270,Q7162270,Penas Air,,[],"[""PNS""]","[""Q252""]","[""2010-01-01T00:00:00Z""]","[""2012-01-01T00:00:00Z""]"
7164517,Q7164517,Penobscot Island Air,,[],[],"[""Q30""]",[],[]
7165056,Q7165056,Pentastar Aviation,,[],"[""DCX""]","[""Q30""]",[],[]
7186783,Q7186783,Phoenix Air,,"[""PH""]","[""PHA""]","[""Q30""]","[""1978-01-01T00:00:00Z""]",[]
7200998,Q7200998,PlaneSense,,[],"[""CNS""]","[""Q30""]","[""1996-01-01T00:00:00Z""]",[]
7201057,Q7201057,Planet Airways,,[],"[""PLZ""]","[""Q30""]","[""1995-01-01T00:00:00Z""]","[""2005-01-01T00:00:00Z""]"
7202332,Q7202332,Platinum Air Linhas Aéreas,,"[""P2""]","[""PLJ""]","[""Q155""]",[],[]
7202334,Q7202334,Platinum Airlines,,[],[],"[""Q30""]",[],[]
7233631,Q7233631,Post Ekspres Prima,,[],[],"[""Q252""]","[""1992-01-01T00:00:00Z""]",[]
7236058,Q7236058,Powell Air,,[],"[""PWL""]","[""Q16""]",[],"[""1987-01-01T00:00:00Z""]"
7240260,Q7240260,Premiair,プレミエアー,[],[],"[""Q252""]","[""1989-01-01T00:00:00Z""]",[]
7240297,Q7240297,Premier Executive Transport Services,,[],[],"[""Q30""]",[],[]
7240458,Q7240458,Premium Air Shuttle,,[],"[""EMI""]","[""Q1033""]",[],[]
7241405,Q7241405,Presidente Transportes Aéreos,,[],[],"[""Q155""]","[""1996-01-01T00:00:00Z""]","[""2001-01-01T00:00:00Z""]"
7241413,Q7241413,Presidential Airways,,[],[],"[""Q30""]",[],[]
7241415,Q7241415,Presidential Airways,プレジデンシャル航空,"[""XV""]",[],"[""Q30""]","[""1985-01-01T00:00:00Z""]","[""1989-01-01T00:00:00Z""]"
7242749,Q7242749,Pride Air,,[],[],"[""Q30""]","[""1985-01-01T00:00:00Z""]","[""1985-11-15T00:00:00Z""]"
7243232,Q7243232,Prime Airlines,,[],"[""PRM""]","[""Q145""]","[""2001-01-01T00:00:00Z""]","[""2002-01-01T00:00:00Z""]"
7243233,Q7243233,Prime Aviation,,[],"[""PKZ""]","[""Q232""]","[""1997-01-01T00:00:00Z""]",[]
7243826,Q7243826,Prince Aviation,,[],"[""PNC""]","[""Q403""]","[""1990-01-01T00:00:00Z""]",[]
7244424,Q7244424,Princely Jets,,"[""PJ""]","[""PJP""]","[""Q843""]",[],[]
7244512,Q7244512,Princess Air,,"[""8Q""]","[""PRN""]","[""Q145""]","[""1989-01-01T00:00:00Z""]","[""1991-01-01T00:00:00Z""]"
7246305,Q7246305,Privilege Style,プリビリッジ・スタイル,"[""P6""]","[""PVG""]","[""Q29""]","[""2003-01-01T00:00:00Z""]",[]
7246572,Q7246572,Pro-Air Services,,[],[],[],[],[]
7249848,Q7249848,Promodal Transportes Aéreos,,[],"[""GPT""]","[""Q155""]","[""2003-01-01T00:00:00Z""]","[""2004-01-01T00:00:00Z""]"
7252596,Q7252596,Provincetown-Boston Airlines,,"[""PT""]","[""PBA""]","[""Q30""]","[""1949-11-30T00:00:00Z""]","[""1988-09-01T00:00:00Z""]"
7258414,Q7258414,Puebla Air Lines,,[],"[""LPA""]","[""Q96""]","[""1985-01-01T00:00:00Z""]","[""1995-01-01T00:00:00Z""]"
7258851,Q7258851,Puertorriqueña de Aviación,,[],[],[],"[""1936-01-01T00:00:00Z""]","[""1941-01-01T00:00:00Z""]"
7261845,Q7261845,Pushpaka Aviation,,[],[],[],[],[]
7267100,Q7267100,Qatar Executive,カタール航空エグゼクティブ,"[""QR""]","[""QQE""]","[""Q846""]","[""2009-01-01T00:00:00Z""]",[]
7268424,Q7268424,Quadro-Aero,,[],"[""QVR""]","[""Q813""]","[""2000-01-01T00:00:00Z""]","[""2004-01-01T00:00:00Z""]"
7269543,Q7269543,Quassar,,[],[],"[""Q96""]","[""1992-01-01T00:00:00Z""]","[""1995-01-01T00:00:00Z""]"
7270168,Q7270168,Queen Air,,"[""OQ""]","[""QNA""]","[""Q786""]","[""1998-01-01T00:00:00Z""]","[""1999-01-01T00:00:00Z""]"
7270974,Q7270974,Queensland Pacific Airlines,,[],[],"[""Q408""]","[""1988-01-01T00:00:00Z""]","[""1991-01-01T00:00:00Z""]"
7270975,Q7270975,Queensland Pacific Airways,,[],[],"[""Q408""]",[],"[""1972-01-01T00:00:00Z""]"
7270995,Q7270995,Queensland Regional Airlines,,"[""Q7""]",[],"[""Q408""]","[""2002-01-01T00:00:00Z""]",[]
7271947,Q7271947,QuikAir,,"[""Q9""]",[],"[""Q16""]","[""2001-01-01T00:00:00Z""]","[""2006-10-24T00:00:00Z""]"
7275069,Q7275069,Q7275069,,"[""R6""]",[],"[""Q774""]","[""2001-01-01T00:00:00Z""]","[""2009-01-01T00:00:00Z""]"
7275113,Q7275113,RAF-Avia,,[],"[""MTL""]","[""Q211""]","[""1990-01-01T00:00:00Z""]",[]
7276982,Q7276982,RMA Gold Airways,,[],[],"[""Q408""]",[],[]
7277997,Q7277997,RUS Aviation,RUSアビエーション,"[""R6""]","[""RLB""]","[""Q399""]",[],[]
7278009,Q7278009,RVL Aviation,,[],"[""REV""]","[""Q145""]","[""1985-01-01T00:00:00Z""]",[]
7284131,Q7284131,Railway Air Services,レールウェイ・エア・サービス,[],[],"[""Q145""]","[""1934-01-01T00:00:00Z""]","[""1947-01-31T00:00:00Z""]"
7288418,Q7288418,Ram Air Freight,,[],"[""REX""]","[""Q30""]","[""1982-01-01T00:00:00Z""]","[""2012-01-01T00:00:00Z""]"
7293499,Q7293499,Ransome Airlines,ランサム航空,"[""RZ""]",[],"[""Q30""]","[""1967-01-01T00:00:00Z""]","[""1995-01-01T00:00:00Z""]"
7298352,Q7298352,Raya Jet,ラヤ・ジェット,[],"[""RYT""]","[""Q810""]","[""2005-01-01T00:00:00Z""]",[]
7301096,Q7301096,Real Transportes Aéreos,REAL航空,"[""RL""]",[],"[""Q155""]","[""1945-01-01T00:00:00Z""]","[""1961-01-01T00:00:00Z""]"
7303723,Q7303723,Red Baron Airlines,,[],[],"[""Q30""]","[""1979-01-01T00:00:00Z""]","[""1980-06-13T00:00:00Z""]"
7305001,Q7305001,Red Sea Air,,"[""7R""]","[""ERS""]","[""Q986""]","[""1988-01-01T00:00:00Z""]","[""2000-01-01T00:00:00Z""]"
7305573,Q7305573,Redcoat Air Cargo,,[],[],"[""Q145""]","[""1976-01-01T00:00:00Z""]","[""1982-01-01T00:00:00Z""]"
7307037,Q7307037,Reeve Aleutian Airways,リーブ・アリューシャン航空,"[""RV""]","[""RVV""]","[""Q30""]","[""1947-03-24T00:00:00Z""]","[""2000-12-05T00:00:00Z""]"
7308074,Q7308074,Regent Airways,リージェント・エアウェイズ,"[""RX""]","[""RGE""]","[""Q902""]","[""2010-01-01T00:00:00Z""]",[]
7308120,Q7308120,Regentair,,"[""4R""]",[],"[""Q30""]",[],"[""1986-01-01T00:00:00Z""]"
7308960,Q7308960,RegionAir,,[],[],"[""Q1000""]",[],[]
7308990,Q7308990,Regional Air,,"[""QT""]","[""RAW""]","[""Q114""]","[""2000-01-01T00:00:00Z""]","[""2005-01-01T00:00:00Z""]"
7308991,Q7308991,Regional Air,,"[""QT""]",[],"[""Q691""]",[],"[""2005-01-01T00:00:00Z""]"
7309014,Q7309014,Regional Cargo,,"[""F2""]","[""RCQ""]","[""Q96""]","[""2006-01-01T00:00:00Z""]",[]
7309049,Q7309049,Regional Elite Airline Services,,[],[],[],[],[]
7309115,Q7309115,Regional Pacific Airlines,,"[""QT""]",[],"[""Q408""]","[""2001-01-01T00:00:00Z""]",[]
7312404,Q7312404,Renaissance Air,,[],[],"[""Q408""]","[""2008-01-01T00:00:00Z""]",[]
7314566,Q7314566,Republicair,,[],"[""RBC""]","[""Q96""]","[""2005-01-01T00:00:00Z""]",[]
7321058,Q7321058,Rhodesia United Air Carriers,,[],[],"[""Q954""]","[""1957-01-01T00:00:00Z""]","[""1960-08-01T00:00:00Z""]"
7321066,Q7321066,Rhodesian Air Services,,"[""RF""]",[],"[""Q954""]","[""1960-01-01T00:00:00Z""]","[""1965-01-01T00:00:00Z""]"
7332430,Q7332430,Riddle Airlines,,[],[],"[""Q30""]","[""1945-01-01T00:00:00Z""]","[""1965-01-01T00:00:00Z""]"
7335143,Q7335143,Rio Airways,,"[""XO""]",[],"[""Q30""]","[""1966-01-01T00:00:00Z""]","[""1986-01-01T00:00:00Z""]"
7335333,Q7335333,Rio Sul Serviços Aéreos Regionais,リオ・スール,"[""SL""]","[""RSL""]","[""Q155""]","[""1976-01-01T00:00:00Z""]","[""2002-01-01T00:00:00Z""]"
7335762,Q7335762,Sounds Air,サウンズ・エア,[],[],"[""Q664""]",[],[]
7338963,Q7338963,Rivne Universal Avia,,[],"[""UNR""]","[""Q212""]",[],[]
7353208,Q7353208,Q7353208,,[],[],[],[],"[""2011-01-01T00:00:00Z""]"
7355868,Q7355868,Rocky Mountain Airways,,"[""JC""]","[""RMA""]","[""Q30""]","[""1963-01-01T00:00:00Z""]","[""1991-01-01T00:00:00Z""]"
7366630,Q7366630,Roots Air,,[],[],"[""Q16""]","[""2000-01-01T00:00:00Z""]","[""2001-05-01T00:00:00Z""]"
7366812,Q7366812,Roraima Airways,ロライマ航空,[],"[""ROR""]","[""Q734""]","[""1992-01-01T00:00:00Z""]",[]
7369739,Q7369739,Rossair Europe,,[],"[""ROS""]",[],[],"[""http://www.wikidata.org/.well-known/genid/ab03463565003ab120b0d1234c3d2eab""]"
7373593,Q7373593,Royal Air Burundi,,[],[],"[""Q967""]","[""1962-01-01T00:00:00Z""]","[""1963-01-01T00:00:00Z""]"
7373625,Q7373625,Royal Air Freight,,[],"[""RAX""]","[""Q30""]","[""1961-01-01T00:00:00Z""]",[]
7373707,Q7373707,Royal Aruban Airlines,,"[""V5""]","[""RYL""]","[""Q21203""]",[],"[""2002-01-01T00:00:00Z""]"
7373817,Q7373817,Royal Bengal Airline,ロイヤル・ベンガル・エアライン,"[""4A""]","[""RRY""]","[""Q902""]","[""2006-01-01T00:00:00Z""]","[""2009-01-01T00:00:00Z""]"
7374357,Q7374357,Royal Jet,ロイヤルジェット,[],"[""ROJ""]","[""Q878""]","[""2003-01-01T00:00:00Z""]",[]
7375100,Q7375100,Royale Airlines,,"[""OQ""]","[""RAY""]","[""Q30""]",[],"[""1989-01-01T00:00:00Z""]"
7381944,Q7381944,Russia Jet Direct,,"[""RD""]","[""RYN""]",[],"[""2005-01-01T00:00:00Z""]","[""2005-09-01T00:00:00Z""]"
7383822,Q7383822,Ryan Air Services,ライアン・エア・サービス,[],"[""RYA""]","[""Q30""]","[""1953-01-01T00:00:00Z""]",[]
7383823,Q7383823,Ryan Airline Company,ライアン・エアラインズ,[],[],"[""Q30""]","[""1925-01-01T00:00:00Z""]","[""1926-01-01T00:00:00Z""]"
7385187,Q7385187,Rym Airlines,,[],[],"[""Q262""]","[""2003-01-01T00:00:00Z""]",[]
7388472,Q7388472,SACO,,[],[],"[""Q739""]","[""1933-01-01T00:00:00Z""]","[""1940-01-01T00:00:00Z""]"
7388485,Q7388485,SADELCA,,[],"[""SDK""]","[""Q739""]","[""1974-01-01T00:00:00Z""]",[]
7388496,Q7388496,SAEREO,,"[""MZ""]","[""SRO""]","[""Q736""]","[""2005-01-01T00:00:00Z""]",[]
7388568,Q7388568,SAHSA,,"[""SH""]","[""SHA""]","[""Q783""]","[""1945-01-01T00:00:00Z""]","[""1994-01-01T00:00:00Z""]"
7388643,Q7388643,SAM Intercontinental,,[],"[""MMT""]","[""Q912""]","[""2008-01-01T00:00:00Z""]",[]
7388646,Q7388646,SAM Colombia,SAMコロンビア,"[""MM""]","[""SAM""]","[""Q739""]","[""1945-01-01T00:00:00Z""]","[""2010-10-04T00:00:00Z""]"
7388706,Q7388706,SAPSAN,,[],[],"[""Q232""]","[""2009-01-01T00:00:00Z""]",[]
7388767,Q7388767,SARPA,,[],[],"[""Q739""]","[""1980-01-01T00:00:00Z""]",[]
7388799,Q7388799,SAS Cargo Group,SASカーゴ・グループ,"[""SK""]","[""SAS""]","[""Q34""]",[],[]
7388801,Q7388801,SAS Commuter,,"[""SK""]","[""SAS""]","[""Q20"",""Q34"",""Q35""]","[""1988-01-01T00:00:00Z""]","[""2004-10-01T00:00:00Z""]"
7388848,Q7388848,SATSair,,[],"[""SYK""]","[""Q30""]",[],"[""2009-10-24T00:00:00Z""]"
7390623,Q7390623,SKOGA,,[],[],[],"[""1950-01-01T00:00:00Z""]","[""1954-01-01T00:00:00Z""]"
7391800,Q7391800,SNAS Aviation,,[],"[""RSE""]","[""Q851""]","[""1979-01-01T00:00:00Z""]",[]
7395892,Q7395892,Sabang Merauke Raya Air Charter,,[],"[""SMC""]","[""Q252""]","[""1969-01-01T00:00:00Z""]","[""http://www.wikidata.org/.well-known/genid/d8bb0d192bfb44f2ed1c28e0a230a5ae""]"
7398191,Q7398191,Saeaga Airlines,,"[""SG""]","[""SGG""]","[""Q833""]","[""1995-01-01T00:00:00Z""]","[""1998-01-01T00:00:00Z""]"
7398392,Q7398392,Safari Plus,,[],[],"[""Q924""]","[""2011-01-01T00:00:00Z""]",[]
7398407,Q7398407,Safarilink Aviation,サファリンク・アビエーション,"[""F2""]","[""XLK""]","[""Q114""]","[""2004-01-01T00:00:00Z""]",[]
7399484,Q7399484,Sahara Airlines,,"[""6S""]","[""SHD""]","[""Q262""]","[""1998-01-01T00:00:00Z""]","[""2003-01-01T00:00:00Z""]"
7405758,Q7405758,Salsa d'Haiti,,"[""SO""]","[""SLC""]","[""Q790""]","[""2008-01-01T00:00:00Z""]","[""2013-01-01T00:00:00Z""]"
7405803,Q7405803,Salt Air,,[],[],"[""Q664""]",[],[]
7408778,Q7408778,Samar Airlines,,[],"[""SMQ""]","[""Q863""]","[""2004-01-01T00:00:00Z""]",[]
7414143,Q7414143,San Francisco and Oakland Helicopter Airlines,,[],[],"[""Q30""]","[""1961-01-01T00:00:00Z""]","[""1985-01-01T00:00:00Z""]"
7414558,Q7414558,San Juan Aviation,,[],[],[],[],[]
7426126,Q7426126,Satgur Air Transport,,"[""2S""]","[""TGR""]","[""Q1014""]","[""2004-01-01T00:00:00Z""]","[""2006-01-01T00:00:00Z""]"
7426775,Q7426775,Saturn Airways,サターン・エアウェイズ,"[""KS""]",[],"[""Q30""]","[""1948-01-01T00:00:00Z""]","[""1976-01-01T00:00:00Z""]"
7427813,Q7427813,Savanah Airlines,,[],"[""SNI""]","[""Q1033""]",[],"[""2007-01-01T00:00:00Z""]"
7428819,Q7428819,SaxonAir,サクソンエア,[],"[""SXN""]","[""Q145""]",[],[]
7429993,Q7429993,Scandjet,,[],[],"[""Q34""]","[""2002-01-01T00:00:00Z""]",[]
7430803,Q7430803,Scenic Airlines,シーニック航空,"[""YR""]","[""SCE""]","[""Q30""]","[""1967-01-01T00:00:00Z""]",[]
7437615,Q7437615,Scottish Airlines,スコティッシュ航空,[],[],"[""Q145""]","[""1946-01-01T00:00:00Z""]","[""1961-01-01T00:00:00Z""]"
7439808,Q7439808,SeaCoast Airlines,,[],"[""SCC""]","[""Q30""]",[],"[""2012-01-01T00:00:00Z""]"
7440165,Q7440165,Seabird Airlines,,[],[],"[""Q43""]","[""2010-01-01T00:00:00Z""]","[""2015-01-01T00:00:00Z""]"
7440530,Q7440530,Seal Líneas Aéreas,,[],[],"[""Q414""]",[],[]
7442287,Q7442287,Seawings,シーウィング,[],[],"[""Q878""]","[""2007-08-01T00:00:00Z""]",[]
7444669,Q7444669,Section Liaison Air Yaoundé,,[],[],"[""Q1009""]",[],[]
7449252,Q7449252,Semeyavia,,"[""E8""]","[""SMK""]","[""Q232""]",[],"[""2013-07-01T00:00:00Z""]"
7455870,Q7455870,Servicios de Transportes Aéreos Fueguinos,,"[""FS""]","[""STU""]","[""Q414""]","[""1985-01-01T00:00:00Z""]","[""2005-01-01T00:00:00Z""]"
7455871,Q7455871,Servicios Aéreos Profesionales,,"[""5S""]","[""PSV""]","[""Q786""]","[""1981-01-01T00:00:00Z""]",[]
7457021,Q7457021,Seulawah Nad Air,,[],"[""NAD""]","[""Q252""]","[""2002-01-01T00:00:00Z""]","[""2003-01-01T00:00:00Z""]"
7458941,Q7458941,Seychelles International Airways,,[],[],"[""Q1042""]","[""1982-01-01T00:00:00Z""]","[""1986-01-01T00:00:00Z""]"
7488582,Q7488582,Shangri-La Air,,[],[],"[""Q837""]","[""1999-01-01T00:00:00Z""]","[""2008-01-01T00:00:00Z""]"
7489335,Q7489335,Shar Ink,,[],"[""UGP""]","[""Q159""]",[],[]
7493634,Q7493634,Shell Aircraft,,[],"[""SHE""]","[""Q55""]",[],[]
7499719,Q7499719,Shoal Air,,[],[],"[""Q408""]","[""2002-01-01T00:00:00Z""]",[]
7499840,Q7499840,Shock Trauma Air Rescue Service,,[],[],"[""Q16""]",[],[]
7503470,Q7503470,Shree Airlines,シェリー・エアラインズ,"[""N9""]","[""SHA""]","[""Q837""]","[""1999-01-01T00:00:00Z""]",[]
7505706,Q7505706,Shuttle by United,,"[""UA""]","[""UAL""]","[""Q30""]","[""1994-01-01T00:00:00Z""]","[""2001-01-01T00:00:00Z""]"
7507059,Q7507059,Sibia,,[],"[""SBD""]","[""Q159""]","[""1991-01-01T00:00:00Z""]",[]
7511541,Q7511541,Sierra Pacific Airlines,,"[""SI""]","[""SPA""]","[""Q30""]","[""1972-01-01T00:00:00Z""]",[]
7514801,Q7514801,Silesian Air,,[],"[""LSN""]","[""Q36""]","[""2001-01-01T00:00:00Z""]",[]
7515807,Q7515807,Silver Air,,[],"[""SLD""]","[""Q213""]","[""1995-01-01T00:00:00Z""]",[]
7515905,Q7515905,Silver City Airways,シルバーシティ・エアウェイズ,"[""SS""]",[],"[""Q145""]","[""1946-11-25T00:00:00Z""]","[""1962-12-31T00:00:00Z""]"
7516723,Q7516723,Silverline Helicopters,,[],[],"[""Q16""]",[],[]
7517381,Q7517381,Simargl Air Company,,[],[],"[""Q159""]",[],[]
7524390,Q7524390,Star Air Aviation,スターエア・アビエーション,"[""6S""]","[""URJ""]","[""Q843""]",[],[]
7537172,Q7537172,SkyGreece Airlines,スカイグリース・エアラインズ,"[""GW""]","[""SGR""]","[""Q41""]","[""2012-01-01T00:00:00Z""]","[""2015-08-25T00:00:00Z""]"
7537176,Q7537176,SkyJet,スカイジェット・エアラインズ,"[""5M""]","[""MSJ""]","[""Q928""]","[""2005-01-01T00:00:00Z""]",[]
7537182,Q7537182,SkyLink Express,スカイリンク・エクスプレス,[],"[""SLQ""]","[""Q16""]",[],[]
7537184,Q7537184,SkyKing Limited,,"[""RU""]","[""SKI""]","[""Q18221""]","[""1994-01-01T00:00:00Z""]","[""2008-10-22T00:00:00Z""]"
7537187,Q7537187,SkyLink Arabia,スカイリンク・アラビア,"[""KH""]",[],"[""Q878""]",[],[]
7537243,Q7537243,Sky Aviation,,[],"[""SSY""]","[""Q1044""]",[],[]
7537265,Q7537265,Sky Cabs,,"[""2E""]","[""SCB""]","[""Q854""]","[""1991-01-01T00:00:00Z""]","[""2000-01-01T00:00:00Z""]"
7537266,Q7537266,SkyAir,スカイエア,"[""S8""]",[],"[""Q902""]","[""2009-01-01T00:00:00Z""]",[]
7537324,Q7537324,Sky Gabon,,"[""GV""]","[""SKG""]","[""Q1000""]","[""2006-01-01T00:00:00Z""]",[]
7537372,Q7537372,Songbird Airways,スカイキング,[],"[""SGB""]","[""Q30""]","[""1990-01-01T00:00:00Z""]",[]
7537450,Q7537450,Sky Pasada,,"[""SP""]","[""WCC""]","[""Q928""]","[""2010-01-01T00:00:00Z""]",[]
7537476,Q7537476,Sky Regional Airlines,スカイ・リージョナル航空,"[""RS""]","[""SKV""]","[""Q16""]","[""2010-01-01T00:00:00Z""]","[""2021-03-31T00:00:00Z""]"
7537493,Q7537493,Sky Service,,[],"[""KVR""]","[""Q232""]","[""2004-01-01T00:00:00Z""]",[]
7537501,Q7537501,Sky Shuttle Helicopters,スカイ・シャトル,"[""3E""]","[""EMU""]","[""Q148"",""Q8646""]","[""1997-01-01T00:00:00Z""]",[]
7537521,Q7537521,Sky Srpska,,[],[],"[""Q225""]","[""2007-01-01T00:00:00Z""]","[""2011-01-01T00:00:00Z""]"
7537540,Q7537540,Sky Trek International Air Lines,,[],[],"[""Q30""]","[""1996-01-01T00:00:00Z""]","[""2000-01-01T00:00:00Z""]"
7537634,Q7537634,Skycraft Air Transport,,[],[],"[""Q16""]","[""2004-01-01T00:00:00Z""]","[""1994-01-01T00:00:00Z""]"
7537782,Q7537782,Skylan Airways,,[],[],"[""Q766""]",[],[]
7537882,Q7537882,Skyline,,[],"[""SMT""]","[""Q1033""]","[""1999-01-01T00:00:00Z""]","[""2003-01-01T00:00:00Z""]"
7537948,Q7537948,Skynet,,[],[],"[""Q159""]","[""2008-01-01T00:00:00Z""]",[]
7537952,Q7537952,Skynet Airlines,,"[""SI""]","[""SIH""]","[""Q27""]","[""2001-01-01T00:00:00Z""]","[""2004-01-01T00:00:00Z""]"
7537965,Q7537965,Skypower Express Airways,スカイパワー・エクスプレス・エアウェイズ,"[""NB""]","[""EAN""]","[""Q1033""]","[""1985-01-01T00:00:00Z""]","[""2007-01-01T00:00:00Z""]"
7538041,Q7538041,Skysouth,,[],"[""SDL""]","[""Q145""]","[""2006-01-01T00:00:00Z""]","[""2009-02-01T00:00:00Z""]"
7538119,Q7538119,Skyway Enterprises,スカイウェイエンタープライゼス,"[""KI""]","[""SKZ""]","[""Q30""]","[""1981-01-01T00:00:00Z""]",[]
7538130,Q7538130,Skyways Limited,スカイウェイズ,[],[],"[""Q145""]","[""1946-01-01T00:00:00Z""]","[""1962-01-01T00:00:00Z""]"
7538150,Q7538150,Skyxpress Airline,,[],"[""KLO""]","[""Q16""]",[],"[""2008-01-01T00:00:00Z""]"
7541510,Q7541510,Slov-Air,スロブ・エア,"[""OI""]","[""OIR""]","[""Q33946""]","[""1924-01-01T00:00:00Z""]","[""1992-01-01T00:00:00Z""]"
7545939,Q7545939,Smokers Express,,[],[],"[""Q30""]","[""1993-01-01T00:00:00Z""]","[""1993-01-01T00:00:00Z""]"
7546253,Q7546253,Smolenskaerotrans,,[],[],"[""Q159""]",[],[]
7551962,Q7551962,Sociedade de Aviação Ligeira,,[],[],"[""Q916""]","[""1992-01-01T00:00:00Z""]","[""2015-01-01T00:00:00Z""]"
7558149,Q7558149,Q7558149,,"[""ZS""]","[""SOP""]","[""Q215""]","[""1991-01-01T00:00:00Z""]",[]
7561869,Q7561869,Sonicblue Airways,,"[""VL""]",[],"[""Q16""]",[],"[""2006-01-01T00:00:00Z""]"
7568100,Q7568100,South Pacific Air Lines,,[],[],[],[],[]
7568101,Q7568101,South Pacific Airlines of New Zealand,,[],[],"[""Q664""]","[""1960-01-01T00:00:00Z""]","[""1966-01-01T00:00:00Z""]"
7568113,Q7568113,South Pacific Island Airways,,"[""HK""]",[],"[""Q30""]","[""1973-01-01T00:00:00Z""]","[""1987-01-01T00:00:00Z""]"
7568219,Q7568219,South Phoenix Airlines,サウス・フェニックス・エアラインズ,[],[],"[""Q928""]","[""1987-01-01T00:00:00Z""]",[]
7568832,Q7568832,South West Aviation,,[],[],"[""Q145""]","[""1966-01-01T00:00:00Z""]","[""1973-01-01T00:00:00Z""]"
7569284,Q7569284,Southeast Airlines,サウスイースト航空,"[""SL""]","[""SNK""]","[""Q30""]","[""1999-01-01T00:00:00Z""]",[]
7569412,Q7569412,Southeastern Airlines,,[],[],"[""Q30""]","[""1982-01-01T00:00:00Z""]","[""1983-01-01T00:00:00Z""]"
7569594,Q7569594,Southern Air Transport,サザン・エア・トランスポート,"[""SJ""]","[""SJM""]","[""Q30""]",[],"[""1998-01-01T00:00:00Z""]"
7569595,Q7569595,Southern Air Charter,サザン・エア・チャーター,"[""PL""]","[""SOA""]","[""Q778""]","[""1998-01-01T00:00:00Z""]",[]
7569939,Q7569939,Southern Frontier Airlines,,[],[],"[""Q16""]","[""1977-01-01T00:00:00Z""]",[]
7570475,Q7570475,Southern Skyways,,[],[],"[""Q30""]","[""1980-01-01T00:00:00Z""]",[]
7570493,Q7570493,Southern Star Airlines,,"[""4P""]",[],"[""Q958""]","[""2011-01-01T00:00:00Z""]","[""2011-01-01T00:00:00Z""]"
7571201,Q7571201,Southwest Air Fast Express,,[],[],"[""Q30""]","[""1928-01-01T00:00:00Z""]",[]
7573602,Q7573602,Spark+,,[],"[""BVV""]","[""Q159""]",[],"[""http://www.wikidata.org/.well-known/genid/12fd89adeed20f64885c923c4d0c00c9""]"
7573882,Q7573882,Spartan Air Lines,スパルタン航空,[],[],[],[],[]
7574434,Q7574434,Specair,,[],"[""LTS""]","[""Q159""]",[],[]
7574435,Q7574435,Specavia Air Company,,[],"[""BHV""]","[""Q159""]",[],[]
7577859,Q7577859,Spirit Air,,[],[],"[""Q668""]",[],[]
7589728,Q7589728,St. Lucia Airways,,[],[],"[""Q760""]","[""1975-01-01T00:00:00Z""]","[""1987-05-01T00:00:00Z""]"
7591480,Q7591480,St. Petersburg-Tampa Airboat Line,セントピーターズバーグ - タンパ・エアボート・ライン,[],[],"[""Q30""]","[""1913-01-01T00:00:00Z""]",[]
7598166,Q7598166,Standard Air Lines,,[],[],"[""Q30""]",[],[]
7600612,Q7600612,Star Air Service,,[],[],"[""Q30""]","[""1932-01-01T00:00:00Z""]","[""1944-01-01T00:00:00Z""]"
7601481,Q7601481,Starbow,スターボウ航空,"[""S9""]","[""IKM""]","[""Q117""]","[""2007-01-01T00:00:00Z""]",[]
7602091,Q7602091,Starline.kz,,"[""DZ""]","[""LMZ""]","[""Q232""]","[""2005-01-18T00:00:00Z""]","[""2009-04-01T00:00:00Z""]"
7602099,Q7602099,Starlink Aviation,,"[""Q4""]","[""TLK""]","[""Q16""]",[],[]
7602656,Q7602656,Starways,,[],[],"[""Q145""]","[""1948-01-01T00:00:00Z""]","[""1963-12-31T00:00:00Z""]"
7604022,Q7604022,StatesWest Airlines,,"[""YW""]","[""SWJ""]","[""Q30""]","[""1986-01-01T00:00:00Z""]","[""1992-01-01T00:00:00Z""]"
7615831,Q7615831,Stewart Island Flights,スチュアート・アイランド・フライツ,[],[],"[""Q664""]",[],[]
7618591,Q7618591,Stol Air Commuter,,[],[],"[""Q30""]","[""1974-01-01T00:00:00Z""]","[""1979-01-01T00:00:00Z""]"
7620608,Q7620608,Stout Air Services,,[],[],"[""Q30""]","[""1926-01-01T00:00:00Z""]","[""1930-01-01T00:00:00Z""]"
7621160,Q7621160,Straits Air Freight Express,SAFE エア,[],[],"[""Q664""]","[""1950-01-01T00:00:00Z""]","[""1990-01-01T00:00:00Z""]"
7637763,Q7637763,Summit Air,,[],[],"[""Q16""]","[""1987-01-01T00:00:00Z""]",[]
7638141,Q7638141,SunCoast Airlines,,[],[],"[""Q30""]",[],"[""1988-01-05T00:00:00Z""]"
7638188,Q7638188,Sun Air International,,"[""LW""]","[""FDY""]","[""Q30""]",[],[]
7638190,Q7638190,Sun Aire Lines,,[],[],"[""Q30""]",[],[]
7638591,Q7638591,Sun West Airlines,,[],[],"[""Q30""]","[""1980-01-01T00:00:00Z""]","[""1985-01-01T00:00:00Z""]"
7638765,Q7638765,Sunair,サンエアー,"[""ZU""]","[""SAV""]","[""Q664""]",[],[]
7638920,Q7638920,Sunbird Airlines,,[],[],"[""Q30""]","[""1979-11-15T00:00:00Z""]","[""1987-01-01T00:00:00Z""]"
7638921,Q7638921,Sunbird Aviation,,[],[],"[""Q114""]",[],[]
7639881,Q7639881,Sundsvallsflyg,,"[""DC""]","[""GAO""]","[""Q34""]","[""2005-01-01T00:00:00Z""]","[""2016-01-01T00:00:00Z""]"
7639889,Q7639889,Sundt Air,,[],"[""MDT""]","[""Q20""]","[""1996-06-24T00:00:00Z""]",[]
7640634,Q7640634,Sunny Airways,,"[""2S""]","[""SUW"",""UNS""]","[""Q869""]","[""2010-01-01T00:00:00Z""]","[""2012-01-01T00:00:00Z""]"
7641058,Q7641058,Sunrise Airways,サンライズ・エアウェイズ,"[""S6""]","[""KSZ""]","[""Q790""]","[""2010-01-01T00:00:00Z""]",[]
7641477,Q7641477,Sunshine Express Airlines,,"[""CQ""]","[""EXL""]","[""Q408""]","[""1998-01-01T00:00:00Z""]","[""2007-01-01T00:00:00Z""]"
7643491,Q7643491,Superior Aviation,,"[""SO""]","[""HKA""]","[""Q30""]","[""1979-01-01T00:00:00Z""]",[]
7654152,Q7654152,Swe Fly,,"[""WV""]","[""SWV""]","[""Q34""]","[""1994-01-01T00:00:00Z""]","[""2005-01-01T00:00:00Z""]"
7654235,Q7654235,Swedair,スウェーデン航空サーヴィス社,[],[],"[""Q34""]","[""1935-01-01T00:00:00Z""]",[]
7655052,Q7655052,Swedline Express,スウェードライン・エクスプレス,"[""SM""]","[""SRL""]","[""Q34""]","[""2002-01-01T00:00:00Z""]","[""2006-01-01T00:00:00Z""]"
7655996,Q7655996,iAero Airways,スウィフト航空,"[""Q7""]","[""SWQ""]","[""Q30""]","[""1997-01-01T00:00:00Z""]",[]
7655997,Q7655997,Swift Air Malawi,,[],[],"[""Q1020""]","[""2011-01-01T00:00:00Z""]","[""2012-07-01T00:00:00Z""]"
7656001,Q7656001,Swift Aire Lines,,"[""WI""]",[],"[""Q30""]","[""1969-01-01T00:00:00Z""]","[""1981-01-01T00:00:00Z""]"
7656104,Q7656104,Swiftair Bahrain,スウィフトエア・バーレーン,[],"[""SFL""]","[""Q398""]","[""2008-01-01T00:00:00Z""]","[""2012-01-01T00:00:00Z""]"
7658899,Q7658899,Swiss Private Aviation,,"[""LX""]","[""SWZ""]","[""Q39""]","[""1984-01-01T00:00:00Z""]","[""2011-02-01T00:00:00Z""]"
7669154,Q7669154,TABA – Transportes Aéreos Bandeirantes,,[],[],"[""Q155""]","[""1945-01-01T00:00:00Z""]","[""1950-01-01T00:00:00Z""]"
7669159,Q7669159,TABA – Transportes Aéreos da Bacia Amazônica,,"[""TT""]","[""TAB""]","[""Q155""]","[""1976-01-01T00:00:00Z""]","[""2002-01-01T00:00:00Z""]"
7669205,Q7669205,TAC Colombia,,[],"[""TCC""]","[""Q739""]","[""1995-01-01T00:00:00Z""]",[]
7669206,Q7669206,TAC – Transportes Aéreos Catarinense,,[],[],"[""Q155""]","[""1947-01-01T00:00:00Z""]","[""1966-01-01T00:00:00Z""]"
7669219,Q7669219,TAE Greek National Airlines,,"[""GK""]","[""TAE""]","[""Q41""]","[""1951-01-01T00:00:00Z""]","[""1957-01-01T00:00:00Z""]"
7669221,Q7669221,TAE – Trabajos Aéreos y Enlaces,,[],[],"[""Q29""]","[""1967-01-01T00:00:00Z""]","[""1981-01-01T00:00:00Z""]"
7669269,Q7669269,TAG Airlines,,[],[],"[""Q30""]",[],[]
7669412,Q7669412,TAS – Transportes Aéreos Salvador,,[],[],"[""Q155""]","[""1949-01-01T00:00:00Z""]","[""1962-01-01T00:00:00Z""]"
7669921,Q7669921,TEAL,帝国タスマニア航空有限会社,"[""TE""]",[],"[""Q664""]","[""1940-01-01T00:00:00Z""]","[""1965-03-31T00:00:00Z""]"
7670737,Q7670737,TMK Air Commuter,,[],"[""TMK""]","[""Q974""]",[],[]
7671913,Q7671913,TTA Airlink,,[],[],[],[],[]
7672041,Q7672041,TUR European Airways,,"[""YI""]","[""TCT""]","[""Q43""]","[""1988-01-01T00:00:00Z""]","[""1994-01-01T00:00:00Z""]"
7674911,Q7674911,Tafa Air,,[],[],"[""Q222""]","[""2009-01-01T00:00:00Z""]","[""2010-02-01T00:00:00Z""]"
7675608,Q7675608,Tahoe Air,,"[""XP""]","[""CXP""]","[""Q30""]","[""1999-01-01T00:00:00Z""]","[""1999-10-01T00:00:00Z""]"
7676695,Q7676695,TajAir,タジ・エア,[],[],"[""Q668""]",[],[]
7678809,Q7678809,Talair,タルエアー,[],[],"[""Q691""]","[""1952-01-01T00:00:00Z""]","[""1993-01-01T00:00:00Z""]"
7681467,Q7681467,Tamir Airways,,[],"[""TMI""]","[""Q801""]",[],[]
7684104,Q7684104,Tanzanair,,[],[],"[""Q924""]","[""1969-01-01T00:00:00Z""]",[]
7685690,Q7685690,Tarco Aviation,タルコ航空,"[""3T""]","[""TQQ""]","[""Q1049""]","[""2009-01-01T00:00:00Z""]",[]
7688995,Q7688995,Tavaj Linhas Aéreas,,[],"[""TVJ""]","[""Q155""]","[""1994-01-01T00:00:00Z""]","[""2004-01-01T00:00:00Z""]"
7691675,Q7691675,Teamline Air,,"[""L9""]","[""TLW""]","[""Q40""]","[""2001-01-01T00:00:00Z""]","[""2004-01-01T00:00:00Z""]"
7692318,Q7692318,Technical and Aeronautical Exploitations,,"[""GK""]","[""TAE""]","[""Q41""]","[""1935-01-01T00:00:00Z""]","[""1951-01-01T00:00:00Z""]"
7693969,Q7693969,Teddy Air,,"[""ZJ""]","[""TED""]","[""Q20""]","[""1989-01-01T00:00:00Z""]","[""2004-01-01T00:00:00Z""]"
7694190,Q7694190,Teebah Airlines,,[],"[""TBA"",""TBN"",""TEE""]","[""Q810""]","[""2004-01-01T00:00:00Z""]","[""2008-01-01T00:00:00Z""]"
7698233,Q7698233,Tempair International Airlines,,[],[],"[""Q145""]","[""1972-01-01T00:00:00Z""]",[]
7700012,Q7700012,Tennessee Airways,,"[""ZN""]","[""TEN""]","[""Q30""]","[""1978-01-01T00:00:00Z""]","[""1987-01-01T00:00:00Z""]"
7709091,Q7709091,Thai Air Cargo,,"[""T2""]","[""TCG""]","[""Q869""]","[""2004-01-01T00:00:00Z""]","[""2006-01-01T00:00:00Z""]"
7709150,Q7709150,Thai Regional Airlines,,"[""RW""]","[""TRB""]","[""Q869""]","[""2011-01-01T00:00:00Z""]","[""2012-01-01T00:00:00Z""]"
7739054,Q7739054,The Hawaii Express,,[],[],[],"[""1982-01-01T00:00:00Z""]",[]
7788584,Q7788584,Thomas Cook Airlines Canada,,[],[],"[""Q16""]",[],[]
7801875,Q7801875,Tikal Jets Airlines,,"[""WU""]","[""TKC""]","[""Q774""]","[""1992-01-01T00:00:00Z""]","[""2006-01-01T00:00:00Z""]"
7803058,Q7803058,TimAir,,[],[],"[""Q766""]","[""1983-01-01T00:00:00Z""]",[]
7804921,Q7804921,Time Air,,"[""KI""]","[""TAF""]","[""Q16""]","[""1966-01-01T00:00:00Z""]","[""1998-07-01T00:00:00Z""]"
7814076,Q7814076,Tol Air,,[],[],[],"[""1981-01-01T00:00:00Z""]",[]
7814318,Q7814318,Toll Priority,,[],[],[],[],[]
7824498,Q7824498,Top Fly,,"[""PM""]","[""TLY""]","[""Q29""]","[""2001-01-01T00:00:00Z""]","[""2009-01-01T00:00:00Z""]"
7828033,Q7828033,Q7828033,トータル・リンハス・アエレアス,"[""L1""]","[""TTL""]","[""Q155""]","[""1988-01-01T00:00:00Z""]",[]
7832204,Q7832204,Tradewinds Airways,トレードウィンド航空,[],[],"[""Q145""]",[],"[""http://www.wikidata.org/.well-known/genid/5f377cca2486ddc62f4b92ce642f2f23""]"
7832684,Q7832684,Trai Thien Air Cargo,,[],"[""TTG""]","[""Q881""]",[],[]
7833276,Q7833276,TranStar Airlines,,"[""MC""]","[""TST""]","[""Q30""]","[""1981-01-01T00:00:00Z""]","[""1987-01-01T00:00:00Z""]"
7833494,Q7833494,Trans-Asia,,[],[],[],"[""1996-01-01T00:00:00Z""]",[]
7833512,Q7833512,Trans-Colorado Airlines,トランス・コロラド航空,[],"[""TCE""]","[""Q30""]","[""1980-01-01T00:00:00Z""]","[""1988-07-01T00:00:00Z""]"
7833523,Q7833523,Trans-Florida Airlines,,[],"[""TFA""]","[""Q30""]","[""1966-01-01T00:00:00Z""]",[]
7833561,Q7833561,Trans-Provincial Airlines,,[],[],"[""Q16""]","[""1960-01-01T00:00:00Z""]","[""1993-01-01T00:00:00Z""]"
7833593,Q7833593,TransAer International Airlines,,"[""T8""]","[""TLA""]","[""Q27""]","[""1992-01-01T00:00:00Z""]","[""2000-10-20T00:00:00Z""]"
7833628,Q7833628,TransMeridian Airlines,,"[""T9""]","[""TRZ""]","[""Q30""]","[""1995-01-01T00:00:00Z""]","[""2005-09-29T00:00:00Z""]"
7833661,Q7833661,Trans Caribbean Airways,,[],[],[],"[""1945-01-01T00:00:00Z""]","[""1971-01-01T00:00:00Z""]"
7833665,Q7833665,Trans European Aviation,,[],[],[],[],[]
7833668,Q7833668,Trans Executive Airlines,トランス・エア,"[""KH""]",[],"[""Q30""]","[""1982-01-01T00:00:00Z""]",[]
7833669,Q7833669,Trans Guyana Airways,トランスガイアナ航空,[],"[""TGY""]","[""Q734""]","[""1951-01-01T00:00:00Z""]",[]
7833673,Q7833673,Trans Island Air 2000,,[],"[""TRD""]","[""Q244""]","[""1982-01-01T00:00:00Z""]","[""2004-01-01T00:00:00Z""]"
7833684,Q7833684,Trans Polar,,[],[],"[""Q20""]","[""1970-06-01T00:00:00Z""]","[""1971-05-16T00:00:00Z""]"
7833698,Q7833698,Trans World Corporation,トランス・ワールド・コーポレーション,[],[],[],"[""1983-01-01T00:00:00Z"",""1984-01-01T00:00:00Z""]",[]
7833699,Q7833699,Trans World Connection,,[],[],[],[],[]
7833746,Q7833746,Transair,,"[""JT""]",[],"[""Q408""]",[],"[""2006-12-04T00:00:00Z""]"
7833747,Q7833747,Transair (Canada),トランスエア＝ミッドウエスト,"[""TZ""]",[],"[""Q16""]",[],"[""1979-01-01T00:00:00Z""]"
7833748,Q7833748,Transair,,[],[],"[""Q145""]","[""1947-01-01T00:00:00Z""]","[""1960-01-01T00:00:00Z""]"
7833749,Q7833749,Transair Georgia,トランス・グルジア航空,[],[],"[""Q230""]",[],[]
7833900,Q7833900,Transcontinental Air Transport,,[],[],"[""Q30""]","[""1928-01-01T00:00:00Z""]","[""1930-01-01T00:00:00Z""]"
7833969,Q7833969,Transeast Airlines,,"[""T4""]","[""TRL""]","[""Q211""]","[""1993-01-01T00:00:00Z""]","[""2001-01-01T00:00:00Z""]"
7834592,Q7834592,Transmeridian Air Cargo,,"[""KK""]",[],"[""Q145""]","[""1962-01-01T00:00:00Z""]","[""1979-01-01T00:00:00Z""]"
7834739,Q7834739,Transocean Airlines,トランスオーシャン航空,[],[],"[""Q30""]","[""1946-01-01T00:00:00Z""]","[""1960-01-01T00:00:00Z""]"
7835310,Q7835310,Transportes Aéreos Nacional,,[],[],"[""Q155""]","[""1946-01-01T00:00:00Z""]","[""1961-01-01T00:00:00Z""]"
7835311,Q7835311,Transportes Aéreos Sul-Americanos,,[],[],"[""Q155""]","[""1948-01-01T00:00:00Z""]","[""1949-01-01T00:00:00Z""]"
7835313,Q7835313,Transportes Charter do Brasil,,[],"[""TCJ""]","[""Q155""]","[""1994-01-01T00:00:00Z""]","[""2006-01-01T00:00:00Z""]"
7835314,Q7835314,Transportes Aéreos Cielos Andinos,,[],"[""NDN""]","[""Q298""]","[""2007-01-01T00:00:00Z""]",[]
7835315,Q7835315,Transportes Aéreos da Índia Portuguesa,,[],[],"[""Q45""]","[""1955-01-01T00:00:00Z""]","[""1961-12-18T00:00:00Z""]"
7835322,Q7835322,Transports Aériens Intercontinentaux,,[],[],"[""Q142""]","[""1946-06-01T00:00:00Z""]","[""1963-10-01T00:00:00Z""]"
7835460,Q7835460,Transwestern Airlines,,"[""WZ""]","[""TRW""]","[""Q30""]","[""1977-01-01T00:00:00Z""]","[""1983-12-31T00:00:00Z""]"
7835463,Q7835463,Transwisata Prima Aviation,トランスビスタ・プリマ・アビエーション,[],"[""TWT""]","[""Q252""]",[],[]
7844315,Q7844315,Triton Airlines,,[],[],"[""Q16""]","[""1993-01-01T00:00:00Z""]",[]
7845748,Q7845748,Tropical Air,,[],[],"[""Q924""]","[""1999-01-01T00:00:00Z""]",[]
7845749,Q7845749,Tropical Airways,,"[""M7""]","[""TBG""]","[""Q790""]","[""1999-01-01T00:00:00Z""]",[]
7852304,Q7852304,Tulpar Air,,[],"[""TUL""]","[""Q159""]","[""2004-01-01T00:00:00Z""]",[]
7853131,Q7853131,Tunisavia,チュニサヴィア,[],"[""TAJ""]","[""Q948""]","[""1974-01-01T00:00:00Z""]",[]
7858106,Q7858106,Twin Cities Air Service,,[],"[""TCY""]","[""Q30""]","[""1992-01-01T00:00:00Z""]",[]
7862906,Q7862906,U-Land Airlines,瑞聯航空,"[""WI""]",[],[],"[""1988-01-01T00:00:00Z""]","[""2000-06-01T00:00:00Z""]"
7864891,Q7864891,UK International Airlines,,"[""IH""]","[""UKI""]","[""Q145""]","[""2005-01-01T00:00:00Z""]","[""2007-01-01T00:00:00Z""]"
7865818,Q7865818,USA Jet Airlines,USAジェット航空,"[""UJ""]","[""JUS""]","[""Q30""]","[""1994-01-01T00:00:00Z""]",[]
7865888,Q7865888,USAfrica Airways,,[],[],"[""Q30""]","[""1994-06-01T00:00:00Z""]","[""1995-02-03T00:00:00Z""]"
7875890,Q7875890,US Helicopter,,"[""UH""]","[""USH""]","[""Q30""]","[""2004-01-01T00:00:00Z""]","[""2009-09-25T00:00:00Z""]"
7876073,Q7876073,UTair Cargo,UTエアー・カーゴ,[],"[""TUM""]","[""Q159""]","[""1997-01-01T00:00:00Z""]",[]
7877578,Q7877578,Uganda Air Cargo Corporation,,[],"[""UCC""]","[""Q1036""]","[""1994-01-01T00:00:00Z""]",[]
7878600,Q7878600,Ukrvozdukhput,,[],[],"[""Q212""]","[""1923-01-01T00:00:00Z""]","[""1929-01-01T00:00:00Z""]"
7878880,Q7878880,KLM Cargo,,"[""KL""]",[],"[""Q55""]",[],[]
7880119,Q7880119,Ultimate Air Shuttle,アルティメット・エアシャトル,"[""UE""]","[""UJC""]","[""Q30""]","[""2009-01-01T00:00:00Z""]",[]
7884618,Q7884618,Uni-Top Airlines,友和道通航空,"[""UW""]","[""UTP""]","[""Q148""]","[""2009-01-01T00:00:00Z""]","[""2019-11-20T00:00:00Z""]"
7884991,Q7884991,Unifly Express,,[],[],"[""Q38""]","[""1980-01-01T00:00:00Z""]","[""1990-01-01T00:00:00Z""]"
7885352,Q7885352,Union Airways of N.Z. Ltd,ユニオン・エアウェイズ・オブ・ニュージーランド,[],[],"[""Q664""]","[""1936-01-01T00:00:00Z""]","[""1947-01-01T00:00:00Z""]"
7885376,Q7885376,Union Aéromaritime de Transport,,[],[],"[""Q142""]","[""1946-01-01T00:00:00Z""]","[""1963-01-01T00:00:00Z""]"
7886412,Q7886412,Union des Transports Aériens de Guinée,,[],[],"[""Q1006""]",[],[]
7887367,Q7887367,United Airlines Limited,,[],[],"[""Q1036""]",[],[]
7887374,Q7887374,United Airways Limited,ユナイテッド・エアウェイズ,[],[],"[""Q145""]","[""1935-01-01T00:00:00Z""]","[""1935-01-01T00:00:00Z""]"
7893876,Q7893876,Universal Air Lines,,[],[],"[""Q30""]","[""1928-01-01T00:00:00Z""]","[""1934-01-01T00:00:00Z""]"
7893878,Q7893878,Universal Airlines,ユニバーサル航空,[],[],"[""Q30""]","[""1966-01-01T00:00:00Z""]","[""1972-01-01T00:00:00Z""]"
7893885,Q7893885,Universal Aviation Corporation,,[],[],[],[],[]
7893968,Q7893968,Universal Helicopters,,[],[],"[""Q16""]","[""1963-01-01T00:00:00Z""]",[]
7894089,Q7894089,Universal Transportes Aéreos,,[],[],"[""Q155""]","[""1947-01-01T00:00:00Z""]","[""1948-01-01T00:00:00Z""]"
7898162,Q7898162,Upali Air,,[],[],"[""Q854""]",[],"[""1984-01-01T00:00:00Z""]"
7899567,Q7899567,Uraiavia,,[],[],"[""Q159""]","[""1993-01-01T00:00:00Z""]","[""2011-01-01T00:00:00Z""]"
7906518,Q7906518,VASD – Viação Aérea Santos Dumont,,[],[],"[""Q155""]","[""1944-01-01T00:00:00Z""]","[""1952-01-01T00:00:00Z""]"
7907103,Q7907103,VI Airlink,,"[""V6""]","[""VIL""]","[""Q145""]",[],[]
7913105,Q7913105,Van Air Europe,,"[""V9""]","[""VAA""]","[""Q213""]","[""2004-01-01T00:00:00Z""]",[]
7914037,Q7914037,Vance International Airways,,[],[],"[""Q30""]","[""1949-01-01T00:00:00Z""]","[""1970-01-01T00:00:00Z""]"
7914820,Q7914820,Vanguard Airlines,,"[""NJ""]","[""VGD""]","[""Q30""]","[""1994-01-01T00:00:00Z""]","[""2002-01-01T00:00:00Z""]"
7916048,Q7916048,Varney Air Lines,ヴァーニーエアラインズ,[],[],"[""Q30""]","[""1926-04-06T00:00:00Z""]","[""1934-05-01T00:00:00Z""]"
7916146,Q7916146,Varsity Express,,[],[],"[""Q145""]",[],"[""2010-03-08T00:00:00Z""]"
7918754,Q7918754,Vektra Aviation,,[],[],[],[],[]
7920566,Q7920566,Venus Airlines,,[],[],"[""Q41""]","[""1992-01-01T00:00:00Z""]","[""1996-01-01T00:00:00Z""]"
7921374,Q7921374,Veritair,,[],[],"[""Q145""]",[],[]
7922824,Q7922824,Vertical de Aviación,バーティカル・デ・アヴィエーション,[],[],"[""Q739""]","[""1982-01-01T00:00:00Z""]","[""2023-01-01T00:00:00Z""]"
7924419,Q7924419,Viabras,,[],[],"[""Q155""]","[""1946-01-01T00:00:00Z""]","[""1953-01-01T00:00:00Z""]"
7924548,Q7924548,Viação Aérea Arco-Íris,,[],[],"[""Q155""]","[""1945-01-01T00:00:00Z""]","[""1948-01-01T00:00:00Z""]"
7924551,Q7924551,Viação Aérea Bahiana,,[],[],"[""Q155""]","[""1945-01-01T00:00:00Z""]","[""1948-01-01T00:00:00Z""]"
7927456,Q7927456,Victory Air Transport,,[],[],"[""Q30""]",[],[]
7928390,Q7928390,Vieques Air Link,,"[""V4""]","[""VES""]","[""Q30""]","[""1965-01-01T00:00:00Z""]",[]
7932837,Q7932837,Vintage Props and Jets,,"[""VQ""]","[""VPP""]","[""Q30""]","[""1991-01-01T00:00:00Z""]",[]
7936134,Q7936134,Vision Air Malaysia,,[],[],"[""Q833""]",[],"[""2003-01-01T00:00:00Z""]"
7936138,Q7936138,Vision Airways Corporation,,[],[],"[""Q16""]",[],"[""1994-11-25T00:00:00Z""]"
7937432,Q7937432,Viva Air Colombia,ビバコロンビア,"[""VH""]","[""VVC""]","[""Q739""]","[""2008-01-01T00:00:00Z""]",[]
7937444,Q7937444,Viva Air Dominicana,,"[""6E""]",[],"[""Q786""]","[""2005-01-01T00:00:00Z""]","[""2009-01-01T00:00:00Z""]"
7939965,Q7939965,VolAir,,[],[],"[""Q786""]","[""2003-01-01T00:00:00Z""]","[""2011-09-01T00:00:00Z""]"
7943313,Q7943313,Vuelamex,,[],[],"[""Q96""]","[""2002-01-01T00:00:00Z""]","[""2002-01-01T00:00:00Z""]"
7944086,Q7944086,Vzlet,,"[""NB""]","[""VZL""]","[""Q159""]",[],[]
7971359,Q7971359,Wasawings,,[],[],"[""Q33""]","[""1981-01-01T00:00:00Z""]","[""1990-01-01T00:00:00Z""]"
7974070,Q7974070,Waterfront Air,,[],[],"[""Q148""]",[],[]
7984178,Q7984178,WestAir Commuter Airlines,ウェストエア,[],[],"[""Q30""]","[""1986-01-01T00:00:00Z""]","[""1998-01-01T00:00:00Z""]"
7984251,Q7984251,West African Airlines,,[],[],"[""Q962""]",[],[]
7984253,Q7984253,West African Airways Corporation,,"[""WT""]",[],"[""Q1033""]","[""1946-01-01T00:00:00Z""]","[""1958-01-01T00:00:00Z""]"
7984274,Q7984274,West Air,,[],"[""PCM""]","[""Q30""]",[],[]
7984350,Q7984350,West Australian Airways,,[],[],"[""Q408""]","[""1921-01-01T00:00:00Z""]","[""1936-01-01T00:00:00Z""]"
7984762,Q7984762,West Coast Airlines,ウエストコースト航空,[],[],"[""Q30""]","[""1941-01-01T00:00:00Z""]","[""1968-01-01T00:00:00Z""]"
7987439,Q7987439,Q7987439,ウェスタン航空,"[""WU""]","[""WST""]","[""Q778""]","[""2001-01-01T00:00:00Z""]",[]
7987610,Q7987610,Western Aviation,,[],[],[],[],[]
7987816,Q7987816,Western Express Air,,[],[],"[""Q30""]",[],"[""2007-05-01T00:00:00Z""]"
7989126,Q7989126,Westminster Airways,,[],[],"[""Q145""]","[""1946-01-01T00:00:00Z""]","[""http://www.wikidata.org/.well-known/genid/b87945423344ea1980aece052b00330a""]"
7989795,Q7989795,Westward Airways,,[],[],"[""Q145""]",[],[]
7996119,Q7996119,Whitejets,,"[""W7""]","[""WTJ""]","[""Q155""]","[""2010-01-01T00:00:00Z""]","[""2014-01-01T00:00:00Z""]"
8023583,Q8023583,WinAir Airlines,,[],"[""WNA""]","[""Q30""]","[""1997-01-01T00:00:00Z""]","[""1999-01-01T00:00:00Z""]"
8024794,Q8024794,Windward Express,,[],[],[],[],[]
8025265,Q8025265,Wings Airways,,"[""WQ""]","[""WAW""]","[""Q30""]","[""1976-01-01T00:00:00Z""]","[""1991-01-01T00:00:00Z""]"
8025860,Q8025860,Winnport,,[],[],"[""Q16""]","[""1998-01-01T00:00:00Z""]",[]
8030538,Q8030538,Wolverine Air,,[],[],"[""Q16""]",[],[]
8031708,Q8031708,Wondair,,[],"[""WNR""]","[""Q29""]","[""2006-01-01T00:00:00Z""]",[]
8035276,Q8035276,World-Wide Airways,,[],[],"[""Q16""]","[""1945-01-01T00:00:00Z""]",[]
8035383,Q8035383,World Atlantic Airlines,ワールド・アトランティック航空,"[""K8""]","[""WAL""]","[""Q30""]","[""2002-01-01T00:00:00Z""]",[]
8038175,Q8038175,Wright Air Lines,,"[""FW""]","[""WRT""]","[""Q30""]","[""1966-05-18T00:00:00Z""]","[""1985-01-01T00:00:00Z""]"
8042369,Q8042369,XOJET,,[],"[""XOJ""]","[""Q30""]","[""2006-01-01T00:00:00Z""]",[]
8045045,Q8045045,Avelo Airlines,エクストレイ航空,"[""XP""]","[""VXP""]","[""Q30""]","[""1989-01-01T00:00:00Z""]",[]
8051664,Q8051664,Yellow Air Taxi,,"[""Y0""]","[""EMJ""]","[""Q30""]",[],"[""2009-01-01T00:00:00Z""]"
8052566,Q8052566,Yerevan-Avia,,[],"[""ERV""]","[""Q399""]","[""1992-01-01T00:00:00Z""]","[""2009-01-01T00:00:00Z""]"
8065040,Q8065040,Zakavia,,[],[],[],"[""1923-01-01T00:00:00Z""]",[]
8065685,Q8065685,Zambia Skyways,,"[""K8""]","[""ZAK""]","[""Q953""]","[""1993-01-01T00:00:00Z""]",[]
8066293,Q8066293,Zantop Air Transport,ザントップ輸送航空,[],[],"[""Q30""]","[""1946-01-01T00:00:00Z""]","[""1966-01-01T00:00:00Z""]"
8066295,Q8066295,Zantop International Airlines,,[],"[""ZAN""]","[""Q30""]","[""1972-01-01T00:00:00Z""]","[""2001-01-01T00:00:00Z""]"
8070656,Q8070656,Zhejiang Airlines,,[],"[""CJG""]","[""Q148""]",[],"[""2004-01-01T00:00:00Z""]"
8071967,Q8071967,Zimbabwe Airlink,,"[""SA""]","[""FEM""]","[""Q954""]","[""1995-01-01T00:00:00Z""]","[""2003-01-01T00:00:00Z""]"
8071982,Q8071982,Zimbabwe Express Airlines,,"[""Z7""]","[""EZX""]","[""Q954""]","[""1994-01-01T00:00:00Z""]","[""1999-01-01T00:00:00Z""]"
8072119,Q8072119,Zimex Aviation,ジメックス・アヴィエーション,"[""XM""]","[""IMX""]","[""Q39""]","[""1969-01-01T00:00:00Z""]",[]
8073866,Q8073866,Zonalnoye Air Enterprise,,[],[],"[""Q159""]",[],[]
8074146,Q8074146,Zoom Airlines Limited,,"[""ZX""]","[""UKZ""]","[""Q145""]","[""2006-01-01T00:00:00Z""]","[""2008-08-01T00:00:00Z""]"
8075157,Q8075157,Zuliana de Aviación,,[],[],"[""Q717""]","[""1985-01-01T00:00:00Z""]","[""1997-01-01T00:00:00Z""]"
8083944,Q8083944,Țiriac Air,,[],"[""TIH""]","[""Q218""]","[""1997-01-01T00:00:00Z""]",[]
8190224,Q8190224,Aeral,,"[""HS""]",[],"[""Q38""]","[""1958-01-01T00:00:00Z""]","[""1980-01-01T00:00:00Z""]"
8192330,Q8192330,Air Guinea Cargo,,"[""LQ""]","[""GNC""]","[""Q983""]","[""2004-01-01T00:00:00Z""]","[""2005-01-01T00:00:00Z""]"
8252257,Q8252257,British Airways Ltd.,ブリティッシュ・エアウェイズ,[],[],"[""Q145""]","[""1935-01-01T00:00:00Z""]","[""1939-01-01T00:00:00Z""]"
8353311,Q8353311,DHL Ecuador,アエロ・エクスプレス・デル・エクアドル,"[""7T""]","[""RTM""]","[""Q736""]","[""1991-01-01T00:00:00Z""]",[]
9008933,Q9008933,Intercontinental de Aviación,,"[""RS""]","[""ICT""]","[""Q739""]","[""1960-10-16T00:00:00Z""]","[""2005-01-01T00:00:00Z""]"
9011716,Q9011716,Jetstream Express,,[],"[""JXT""]","[""Q145""]","[""2007-01-01T00:00:00Z""]","[""2007-01-01T00:00:00Z""]"
9018213,Q9018213,LAN Airlines,,"[""LA""]","[""LAN""]","[""Q298""]","[""1929-03-05T00:00:00Z""]","[""2016-05-05T00:00:00Z""]"
9027156,Q9027156,Mali Airways,,"[""Z8""]","[""MTZ""]","[""Q912""]",[],[]
9071571,Q9071571,Q9071571,,[],[],"[""Q912""]",[],[]
9077397,Q9077397,Silver Sky Airlines,,[],"[""SIK""]","[""Q414""]","[""2006-01-01T00:00:00Z""]","[""2008-01-01T00:00:00Z""]"
9078268,Q9078268,Sky Service Aviation,,[],"[""SKT""]","[""Q29""]","[""1992-01-01T00:00:00Z""]","[""2005-01-01T00:00:00Z""]"
9079609,Q9079609,APEX Airlines,,"[""SO""]",[],"[""Q836""]",[],[]
9081443,Q9081443,Tadair,,[],"[""TDC""]","[""Q29""]","[""1990-01-01T00:00:00Z""]","[""2003-01-01T00:00:00Z""]"
9089522,Q9089522,Q9089522,TAMU,[],[],"[""Q77""]","[""1959-01-01T00:00:00Z""]","[""2003-01-01T00:00:00Z""]"
9097413,Q9097413,Zagrosjet,ザグロスジェット,"[""Z4""]","[""GZQ""]","[""Q796""]","[""2005-01-01T00:00:00Z""]",[]
9137518,Q9137518,Q9137518,,"[""5N""]",[],[],"[""1991-01-01T00:00:00Z""]","[""2004-01-01T00:00:00Z""]"
9252182,Q9252182,El Al Cargo,,[],[],"[""Q801""]",[],[]
9289450,Q9289450,Hong Kong Airways,,[],[],[],"[""1947-01-01T00:00:00Z""]","[""1959-01-01T00:00:00Z""]"
9295998,Q9295998,Brava Linhas Aéreas,,"[""N7""]","[""NHG""]","[""Q155""]","[""2006-01-01T00:00:00Z""]","[""2013-01-01T00:00:00Z""]"
9361375,Q9361375,Travelspan,,[],[],"[""Q734""]",[],[]
10303086,Q10303086,Interbrasil STAR,,"[""Q9""]","[""ITB""]","[""Q155""]","[""1994-01-01T00:00:00Z""]","[""2001-01-01T00:00:00Z""]"
10304213,Q10304213,Itapemirim Transportes Aéreos,イタペミリン航空輸送,[],[],"[""Q155""]","[""1990-01-01T00:00:00Z""]","[""2000-01-01T00:00:00Z""]"
10318788,Q10318788,Líneas Aéreas Entre Ríos,,"[""2L""]",[],"[""Q414""]","[""1967-01-01T00:00:00Z""]","[""2002-04-19T00:00:00Z""]"
10322000,Q10322000,Líder Aviação,,[],[],"[""Q155""]","[""1958-11-12T00:00:00Z""]",[]
10348270,Q10348270,Pena Transportes Aéreos,,"[""5P""]","[""PEP""]","[""Q155""]","[""1995-01-01T00:00:00Z""]","[""2005-01-01T00:00:00Z""]"
10371329,Q10371329,Q10371329,,"[""0S""]","[""SID""]","[""Q155""]","[""2010-01-01T00:00:00Z""]",[]
10372584,Q10372584,SAVAG – Sociedade Anônima Viação Aérea Gaúcha,,[],[],"[""Q155""]","[""1946-01-01T00:00:00Z""]","[""1966-01-01T00:00:00Z""]"
10390006,Q10390006,Via Brasil Linhas Aéreas,,[],[],"[""Q155""]","[""1999-01-01T00:00:00Z""]","[""2002-01-01T00:00:00Z""]"
10403855,Q10403855,Air Centrafrique,,[],[],"[""Q929""]","[""1966-01-01T00:00:00Z""]",[]
10403860,Q10403860,Air Prishtina,,"[""OJ""]","[""JCS""]",[],"[""1981-01-01T00:00:00Z""]","[""2004-01-01T00:00:00Z""]"
10403861,Q10403861,Air Trader,,[],[],"[""Q34""]","[""1970-01-01T00:00:00Z""]","[""1973-03-09T00:00:00Z""]"
10411224,Q10411224,Bromma Business Jet,,[],[],"[""Q34""]",[],[]
10423564,Q10423564,Q10423564,,[],[],"[""Q34""]","[""1942-01-01T00:00:00Z""]",[]
10497040,Q10497040,Fly Logic,,[],[],"[""Q34""]","[""1997-01-01T00:00:00Z""]","[""2013-01-01T00:00:00Z""]"
10497041,Q10497041,Fly Excellent,,[],"[""FXL""]","[""Q34""]","[""2006-01-01T00:00:00Z""]","[""2009-04-14T00:00:00Z""]"
10539533,Q10539533,Q10539533,,[],[],"[""Q232""]","[""1998-01-01T00:00:00Z""]","[""2003-01-01T00:00:00Z""]"
10564476,Q10564476,Air Great Wall,長城航空 (寧波),[],[],"[""Q148""]","[""1992-01-01T00:00:00Z""]","[""2001-06-01T00:00:00Z""]"
10662378,Q10662378,ScanBee,,[],[],"[""Q34""]",[],[]
10679499,Q10679499,Sterling Airways,,[],[],"[""Q35""]","[""1962-01-01T00:00:00Z""]","[""1993-01-01T00:00:00Z""]"
10686497,Q10686497,Swedeways,,[],[],"[""Q34""]","[""2000-01-01T00:00:00Z""]","[""2001-01-01T00:00:00Z""]"
10731177,Q10731177,Q10731177,,[],[],"[""Q836""]",[],[]
10736908,Q10736908,BCWest Air,,[],[],"[""Q16""]","[""2007-01-01T00:00:00Z""]","[""2008-01-01T00:00:00Z""]"
10787361,Q10787361,Lynden Air Cargo,リンデン・エアカーゴ,"[""L2""]","[""LYC""]","[""Q30""]","[""1995-01-01T00:00:00Z""]",[]
10787367,Q10787367,Lynx Air International,,[],"[""LXF""]","[""Q30""]","[""1989-01-01T00:00:00Z""]",[]
10831754,Q10831754,Vietnam Helicopter Corporation,,[],[],"[""Q881""]",[],[]
10832600,Q10832600,Vietstar Airlines,,[],[],"[""Q881""]",[],[]
10854887,Q10854887,US Airways Shuttle,USエアウェイズ・シャトル,"[""US""]","[""AWE""]","[""Q30""]",[],"[""2015-10-17T00:00:00Z""]"
10863656,Q10863656,Zip,ジップ,"[""3J""]","[""WZP""]","[""Q16""]","[""2002-01-01T00:00:00Z""]","[""2004-09-01T00:00:00Z""]"
10926935,Q10926935,Cathay Pacific Cargo,キャセイパシフィックカーゴ,[],[],[],[],[]
10955026,Q10955026,Soder Airlines,,"[""OY""]","[""SDE""]","[""Q33""]","[""2003-01-01T00:00:00Z""]","[""2005-01-01T00:00:00Z""]"
11046738,Q11046738,Ministry of Environment and Forestry,環境林業省,[],[],"[""Q252""]","[""2014-01-01T00:00:00Z""]","[""2024-10-21T00:00:00Z""]"
11120856,Q11120856,Luxor Air,,[],"[""LXO""]","[""Q79""]",[],[]
11133523,Q11133523,Shantou Airlines,汕頭航空,[],[],"[""Q148""]",[],[]
11155860,Q11155860,Mid-Sea Express,,[],[],"[""Q928""]","[""2008-01-01T00:00:00Z""]",[]
11178935,Q11178935,Czechoslovak Airlines,,[],[],[],[],[]
11217915,Q11217915,MAYAir,マヤ・エア,"[""5G""]","[""MYI""]","[""Q96""]","[""1994-01-01T00:00:00Z""]",[]
11235610,Q11235610,Toho Air Service,東邦航空,[],[],"[""Q17""]","[""1960-07-07T00:00:00Z""]",[]
11259526,Q11259526,Mekong Airlines,,"[""M8""]","[""MKN""]","[""Q424""]","[""2002-01-01T00:00:00Z""]","[""2003-01-01T00:00:00Z""]"
11277663,Q11277663,Tasman Cargo Airlines,タスマン貨物航空,"[""HJ""]","[""TMN""]","[""Q408""]","[""1995-01-01T00:00:00Z""]",[]
11280963,Q11280963,First Flying,第一航空,[],"[""DAK""]","[""Q17""]","[""1966-06-14T00:00:00Z""]",[]
11282199,Q11282199,Q11282199,アイスランド航空 (2代),[],[],[],"[""1928-05-01T00:00:00Z""]",[]
11282203,Q11282203,Flugfélag Íslands,アイスランド航空 (初代),[],[],"[""Q62567""]","[""1919-01-01T00:00:00Z""]",[]
11289522,Q11289522,Air Incheon,エア・インチョン,"[""KJ""]","[""AIH""]","[""Q884""]","[""2012-01-01T00:00:00Z""]",[]
11293683,Q11293683,All Nippon Helicopter,オールニッポンヘリコプター,[],[],"[""Q17""]","[""1986-02-06T00:00:00Z""]",[]
11304008,Q11304008,Saicus Air,サイカス・エア,[],"[""FYA""]","[""Q29""]","[""2008-01-01T00:00:00Z""]","[""2010-01-01T00:00:00Z""]"
11314795,Q11314795,Central Helicopter Service,セントラルヘリコプターサービス,[],[],"[""Q17""]","[""1967-03-10T00:00:00Z""]",[]
11401866,Q11401866,North Japan Airlines,北日本航空,[],[],"[""Q17""]","[""1953-06-30T00:00:00Z""]","[""1964-04-15T00:00:00Z""]"
11403039,Q11403039,Hokkaido Aviation,北海道航空,[],[],"[""Q17""]","[""1966-05-30T00:00:00Z""]",[]
11422582,Q11422582,Q11422582,国際航空,[],[],"[""Q30623""]","[""1937-05-20T00:00:00Z""]","[""1938-12-01T00:00:00Z""]"
11429585,Q11429585,Q11429585,壱岐国際航空,[],"[""IKI""]","[""Q17""]","[""1999-01-01T00:00:00Z""]",[]
11456134,Q11456134,Fuji Air Lines,富士航空,[],[],"[""Q17""]","[""1952-09-13T00:00:00Z""]","[""1964-04-15T00:00:00Z""]"
11502399,Q11502399,New Japan Aviation,新日本航空,[],"[""NJA""]","[""Q17""]","[""1969-07-01T00:00:00Z""]",[]
11509001,Q11509001,Japan Airlines Transportation Institute,日本航空輸送研究所,[],[],"[""Q17""]","[""1922-06-04T00:00:00Z""]","[""1939-10-31T00:00:00Z""]"
11509520,Q11509520,Nitto Aviation,日東航空,[],[],"[""Q17""]","[""1952-04-02T00:00:00Z""]","[""1964-04-15T00:00:00Z""]"
11513792,Q11513792,Spring Airlines Japan,スプリング・ジャパン,"[""IJ""]","[""SJO""]","[""Q17""]","[""2012-10-01T00:00:00Z""]",[]
11517596,Q11517596,Aero Toyota,エアロトヨタ,[],[],"[""Q17""]","[""1955-01-01T00:00:00Z""]",[]
11526113,Q11526113,Tohoku Air Service,東北エアサービス,[],[],"[""Q17""]","[""1991-03-12T00:00:00Z""]",[]
11542957,Q11542957,Q11542957,横浜国際航空,[],[],"[""Q17""]","[""1997-01-01T00:00:00Z""]",[]
11543252,Q11543252,Yokohama Koku,横浜航空,[],[],"[""Q17""]","[""1969-01-01T00:00:00Z""]","[""1974-01-01T00:00:00Z""]"
11628409,Q11628409,Nishi Nippon Airlines,西日本空輸,[],"[""NSK""]","[""Q17""]","[""1953-12-03T00:00:00Z""]",[]
11656796,Q11656796,Hankyu Airlines,阪急航空,[],[],"[""Q17""]","[""1960-11-01T00:00:00Z""]","[""2009-05-31T00:00:00Z""]"
11681251,Q11681251,EasySky,イージースカイ航空,[],"[""EKY""]","[""Q783""]","[""2011-01-01T00:00:00Z""]",[]
11681879,Q11681879,FlySur,,[],[],"[""Q29""]","[""2008-01-01T00:00:00Z""]","[""2008-01-01T00:00:00Z""]"
11690235,Q11690235,Magenta Air,,"[""I2""]",[],"[""Q298""]","[""2002-01-01T00:00:00Z""]","[""2005-01-01T00:00:00Z""]"
11737596,Q11737596,Kaz Air Trans,,[],"[""KUY""]","[""Q232""]","[""2012-01-01T00:00:00Z""]",[]
11850211,Q11850211,Airlink,,[],[],"[""Q33""]","[""2011-01-01T00:00:00Z""]",[]
11859637,Q11859637,Finnair Cargo,,[],[],"[""Q33""]",[],[]
11868841,Q11868841,Kabul Air,,[],"[""KBL""]","[""Q889""]","[""2006-01-01T00:00:00Z""]","[""2008-01-01T00:00:00Z""]"
11904520,Q11904520,Air Catalunya,,[],[],"[""Q29""]","[""2001-01-01T00:00:00Z""]","[""2003-01-01T00:00:00Z""]"
11964999,Q11964999,Deccan Airways Limited,,[],[],"[""Q129286"",""Q668""]","[""1945-09-01T00:00:00Z""]","[""1953-01-01T00:00:00Z""]"
12009510,Q12009510,West Norway Airlines,,[],[],"[""Q20""]","[""1946-01-01T00:00:00Z""]","[""1957-01-01T00:00:00Z""]"
12057350,Q12057350,Eurex Airlines,,[],"[""URX""]","[""Q43""]","[""2009-01-01T00:00:00Z""]","[""2011-01-01T00:00:00Z""]"
12060534,Q12060534,Horizon Airlines,,"[""BN""]","[""HZA""]","[""Q408""]",[],"[""2004-03-01T00:00:00Z""]"
12061886,Q12061886,Misr Overseas Airways,,"[""MO""]","[""MOS""]","[""Q79""]","[""1981-01-01T00:00:00Z""]","[""1989-01-01T00:00:00Z""]"
12062042,Q12062042,Morris Air,,"[""KN""]","[""MSS""]","[""Q30""]","[""1984-01-01T00:00:00Z""]","[""1994-10-01T00:00:00Z""]"
12064437,Q12064437,Northeast Airlines,,"[""NS""]","[""NS""]","[""Q145""]","[""1970-11-01T00:00:00Z""]","[""1976-03-31T00:00:00Z""]"
12065604,Q12065604,PEOPLExpress,,[],[],"[""Q30""]","[""2012-01-01T00:00:00Z""]","[""2014-09-26T00:00:00Z""]"
12067588,Q12067588,Rossair,,[],"[""RFS""]","[""Q408""]","[""1963-01-01T00:00:00Z""]",[]
12071416,Q12071416,Smartwings Poland,スマートウィングス・ポーランド,"[""3Z""]","[""TVP""]","[""Q36""]","[""2012-01-01T00:00:00Z""]",[]
12072764,Q12072764,WestJet Encore,ウエストジェット・エンコア,"[""WR""]","[""WEN""]","[""Q16""]","[""2012-01-01T00:00:00Z""]",[]
12125952,Q12125952,Asia Atlantic Airlines,アジア・アトランティック・エアライン,"[""HB""]","[""AAQ""]","[""Q869""]","[""2012-01-01T00:00:00Z""]",[]
12182498,Q12182498,Melilla Airlines,,"[""LY""]","[""LLY""]","[""Q29""]","[""2013-04-16T00:00:00Z""]","[""2015-01-01T00:00:00Z""]"
12194907,Q12194907,Q12194907,,[],[],"[""Q796""]",[],[]
12310993,Q12310993,Falck Air,,[],[],"[""Q35""]","[""1947-01-01T00:00:00Z""]","[""1998-01-01T00:00:00Z""]"
12311693,Q12311693,Flying Enterprise,,[],[],"[""Q35""]","[""1959-01-01T00:00:00Z""]","[""1965-01-01T00:00:00Z""]"
12371931,Q12371931,Panaviatic,,[],"[""VPC""]","[""Q191""]","[""2009-01-01T00:00:00Z""]",[]
12428657,Q12428657,Jat Airways,Jat航空,"[""JU""]","[""JAT""]","[""Q403""]","[""1927-06-17T00:00:00Z""]","[""2013-10-26T00:00:00Z""]"
12478232,Q12478232,Canadian Metro Airlines,,[],[],"[""Q16""]",[],[]
12486406,Q12486406,Impro Airways,,[],[],"[""Q837""]",[],[]
12486605,Q12486605,Inland Pacific Air,,[],[],"[""Q408""]",[],[]
12495303,Q12495303,Lorena Airlines,,[],[],"[""Q252""]",[],[]
12501056,Q12501056,Nusantara Air Charter,ヌサンタラ・エア・チャーター,[],[],"[""Q252""]",[],[]
12505942,Q12505942,Point Air,,[],[],"[""Q142""]","[""1980-01-01T00:00:00Z""]","[""1988-01-01T00:00:00Z""]"
12511859,Q12511859,Samoa Air,サモア・エア,[],"[""SZB""]","[""Q683""]","[""2012-01-01T00:00:00Z""]","[""2015-01-01T00:00:00Z""]"
12525465,Q12525465,Zircon Airways Benin,,"[""Z4""]","[""BZW""]","[""Q962""]","[""2001-01-01T00:00:00Z""]","[""2002-01-01T00:00:00Z""]"
12625473,Q12625473,Hongik Air Service,弘益航空,[],[],"[""Q884""]",[],[]
12666841,Q12666841,Former Gliding School in Nida,,[],[],"[""Q37""]",[],[]
12684221,Q12684221,Borneo Airways,,"[""AB""]",[],"[""Q833""]",[],"[""1965-01-01T00:00:00Z""]"
12857077,Q12857077,Sun Air,サン航空 (スーダン),"[""SO""]","[""SNR""]","[""Q1049""]",[],[]
13126523,Q13126523,Cambrian Airways,,"[""CS""]","[""CAS""]","[""Q145""]","[""1935-01-01T00:00:00Z""]","[""1976-01-01T00:00:00Z""]"
13218993,Q13218993,Air Lituanica,エア・リトゥアニカ,"[""LT""]","[""LTU""]","[""Q37""]","[""2013-01-01T00:00:00Z""]","[""2015-01-01T00:00:00Z""]"
13403867,Q13403867,Air Luxor,エア・ルクソール,"[""LK""]","[""LXR""]","[""Q45""]","[""1988-01-01T00:00:00Z""]","[""2006-01-01T00:00:00Z""]"
13413203,Q13413203,Air Odisha,エア・オリッサ,[],[],"[""Q668""]",[],[]
13418307,Q13418307,Ravn Alaska,イラ・アラスカ,"[""7H""]","[""RVF""]","[""Q30""]","[""2010-01-01T00:00:00Z""]","[""2025-08-05T00:00:00Z""]"
13427617,Q13427617,Q13427617,,[],"[""AOO""]","[""Q212""]","[""1997-01-01T00:00:00Z""]","[""2007-01-01T00:00:00Z""]"
13428463,Q13428463,Q13428463,,[],[],[],[],[]
13428464,Q13428464,Q13428464,,[],[],"[""Q252""]",[],[]
13428478,Q13428478,Q13428478,,"[""ML""]",[],[],[],[]
13428842,Q13428842,Air Boyoma,,[],[],"[""Q974""]","[""2001-01-01T00:00:00Z""]",[]
13476276,Q13476276,Kerala Seaplane,,[],[],"[""Q668""]","[""2013-01-01T00:00:00Z""]",[]
13638613,Q13638613,Q13638613,,[],[],"[""Q983""]",[],[]
13641170,Q13641170,Q13641170,,[],[],"[""Q983""]",[],[]
13654167,Q13654167,Nouvelle Air Ivoire,,[],[],[],"[""1999-01-01T00:00:00Z""]",[]
13672744,Q13672744,Go2Sky,,"[""6G""]","[""RLX""]","[""Q214""]","[""2013-01-01T00:00:00Z""]",[]
13676919,Q13676919,City Airways,シティ・エアウェイズ,"[""E8""]","[""GTA""]","[""Q869""]","[""2011-01-01T00:00:00Z""]","[""2016-02-13T00:00:00Z""]"
13766464,Q13766464,Q13766464,,[],[],"[""Q55""]",[],[]
13780757,Q13780757,Q13780757,,[],[],"[""Q28""]",[],[]
13993839,Q13993839,Sólyom Hungarian Airways,,[],"[""HUN""]","[""Q28""]","[""2013-01-01T00:00:00Z""]",[]
14064646,Q14064646,Link Airs,リンク,[],[],"[""Q17""]","[""2012-01-01T00:00:00Z""]","[""2014-01-01T00:00:00Z""]"
14254215,Q14254215,Q14254215,,"[""RL""]",[],"[""Q159""]",[],[]
14293381,Q14293381,Q14293381,,[],[],"[""Q159""]",[],[]
14475298,Q14475298,Royal Daisy Airlines,ロイヤル・デイジー航空,"[""6D""]","[""KDR""]","[""Q1036""]","[""2005-01-01T00:00:00Z""]",[]
14549136,Q14549136,Q14549136,ザグロス航空,"[""ZO""]","[""IZG""]","[""Q794""]","[""2005-01-01T00:00:00Z""]",[]
14628798,Q14628798,KAS Air Company,,"[""KW""]","[""KSD""]","[""Q813""]",[],[]
14628799,Q14628799,North Sea Airways,,[],[],[],[],[]
14628803,Q14628803,Pro Air,,[],"[""PRH""]","[""Q30""]","[""1997-01-01T00:00:00Z""]","[""2000-01-01T00:00:00Z""]"
14628804,Q14628804,IBC Airways,IBCエアウェイズ,"[""II""]","[""CSQ""]","[""Q30""]","[""1991-01-01T00:00:00Z""]",[]
14628805,Q14628805,San Juan Airlines,,[],"[""MRR""]","[""Q30""]","[""1950-01-01T00:00:00Z""]",[]
14628806,Q14628806,Indigo Airlines,,[],[],"[""Q30""]","[""1997-01-01T00:00:00Z""]","[""2003-01-01T00:00:00Z""]"
14628809,Q14628809,Midstate Airlines,,"[""IU""]","[""MIS""]","[""Q30""]","[""1964-01-01T00:00:00Z""]","[""1989-01-01T00:00:00Z""]"
14628810,Q14628810,SkyValue,,"[""XP""]","[""CXP""]","[""Q30""]","[""2006-01-01T00:00:00Z""]","[""2007-05-06T00:00:00Z""]"
14628812,Q14628812,Pacific Air Express,パシフィック・エア・エクスプレス,"[""PE""]","[""PAQ""]","[""Q685""]","[""1993-01-01T00:00:00Z""]","[""2021-04-30T00:00:00Z""]"
14628813,Q14628813,Western,,"[""XP""]","[""CXP""]","[""Q30""]","[""2006-01-01T00:00:00Z""]","[""2007-02-07T00:00:00Z""]"
14628814,Q14628814,Island Air Charters,,[],[],"[""Q664""]","[""2003-01-01T00:00:00Z""]",[]
14628815,Q14628815,Island Airways,,[],[],"[""Q30""]",[],[]
14628818,Q14628818,Lone Star Airlines,ローンスター・エアラインズ,"[""AD""]","[""LSS""]","[""Q30""]","[""1984-01-01T00:00:00Z""]","[""1998-01-01T00:00:00Z""]"
14628819,Q14628819,MAXavia,,[],[],"[""Q813""]","[""2006-01-01T00:00:00Z""]",[]
14628820,Q14628820,Hong Kong Air International Ltd,,"[""HI""]",[],[],[],[]
14628821,Q14628821,Sunways,,"[""IS""]","[""SWY""]","[""Q43""]","[""1995-01-01T00:00:00Z""]","[""1997-10-01T00:00:00Z""]"
14628822,Q14628822,Mega Aircompany,,[],"[""MGK""]","[""Q232""]",[],[]
14628823,Q14628823,Sunworld International Airways,,"[""JK""]","[""SWI""]","[""Q30""]","[""1981-01-01T00:00:00Z""]","[""1988-01-01T00:00:00Z""]"
14628824,Q14628824,InterJet,,[],"[""INJ""]","[""Q41""]","[""1992-01-01T00:00:00Z""]","[""2011-01-01T00:00:00Z""]"
14628825,Q14628825,Wings West Airlines,,"[""EM""]","[""WWM""]","[""Q30""]","[""1975-01-01T00:00:00Z""]","[""1998-01-01T00:00:00Z""]"
14628826,Q14628826,SAN Ecuador,,"[""WB""]","[""SAN""]","[""Q736""]","[""1964-01-01T00:00:00Z""]","[""1999-01-01T00:00:00Z""]"
14628827,Q14628827,Jet-2000,,[],"[""JTT""]","[""Q159""]","[""1999-01-01T00:00:00Z""]",[]
14628828,Q14628828,Intra Airways,,"[""JY""]",[],"[""Q145""]","[""1969-01-01T00:00:00Z""]","[""1979-01-01T00:00:00Z""]"
14628830,Q14628830,Puntavia,,[],"[""PTV""]","[""Q977""]","[""1991-01-01T00:00:00Z""]","[""1996-01-01T00:00:00Z""]"
14628833,Q14628833,Global Aviation and Services Group,,"[""5S""]","[""GAK""]","[""Q1016""]","[""2015-01-01T00:00:00Z""]",[]
14628835,Q14628835,Northcoast Executive Airlines,,"[""5N""]","[""NCE""]","[""Q30""]","[""1990-01-01T00:00:00Z""]",[]
14628839,Q14628839,Servicios Aereos Rutas Oriente,,"[""UF""]","[""SRO""]","[""Q96""]","[""1991-01-01T00:00:00Z""]","[""1994-01-01T00:00:00Z""]"
14628840,Q14628840,Skyways Coach-Air Limited,,"[""SX""]",[],"[""Q145""]","[""1955-01-01T00:00:00Z""]","[""1971-01-01T00:00:00Z""]"
14628841,Q14628841,Streamline Air,,[],"[""SRY""]","[""Q30""]",[],"[""2012-09-15T00:00:00Z""]"
14628842,Q14628842,Hinterland Aviation,ヒンターランド航空,"[""OI""]","[""HND""]","[""Q408""]","[""1984-01-01T00:00:00Z""]",[]
14628843,Q14628843,Trinidad and Tobago Air Services,,"[""HU""]",[],"[""Q754""]","[""1974-01-01T00:00:00Z""]","[""1980-01-01T00:00:00Z""]"
14628845,Q14628845,Yanda Airlines,,"[""YE""]",[],"[""Q408""]",[],[]
14628846,Q14628846,Adygea Airlines,,[],"[""MKP""]","[""Q159""]","[""1997-01-01T00:00:00Z""]",[]
14628847,Q14628847,Transair-Gyraintiee,,[],"[""KTS""]","[""Q159""]","[""1996-01-01T00:00:00Z""]","[""2010-01-01T00:00:00Z""]"
14628848,Q14628848,Skol Airlines,,[],"[""CDV""]","[""Q159""]","[""2000-01-01T00:00:00Z""]","[""2022-01-01T00:00:00Z""]"
14628850,Q14628850,Elbee Airlines,,[],[],"[""Q668""]","[""1994-01-01T00:00:00Z""]",[]
14628851,Q14628851,Zhezkazgan Air,,[],"[""KZH""]","[""Q232""]",[],[]
14628852,Q14628852,Iloilo-Negros Air Express,,[],[],"[""Q928""]","[""1932-01-01T00:00:00Z""]",[]
14628853,Q14628853,Aruba Airlines,アルバ・エアラインズ,"[""AG""]","[""ARU""]","[""Q21203""]","[""2010-01-01T00:00:00Z""]",[]
14628854,Q14628854,Maastricht Airlines,マーストリヒト航空,"[""W2""]",[],[],[],"[""2013-01-01T00:00:00Z""]"
14628855,Q14628855,DEA Aviation Limited,,[],"[""WKT""]","[""Q145""]",[],[]
14628857,Q14628857,Aviatrans Kiev,アヴィアトランス・キエフ,"[""KI""]","[""KCA""]","[""Q212""]","[""2009-01-01T00:00:00Z""]",[]
14628859,Q14628859,JetSuite,,[],"[""RSP""]","[""Q30""]",[],[]
14628860,Q14628860,Cherry Red Airline,,[],[],"[""Q16""]",[],"[""1932-01-01T00:00:00Z""]"
14628863,Q14628863,SriLankan AirTaxi,スリランカ・エアタクシー,"[""U9""]",[],"[""Q854""]",[],"[""2013-01-01T00:00:00Z""]"
14628864,Q14628864,NEPC Airlines,,"[""NP""]","[""NEP""]","[""Q668""]","[""1993-01-01T00:00:00Z""]","[""1997-01-01T00:00:00Z""]"
14628866,Q14628866,Austrian myHoliday,,[],[],[],[],[]
14628867,Q14628867,Air Tanzania Corporation,,"[""TC""]","[""ATC""]","[""Q924""]",[],[]
14628868,Q14628868,Jamair,,[],[],"[""Q668""]","[""1946-01-01T00:00:00Z""]","[""1977-01-01T00:00:00Z""]"
14628869,Q14628869,South African Red Cross Air Mercy Service,,[],"[""AMD""]","[""Q258""]",[],[]
14628871,Q14628871,PANH,,"[""PA""]","[""PAN""]","[""Q159""]","[""1993-01-01T00:00:00Z""]",[]
14628872,Q14628872,Odyssey Airlines,,[],[],"[""Q145""]","[""2010-01-01T00:00:00Z""]",[]
14628873,Q14628873,Atlantic Star Airlines,,[],[],"[""Q145""]","[""2012-01-01T00:00:00Z""]",[]
14628874,Q14628874,Southern Airways Express,サザン・エアウェイズ・エクスプレス,"[""9X""]","[""LTD""]","[""Q30""]","[""2013-01-01T00:00:00Z""]",[]
14628875,Q14628875,Punto Azul,プント・アズール,"[""ZR""]","[""PUN""]","[""Q983""]","[""2010-01-01T00:00:00Z""]",[]
14628876,Q14628876,Macau Air Transport Company,,[],[],[],"[""1948-01-01T00:00:00Z""]","[""1961-01-01T00:00:00Z""]"
14628877,Q14628877,Hi Fly Malta,ハイフライ・マルタ,"[""5M""]","[""HFM""]","[""Q233""]","[""2013-01-01T00:00:00Z""]",[]
14628879,Q14628879,Malawi Airlines,マラウイアン航空,"[""3W""]","[""MWI""]","[""Q1020""]","[""2013-01-01T00:00:00Z""]",[]
14628880,Q14628880,Canaryfly,カナリーフライ,"[""PM""]","[""CNF""]","[""Q29""]","[""2008-01-01T00:00:00Z""]",[]
14628881,Q14628881,Rediske Air,,[],[],"[""Q30""]","[""1991-01-01T00:00:00Z""]","[""2017-01-01T00:00:00Z""]"
14628882,Q14628882,United Libya Airlines,,[],[],"[""Q1016""]","[""1962-01-01T00:00:00Z""]",[]
14628884,Q14628884,Eastafrican.com,フライサックス,[],[],"[""Q114""]","[""2012-01-01T00:00:00Z""]",[]
14628885,Q14628885,Trans Arabia Airways,,[],[],"[""Q817""]","[""1959-01-01T00:00:00Z""]",[]
14628886,Q14628886,Karinou Airlines,,"[""U5""]","[""KRN""]","[""Q929""]","[""2012-01-01T00:00:00Z""]",[]
14628887,Q14628887,Northern Air,,[],[],"[""Q16""]",[],[]
14906128,Q14906128,KLM Asia,,"[""KL""]","[""KLM""]","[""Q29999"",""Q865""]","[""1995-01-01T00:00:00Z""]",[]
14906613,Q14906613,Q14906613,,[],[],[],[],[]
14912357,Q14912357,Transwede Airways,,"[""5T""]","[""TWE""]","[""Q34""]","[""2005-01-01T00:00:00Z""]","[""2010-03-31T00:00:00Z""]"
14924297,Q14924297,Línea Aérea Cuencana,,"[""L5""]","[""LAC""]","[""Q736""]","[""2012-01-01T00:00:00Z""]",[]
15030106,Q15030106,Yanair,ヤン航空,"[""YE""]","[""ANR""]","[""Q212""]","[""2012-01-01T00:00:00Z""]",[]
15043635,Q15043635,Wat Phnom Airlines,,"[""WD""]",[],"[""Q424""]","[""2013-01-01T00:00:00Z""]","[""2014-01-01T00:00:00Z""]"
15043926,Q15043926,Thai Lion Air,タイ・ライオン・エア,"[""SL""]","[""TLM""]","[""Q869""]","[""2013-01-01T00:00:00Z""]",[]
15088238,Q15088238,Helog,,[],[],[],[],[]
15098438,Q15098438,Ticos Air,,[],[],"[""Q800""]","[""2012-01-01T00:00:00Z""]",[]
15136085,Q15136085,NAB – Navegação Aérea Brasileira,,[],[],"[""Q155""]","[""1940-01-01T00:00:00Z""]","[""1961-01-01T00:00:00Z""]"
15139453,Q15139453,Norwegian Long Haul,ノルウェージャン・ロング・ホウル,"[""DU""]","[""NLH""]","[""Q20""]","[""2012-01-01T00:00:00Z""]","[""2021-01-14T00:00:00Z""]"
15149613,Q15149613,Vanilla Air,バニラ・エア,"[""JW""]","[""VNL""]","[""Q17""]","[""2013-01-01T00:00:00Z""]",[]
15222475,Q15222475,Aurora,オーロラ,"[""HZ""]","[""SHU""]","[""Q159""]","[""2013-01-01T00:00:00Z""]",[]
15222783,Q15222783,Alsie Express,アルジー・エクスプレス,"[""6I""]","[""MMD""]","[""Q35""]","[""2013-05-22T00:00:00Z""]",[]
15279566,Q15279566,Amazon Prime Air,Amazon Prime Air,[],[],[],"[""2014-01-01T00:00:00Z""]",[]
15307945,Q15307945,Ewa Air,エワエアー,"[""ZD""]","[""EWR""]","[""Q142""]","[""2013-01-01T00:00:00Z""]",[]
15379229,Q15379229,Griffing Flying Service,,[],[],"[""Q30""]",[],[]
15407859,Q15407859,Evelop Airlines,,"[""E9""]","[""EVE""]","[""Q29""]","[""2013-01-01T00:00:00Z""]",[]
15525949,Q15525949,MHS Aviation,,"[""M2""]","[""MHV""]","[""Q183""]","[""1977-01-01T00:00:00Z""]",[]
15613664,Q15613664,Q15613664,,"[""YZ""]","[""ALY""]","[""Q77""]","[""2013-01-01T00:00:00Z""]","[""2016-10-25T00:00:00Z""]"
15614811,Q15614811,Up,Up (航空会社),"[""LY""]","[""ELY""]","[""Q801""]","[""2013-01-01T00:00:00Z""]","[""2018-01-01T00:00:00Z""]"
15628583,Q15628583,ACA Private Shuttle,,[],[],"[""Q30""]",[],[]
15632040,Q15632040,One Airlines,,[],"[""ONS""]","[""Q298""]","[""2013-01-01T00:00:00Z""]",[]
15635021,Q15635021,Ruby Star,ルビースター航空,[],"[""RSB""]","[""Q184""]","[""2002-08-23T00:00:00Z""]",[]
15635079,Q15635079,Acvila Air,,"[""WZ""]","[""RRM""]","[""Q218""]","[""1993-01-01T00:00:00Z""]","[""2006-04-30T00:00:00Z""]"
15637565,Q15637565,Small Planet Airlines s.r.l.,スモールプラネット航空 (イタリア),"[""P2""]","[""LLI""]","[""Q38""]","[""2010-02-17T00:00:00Z""]","[""2014-01-17T00:00:00Z""]"
15640535,Q15640535,EcoJet,エコジェット (航空会社),"[""8J""]","[""ECO""]","[""Q750""]","[""2013-01-01T00:00:00Z""]",[]
15642610,Q15642610,V Air,V air,"[""ZV""]","[""VAX""]","[""Q865""]","[""2014-01-01T00:00:00Z""]",[]
15670994,Q15670994,American Eagle,アメリカン・イーグル,[],[],"[""Q30""]","[""1984-01-01T00:00:00Z""]",[]
15674354,Q15674354,Silver Cloud Air,,[],"[""SCR""]","[""Q183""]","[""1982-01-01T00:00:00Z""]",[]
15708065,Q15708065,Wucher Helicopter,,[],[],"[""Q40""]","[""1975-01-01T00:00:00Z""]",[]
15708319,Q15708319,Transporte Aéreo Rioplatense,,[],[],"[""Q414""]","[""1969-01-01T00:00:00Z""]","[""1989-01-01T00:00:00Z""]"
15731846,Q15731846,Air Costa,エア・コスタ,"[""LB""]","[""LBR""]","[""Q668""]","[""2013-01-01T00:00:00Z""]","[""2017-02-28T00:00:00Z""]"
15733359,Q15733359,Global Airlift,,[],[],"[""Q114""]",[],[]
15733388,Q15733388,VIP Ecuador,,"[""V6""]","[""VUR""]","[""Q736""]","[""1997-01-01T00:00:00Z""]","[""2012-01-01T00:00:00Z""]"
15781907,Q15781907,Air Alliance Express,,[],"[""AYY""]","[""Q183""]",[],[]
15785110,Q15785110,Badische Luftverkehrs-GmbH,,[],[],"[""Q183""]","[""1919-01-01T00:00:00Z""]","[""1921-01-01T00:00:00Z""]"
15803926,Q15803926,Q15803926,,[],[],"[""Q717""]",[],[]
15836665,Q15836665,New Gen Airways,ニュージェン・エアウェイズ,"[""E3""]","[""VGO""]","[""Q869""]","[""2003-01-01T00:00:00Z""]",[]
15840489,Q15840489,Piedmont Airlines,ピードモント航空,"[""US""]","[""PDT""]","[""Q30""]","[""1948-01-01T00:00:00Z""]","[""1989-08-05T00:00:00Z""]"
15850426,Q15850426,TezJet Airlines,タズジェット・エア,[],[],"[""Q813""]","[""2013-01-01T00:00:00Z""]",[]
15855317,Q15855317,Young Cargo,,[],[],"[""Q31""]","[""1974-01-01T00:00:00Z""]","[""1979-07-24T00:00:00Z""]"
15856572,Q15856572,Air Go Airlines (Egypt),,[],"[""AGY""]","[""Q79""]","[""2013-01-01T00:00:00Z""]",[]
15867738,Q15867738,Q15867738,,[],[],"[""Q232""]",[],[]
15889738,Q15889738,Ellinair,エリン航空,"[""EL""]","[""ELB""]","[""Q41""]","[""2013-01-01T00:00:00Z""]",[]
15902135,Q15902135,Maui Air,,[],[],"[""Q30""]","[""1993-06-01T00:00:00Z""]",[]
15921680,Q15921680,West Indian Aerial Express,,[],[],[],[],[]
15925865,Q15925865,Central Air Transport,中央航空運輸公司,[],[],"[""Q13426199"",""Q148""]","[""1931-02-01T00:00:00Z""]","[""1952-07-17T00:00:00Z""]"
15925905,Q15925905,Sunrise Airlines,,[],[],[],[],[]
15927588,Q15927588,Ruili Airlines,瑞麗航空,"[""DR""]","[""RLH""]","[""Q148""]","[""2014-01-01T00:00:00Z""]",[]
15934726,Q15934726,Rhein-Neckar Air,,"[""M2""]",[],"[""Q183""]","[""2013-01-01T00:00:00Z""]",[]
15942879,Q15942879,Qingdao Airlines,青島航空,"[""QW""]","[""QDA""]","[""Q148""]","[""2013-01-01T00:00:00Z""]",[]
15943231,Q15943231,Q15943231,,[],[],[],[],[]
15966665,Q15966665,Ten Airways,,"[""X5""]","[""OTJ""]","[""Q218""]","[""2009-01-01T00:00:00Z""]",[]
15984817,Q15984817,NAM Air,ナム・エア,"[""IN""]","[""NIH""]","[""Q252""]","[""2013-01-01T00:00:00Z""]",[]
16045991,Q16045991,Q16045991,マラジ・エアウェイズ,"[""IJ""]","[""MRJ""]","[""Q794""]","[""2010-01-01T00:00:00Z""]",[]
16054239,Q16054239,Air Andorra,,[],[],"[""Q29""]","[""2013-01-01T00:00:00Z""]",[]
16054240,Q16054240,Air Annobón,エア・アンノボン,[],[],"[""Q983""]","[""2012-01-01T00:00:00Z""]",[]
16127507,Q16127507,Saudigulf,サウディガルフ・エアラインズ,"[""6S""]","[""SGQ""]","[""Q851""]","[""2013-01-01T00:00:00Z""]",[]
16127512,Q16127512,Al Maha Airways,,"[""QR""]","[""QTR""]","[""Q851""]","[""2014-01-01T00:00:00Z""]","[""2017-02-01T00:00:00Z""]"
16142056,Q16142056,Q16142056,,[],[],"[""Q155""]","[""1995-01-01T00:00:00Z""]",[]
16142066,Q16142066,Aerovias Minas Gerais,,[],[],"[""Q155""]","[""1944-01-01T00:00:00Z""]","[""1949-01-01T00:00:00Z""]"
16158515,Q16158515,Airways International,,"[""HO""]","[""AWB""]","[""Q30""]","[""1979-01-01T00:00:00Z""]","[""1999-01-01T00:00:00Z""]"
16207770,Q16207770,Air Arabia Jordan,,"[""9P""]","[""PTR""]","[""Q810""]","[""2010-01-01T00:00:00Z""]","[""2018-04-01T00:00:00Z""]"
16207777,Q16207777,Air Atlas,,[],[],"[""Q1028""]",[],[]
16207796,Q16207796,Air Tchad,,"[""HT""]","[""HTT""]","[""Q657""]","[""1966-01-01T00:00:00Z""]","[""2014-01-01T00:00:00Z""]"
16243316,Q16243316,AvWest,AVウェスト,[],[],"[""Q408""]",[],[]
16245553,Q16245553,Air Born Indonesia,,[],[],"[""Q252""]","[""2010-01-01T00:00:00Z""]",[]
16245939,Q16245939,AV Cargo,,"[""Z3""]","[""SMJ""]","[""Q954""]","[""2013-01-01T00:00:00Z""]","[""2014-01-01T00:00:00Z""]"
16250320,Q16250320,Líneas Aéreas de Guinea Ecuatorial,,[],[],"[""Q983""]","[""1970-01-01T00:00:00Z""]","[""1979-01-01T00:00:00Z""]"
16251877,Q16251877,Gilpin Airlines,,[],[],"[""Q30""]","[""1932-01-01T00:00:00Z""]",[]
16257006,Q16257006,Agence et Messageries Aérienne du Zaïre,,[],[],[],[],[]
16303234,Q16303234,Aerolíneas Estelar,,"[""ES""]",[],"[""Q717""]","[""2008-01-01T00:00:00Z""]",[]
16303572,Q16303572,Air Lib,,"[""IW""]",[],"[""Q142""]",[],[]
16303574,Q16303574,Air Nautic,,[],[],"[""Q142""]","[""1958-01-01T00:00:00Z""]","[""1966-01-01T00:00:00Z""]"
16308074,Q16308074,Thai AirAsia X,タイ・エアアジア X,"[""XJ""]","[""TAX""]","[""Q869""]","[""2014-01-01T00:00:00Z""]",[]
16318319,Q16318319,Q16318319,,[],[],"[""Q965""]",[],[]
16320517,Q16320517,Nürnberger Flugdienst,ニュルンベルク・フルクディンスト,"[""NS""]","[""NFD""]","[""Q183""]","[""1975-01-01T00:00:00Z""]","[""1992-01-01T00:00:00Z""]"
16323781,Q16323781,Internord,,[],[],"[""Q34"",""Q35""]","[""1965-11-30T00:00:00Z""]","[""1968-10-20T00:00:00Z""]"
16350652,Q16350652,Q16350652,,[],[],"[""Q211""]","[""1994-12-01T00:00:00Z""]",[]
16355296,Q16355296,Valsts gaisa satiksme,,[],[],"[""Q211""]","[""1923-01-01T00:00:00Z""]","[""http://www.wikidata.org/.well-known/genid/8800e4ecdbc028dc93b641d3583afa5b""]"
16482617,Q16482617,Q16482617,,[],[],"[""Q159""]",[],[]
16482619,Q16482619,Air Europa Express,,"[""UX""]","[""PMI""]","[""Q29""]","[""1996-01-01T00:00:00Z""]","[""2001-01-01T00:00:00Z""]"
16488224,Q16488224,Q16488224,,[],"[""AGY""]","[""Q298""]","[""1979-01-01T00:00:00Z""]","[""1988-01-01T00:00:00Z""]"
16488232,Q16488232,Aeroméxico Express,,[],[],"[""Q96""]","[""2014-01-01T00:00:00Z""]",[]
16495637,Q16495637,224th Flight Unit,,[],"[""TTF""]",[],"[""1993-01-01T00:00:00Z""]",[]
16512099,Q16512099,TAR México,,"[""YQ""]","[""LCT""]","[""Q96""]","[""2012-01-01T00:00:00Z""]",[]
16524714,Q16524714,Air Sicilia,,"[""BM""]","[""SIC""]","[""Q38""]","[""1994-01-01T00:00:00Z""]","[""2003-01-01T00:00:00Z""]"
16525557,Q16525557,Air CEMAC,,[],[],[],[],[]
16532429,Q16532429,Kharkiv Airlines,,[],"[""KHK""]","[""Q212""]","[""1992-01-01T00:00:00Z""]","[""2015-03-26T00:00:00Z""]"
16604210,Q16604210,Líneas Aéreas Comerciales,,[],"[""LCM""]","[""Q96""]",[],[]
16629443,Q16629443,Searca,,[],"[""SRC""]","[""Q739""]","[""1992-01-01T00:00:00Z""]",[]
16644952,Q16644952,Dobrolet Airlines,ドブロリョート,"[""QD""]","[""DOB""]","[""Q159""]","[""2013-10-04T00:00:00Z""]","[""2014-08-03T00:00:00Z""]"
16679660,Q16679660,Naryan-Mar Aviation,,[],[],"[""Q159""]","[""1993-01-01T00:00:00Z""]",[]
16683314,Q16683314,Wijet,,[],[],"[""Q142""]","[""2009-01-01T00:00:00Z""]",[]
16700087,Q16700087,Russia Special Flight Detachment,特殊飛行集団ロシア,[],"[""RSD""]",[],"[""1956-05-05T00:00:00Z""]",[]
16822179,Q16822179,Aviation Beauport Ltd,,[],"[""AVB""]","[""Q785""]","[""1969-01-01T00:00:00Z""]",[]
16826333,Q16826333,Air Cargo Mongolia,エア・カーゴ・モンゴリア,[],"[""MGC""]","[""Q711""]","[""2007-01-01T00:00:00Z""]",[]
16826339,Q16826339,Air Republiq,,[],[],"[""Q928""]","[""2011-01-01T00:00:00Z""]",[]
16827930,Q16827930,OÜ Copterline,,[],[],"[""Q191""]",[],[]
16833848,Q16833848,Aroostook Airways,,[],[],"[""Q30""]","[""1969-01-01T00:00:00Z""]","[""1972-01-01T00:00:00Z""]"
16841218,Q16841218,Guine Bissau Airlines,,"[""G6""]","[""BSR""]","[""Q1007""]","[""2002-01-01T00:00:00Z""]","[""2003-01-01T00:00:00Z""]"
16846917,Q16846917,British Marine Air Navigation Co Ltd,ブリティッシュ・マリン航空,[],[],[],"[""1923-01-01T00:00:00Z""]","[""1924-03-31T00:00:00Z""]"
16848821,Q16848821,Isle of Man Air Services,,[],[],[],[],[]
16885056,Q16885056,HeavyLift International,ヘビーリフト・インターナショナル,[],[],"[""Q878""]",[],"[""http://www.wikidata.org/.well-known/genid/a501221a47d99081e373e8c75fcc06f6""]"
16886593,Q16886593,Shavano Air,,[],[],[],[],[]
16889871,Q16889871,Southern Air Transport (1929),,[],[],"[""Q30""]",[],[]
16911144,Q16911144,Hajvairy Airlines,,[],"[""HAJ""]","[""Q843""]","[""1993-01-01T00:00:00Z""]","[""1993-01-01T00:00:00Z""]"
16918865,Q16918865,JetSul,,[],[],"[""Q155""]",[],[]
16922930,Q16922930,Hong Kong Airlines Cargo,,[],[],"[""Q148""]",[],[]
16927216,Q16927216,Skybus,スカイバス (アクア・アヴィア),[],[],"[""Q664""]",[],[]
16927516,Q16927516,Two Airlines Policy,,[],[],[],[],[]
16930475,Q16930475,Leone Airways,,[],[],[],[],[]
16932139,Q16932139,Malinair,,"[""WG""]","[""MAK""]","[""Q145""]",[],"[""1987-06-01T00:00:00Z""]"
16934226,Q16934226,Monacair,モナクエア,"[""QM""]",[],"[""Q235""]","[""1988-01-01T00:00:00Z""]",[]
16935325,Q16935325,Paninternational,パンインターナショナル,[],[],"[""Q183""]","[""1968-01-01T00:00:00Z""]","[""1971-01-01T00:00:00Z""]"
16951187,Q16951187,Star Air,,"[""5H""]","[""STQ""]","[""Q252""]","[""2000-01-01T00:00:00Z""]","[""2008-01-01T00:00:00Z""]"
16951646,Q16951646,Corilair,,[],[],"[""Q16""]",[],[]
16953301,Q16953301,TennesseeSkies,,[],[],[],"[""2009-01-01T00:00:00Z""]",[]
16957869,Q16957869,Tradewind Aviation,トレードウィンド・アビエーション,"[""TJ""]","[""GPD""]","[""Q30""]","[""2001-01-01T00:00:00Z""]",[]
16959225,Q16959225,Nova Airways,ノヴァ航空,[],"[""NOV""]","[""Q1049""]","[""2000-01-01T00:00:00Z""]",[]
16960375,Q16960375,Aeronaves TSM,TSM航空,[],"[""VTM""]","[""Q96""]","[""1995-01-01T00:00:00Z""]",[]
16961343,Q16961343,Magic Bird,,[],[],"[""Q55""]","[""2006-01-01T00:00:00Z""]","[""2007-05-01T00:00:00Z""]"
16962133,Q16962133,Osh-Avia,,[],"[""OSH""]","[""Q813""]","[""2006-01-01T00:00:00Z""]",[]
16962641,Q16962641,Lignes Aériennes Congolaises,,"[""6V""]","[""LCG""]","[""Q974""]",[],"[""2003-01-01T00:00:00Z""]"
16966627,Q16966627,Peace Air,,[],[],"[""Q16""]","[""1962-01-01T00:00:00Z""]","[""2007-05-18T00:00:00Z""]"
16967219,Q16967219,Westward Airways,,"[""CN""]","[""WWD""]","[""Q30""]","[""2002-01-01T00:00:00Z""]",[]
16968786,Q16968786,Helicópteros de Guatemala,,[],[],"[""Q774""]","[""1971-01-01T00:00:00Z""]",[]
16972046,Q16972046,Buzz Airways,,"[""1X""]","[""VTE""]","[""Q30""]",[],"[""2017-01-01T00:00:00Z""]"
16972730,Q16972730,Cobham Air Routes,,[],[],[],[],[]
16974175,Q16974175,Braniff (1991–1992),,"[""BE""]",[],"[""Q30""]","[""1991-01-01T00:00:00Z""]","[""1992-07-02T00:00:00Z""]"
16974212,Q16974212,California Central Airlines,,[],[],"[""Q30""]","[""1947-01-01T00:00:00Z""]","[""1955-02-14T00:00:00Z""]"
16974622,Q16974622,Elite Airways,エリート航空,"[""7Q""]","[""MNU""]","[""Q30""]","[""2012-01-01T00:00:00Z""]",[]
16975180,Q16975180,Golden Pacific Airlines,,[],[],"[""Q30""]","[""1969-01-01T00:00:00Z""]","[""1973-01-01T00:00:00Z""]"
16981615,Q16981615,Makani Kai Air,,[],[],"[""Q30""]",[],[]
16982285,Q16982285,Mountain Air Express,,[],"[""MAX""]","[""Q30""]","[""1996-01-01T00:00:00Z""]","[""1998-01-01T00:00:00Z""]"
16982290,Q16982290,Summit Air,,[],[],"[""Q837""]","[""2011-01-01T00:00:00Z""]",[]
16983304,Q16983304,Pacific American Airlines,パシフィック・アメリカン航空,[],[],"[""Q30""]","[""1975-01-01T00:00:00Z""]","[""1978-01-01T00:00:00Z""]"
16984141,Q16984141,Q16984141,,[],"[""MYX""]","[""Q191""]","[""2012-01-01T00:00:00Z""]",[]
16984499,Q16984499,HNZ Group,,[],[],"[""Q16""]","[""1987-01-01T00:00:00Z""]","[""2017-01-01T00:00:00Z""]"
16985176,Q16985176,Surf Air,,[],"[""URF""]","[""Q30""]","[""2013-01-01T00:00:00Z""]",[]
16985280,Q16985280,Tailwind Air Service,,"[""TQ""]","[""PGN""]","[""Q30""]","[""2014-01-01T00:00:00Z""]",[]
16985333,Q16985333,British Airways World Cargo,ブリテッシュ・エアウェイズ・ワールド・カーゴ,[],[],[],[],[]
16986835,Q16986835,Washington Airlines,,[],[],"[""Q30""]",[],"[""1969-09-26T00:00:00Z""]"
16991551,Q16991551,World Airlines,,[],[],"[""Q145""]","[""1995-01-01T00:00:00Z""]",[]
16996364,Q16996364,Links Air,,"[""W2""]","[""LNQ""]","[""Q145""]","[""1983-01-01T00:00:00Z""]","[""2016-04-01T00:00:00Z""]"
16996864,Q16996864,London European Airways,,[],[],"[""Q145""]",[],"[""http://www.wikidata.org/.well-known/genid/bdd427b072096320fc4c85526df8d1b4""]"
17004292,Q17004292,Air Caucasus,エア・コーカサス,"[""UY""]","[""CSG""]","[""Q230""]","[""2013-01-01T00:00:00Z""]","[""2014-01-01T00:00:00Z""]"
17011292,Q17011292,Afghan Jet International,アフガン・ジェット・インターナショナル,"[""HN""]","[""AJA""]","[""Q889""]","[""2014-01-01T00:00:00Z""]",[]
17016366,Q17016366,Royal Air Lao,,[],[],"[""Q819""]",[],"[""1976-01-01T00:00:00Z""]"
17016635,Q17016635,Provincial Airways,,[],[],[],"[""1933-01-01T00:00:00Z""]","[""1935-01-01T00:00:00Z""]"
17017340,Q17017340,Scimitar Airlines,,[],"[""JA""]","[""Q145""]","[""1978-01-01T00:00:00Z""]","[""1981-01-01T00:00:00Z""]"
17019623,Q17019623,Simrik Airlines,シムリク航空,"[""SH""]","[""RMK""]","[""Q837""]","[""2009-01-01T00:00:00Z""]",[]
17029919,Q17029919,Fuzhou Airlines,福州航空,"[""FU""]","[""FZA""]","[""Q148""]","[""2014-01-01T00:00:00Z""]",[]
17037681,Q17037681,Prams Air,,[],[],[],"[""2005-01-01T00:00:00Z""]",[]
17053011,Q17053011,FlySafair,フライサフエアー,"[""FA""]","[""SFR""]","[""Q258""]","[""2013-01-01T00:00:00Z""]",[]
17056248,Q17056248,Indian National Airways Ltd,,[],[],"[""Q668""]","[""1933-01-01T00:00:00Z""]","[""1953-01-01T00:00:00Z""]"
17059838,Q17059838,East Horizon Airlines,イースト・ホライズン航空,"[""EA""]","[""EHN""]","[""Q889""]","[""2013-01-01T00:00:00Z""]","[""2017-03-01T00:00:00Z""]"
17064838,Q17064838,Epic Air,,[],[],[],[],[]
17065733,Q17065733,Mann Yatanarpon Airlines,マン・ヤダナルポン航空,"[""7Y""]","[""MYP""]","[""Q836""]","[""2013-01-01T00:00:00Z""]",[]
17066858,Q17066858,Ying'an Airlines,,"[""YI""]","[""AYE""]","[""Q148""]","[""2005-01-01T00:00:00Z""]",[]
17068922,Q17068922,Linhas Aéreas Paulistas – LAP,,[],[],"[""Q155""]","[""1943-01-01T00:00:00Z""]","[""1951-01-01T00:00:00Z""]"
17069913,Q17069913,ABM Air,,[],[],"[""Q781""]","[""2010-01-01T00:00:00Z""]",[]
17070034,Q17070034,Aer Arann Islands,エアーアラン・アイランズ,"[""RE""]","[""REA""]","[""Q27""]","[""2002-01-01T00:00:00Z""]",[]
17070141,Q17070141,Africa's Connection STP,アフリカズ・コネクションSTP,[],[],"[""Q1039""]","[""2014-01-01T00:00:00Z""]",[]
17070160,Q17070160,Air Brousse,,[],[],[],"[""1955-01-01T00:00:00Z""]",[]
17070587,Q17070587,South Supreme Airlines,,[],[],"[""Q958""]","[""2013-01-01T00:00:00Z""]","[""2017-01-01T00:00:00Z""]"
17071713,Q17071713,US-Bangla Airlines,USバングラエアラインズ,"[""BS""]","[""UBG""]","[""Q902""]","[""2013-01-01T00:00:00Z""]",[]
17073866,Q17073866,Douniah Airlines,ドゥーニアー航空,"[""DH""]",[],"[""Q912""]","[""2014-01-01T00:00:00Z""]",[]
17074105,Q17074105,Eagle Atlantic Airlines,イーグル・アトランティック航空,"[""E2""]","[""EAB""]","[""Q117""]",[],"[""2014-01-01T00:00:00Z""]"
17075397,Q17075397,LANICA,,[],[],"[""Q811""]","[""1946-01-01T00:00:00Z""]","[""1981-01-01T00:00:00Z""]"
17082534,Q17082534,PEC Aviation,,[],[],"[""Q155""]",[],[]
17088704,Q17088704,PUTANG INA KA Airways,SEAIRインターナショナル,"[""XO""]","[""SGD""]","[""Q928""]","[""1994-01-01T00:00:00Z""]",[]
17092819,Q17092819,Jambojet,ジャンボジェット,"[""JM""]","[""KQA""]","[""Q114""]","[""2013-01-01T00:00:00Z""]",[]
17096618,Q17096618,Stobart Air,ストバルト・エア,"[""RE""]","[""STK""]","[""Q27""]","[""2014-03-19T00:00:00Z""]","[""2021-06-12T00:00:00Z""]"
17103596,Q17103596,Nordic Regional,,"[""6N""]","[""NRD""]","[""Q34""]",[],"[""2008-01-01T00:00:00Z""]"
17104009,Q17104009,Skyline,,"[""OX""]",[],"[""Q34""]","[""1971-01-01T00:00:00Z""]","[""1978-01-01T00:00:00Z""]"
17104568,Q17104568,Westair de Mexico,,[],[],"[""Q96""]","[""1957-01-01T00:00:00Z""]","[""1987-01-01T00:00:00Z""]"
17109268,Q17109268,Maritime Central Airways,,[],[],"[""Q16""]","[""1941-01-01T00:00:00Z""]","[""1963-01-01T00:00:00Z""]"
17109272,Q17109272,"Eastern Airlines, LLC",ダイナミック航空,"[""2D""]","[""EAL""]","[""Q30""]","[""2010-01-01T00:00:00Z""]",[]
17111054,Q17111054,Norcanair,,[],[],"[""Q16""]","[""1947-01-01T00:00:00Z""]","[""1987-01-01T00:00:00Z""]"
17113508,Q17113508,Manx2,マンクス2,"[""NM""]","[""BPS""]","[""Q9676""]","[""2006-01-01T00:00:00Z""]","[""2012-12-31T00:00:00Z""]"
17148539,Q17148539,Saudi Air Ambulance,,[],[],"[""Q851""]","[""2009-12-01T00:00:00Z""]",[]
17300101,Q17300101,Fishtail Air,,[],[],"[""Q837""]","[""1997-01-01T00:00:00Z""]",[]
17300783,Q17300783,Greenland Express,,[],"[""DNM""]",[],"[""2013-01-01T00:00:00Z""]","[""2016-01-01T00:00:00Z""]"
17310422,Q17310422,Aviolet,アヴィオレット,"[""JU""]","[""ASL""]","[""Q403""]","[""2014-01-01T00:00:00Z""]",[]
17310427,Q17310427,B-Air Charter,,[],"[""BBF""]","[""Q183""]","[""2009-01-01T00:00:00Z""]","[""2016-01-01T00:00:00Z""]"
17363699,Q17363699,Domestic Airways,,[],[],"[""Q734""]",[],[]
17492738,Q17492738,Royal Flight,ロイヤル・フライト,"[""RL""]","[""ABG""]","[""Q159""]","[""2014-01-01T00:00:00Z""]","[""2022-05-01T00:00:00Z""]"
17498347,Q17498347,Sepahan Airlines,セパハン航空,[],"[""SPN""]","[""Q794""]","[""2010-01-01T00:00:00Z""]","[""2014-01-01T00:00:00Z""]"
17498723,Q17498723,9 Air,9エア,"[""AQ""]","[""JYH""]","[""Q148""]","[""2015-01-01T00:00:00Z""]",[]
17501689,Q17501689,Régie Malgache,,[],[],"[""Q5501842""]",[],"[""http://www.wikidata.org/.well-known/genid/364c570ce9afaabd239bc50b5cb079bc""]"
17502128,Q17502128,Vistara,ビスタラ,"[""UK""]","[""VTI""]","[""Q668""]","[""2013-01-01T00:00:00Z""]",[]
17509959,Q17509959,Aerolineas Mundo (AMSA),,[],[],"[""Q786""]","[""1986-01-01T00:00:00Z""]","[""1993-01-01T00:00:00Z""]"
17511231,Q17511231,Boutique Air,,"[""4B""]","[""BTQ""]","[""Q30""]","[""2007-01-01T00:00:00Z""]",[]
17575076,Q17575076,Grand Cru Airlines,,[],"[""GCA""]","[""Q37""]","[""2013-01-01T00:00:00Z""]",[]
17632435,Q17632435,Veca Airlines,,"[""VU""]","[""VAR""]","[""Q792""]","[""2013-01-01T00:00:00Z""]","[""2017-01-18T00:00:00Z""]"
17750133,Q17750133,Q17750133,,[],[],"[""Q20""]","[""1993-05-25T00:00:00Z""]","[""2023-10-02T00:00:00Z""]"
17998444,Q17998444,Q17998444,,[],[],[],[],[]
17999171,Q17999171,Bayu Indonesia,,[],[],"[""Q252""]",[],[]
17999293,Q17999293,Benin Airlines,,[],[],"[""Q962""]","[""2015-01-01T00:00:00Z""]",[]
18010500,Q18010500,Air Cargo Global,,"[""UB""]","[""CCC""]","[""Q214""]","[""2013-01-01T00:00:00Z""]",[]
18026968,Q18026968,Plus Ultra Líneas Aéreas,プラス・ウルトラ・エアラインズ,"[""PU""]","[""PUE""]","[""Q29""]","[""2011-01-01T00:00:00Z""]",[]
18028989,Q18028989,Urumqi Air,ウルムチ・エア,"[""UQ""]","[""CUH""]","[""Q148""]","[""2014-01-01T00:00:00Z""]",[]
18057755,Q18057755,Bosnia Airlines,,[],"[""BSL""]","[""Q225""]","[""2004-01-01T00:00:00Z""]","[""http://www.wikidata.org/.well-known/genid/3d81f04aebc979314f7c930c9b08fa5e""]"
18091494,Q18091494,National Airways Ethiopia,,"[""9Y""]",[],"[""Q115""]","[""2007-01-01T00:00:00Z""]",[]
18109342,Q18109342,FLYeasy,,"[""N5""]","[""FEY""]","[""Q668""]",[],[]
18111141,Q18111141,Chhattisgarh Air Link,,[],[],"[""Q668""]","[""2012-01-01T00:00:00Z""]",[]
18111335,Q18111335,COLT Cargo,,[],"[""XCA""]","[""Q155""]","[""2013-01-01T00:00:00Z""]","[""http://www.wikidata.org/.well-known/genid/293f4421f8630a136aa5ea3d4d301f01""]"
18118709,Q18118709,Jiangxi Air,江西航空,"[""RY""]","[""CJX""]","[""Q148""]","[""2014-01-01T00:00:00Z""]",[]
18121467,Q18121467,La Compagnie,ラ・カンパニー,"[""B0""]","[""DJT""]","[""Q142""]","[""2013-01-01T00:00:00Z""]",[]
18125332,Q18125332,Gujarat Airways,,[],"[""GJA""]","[""Q668""]","[""1995-01-01T00:00:00Z""]","[""2001-01-01T00:00:00Z""]"
18151248,Q18151248,Guy-America Airways,,"[""HX""]",[],[],"[""1981-01-01T00:00:00Z""]","[""1984-01-01T00:00:00Z""]"
18151383,Q18151383,Marco Island Airways,,[],[],"[""Q30""]","[""1972-01-01T00:00:00Z""]","[""1986-01-01T00:00:00Z""]"
18151755,Q18151755,New Eastern Air Lines,イースタン航空 (2015),"[""EA""]","[""EAL""]","[""Q30""]","[""2009-01-01T00:00:00Z""]","[""2017-09-01T00:00:00Z""]"
18155032,Q18155032,New York Helicopter,,[],[],"[""Q30""]","[""1980-01-01T00:00:00Z""]","[""1988-04-15T00:00:00Z""]"
18161750,Q18161750,Air Peace,エアピース,"[""P4""]","[""APK""]","[""Q1033""]","[""2013-01-01T00:00:00Z""]",[]
18161752,Q18161752,Air Senok,,[],"[""MVS""]","[""Q854""]","[""2011-01-01T00:00:00Z""]",[]
18162475,Q18162475,Azman Air,アズマン・エア,"[""ZQ""]","[""AZM""]","[""Q1033""]","[""2010-01-01T00:00:00Z""]",[]
18171855,Q18171855,Siam Air,サイアム・エア,"[""O8""]","[""RBR""]","[""Q869""]","[""2014-01-01T00:00:00Z""]",[]
18175335,Q18175335,Snowbird Airlines,スノーバード航空,[],"[""SBW""]","[""Q33""]","[""2013-01-01T00:00:00Z""]","[""2014-12-01T00:00:00Z""]"
18194999,Q18194999,Texas Air Transport,,[],[],"[""Q30""]",[],[]
18201926,Q18201926,Noordzee Helikopters Vlaanderen,,[],"[""NHX""]","[""Q31""]","[""1997-01-01T00:00:00Z""]",[]
18207778,Q18207778,Air Carolina,,[],[],"[""Q30""]","[""1967-01-01T00:00:00Z""]",[]
18286456,Q18286456,Bluebird Aviation (Deutschland,,[],"[""BEG""]","[""Q183""]",[],"[""2013-01-01T00:00:00Z""]"
18324495,Q18324495,COSARA,,"[""ST""]",[],"[""Q881""]","[""1947-09-09T00:00:00Z""]","[""1955-01-01T00:00:00Z""]"
18327499,Q18327499,Indonesia AirAsia X,インドネシア・エアアジア X,"[""XT""]","[""IDX""]","[""Q252""]","[""2014-01-01T00:00:00Z""]",[]
18335476,Q18335476,Zorex Air Transport,,[],"[""ORZ""]","[""Q29""]","[""1996-01-01T00:00:00Z""]",[]
18345358,Q18345358,Latin Carga,,[],[],"[""Q717""]",[],[]
18349505,Q18349505,Himalaya Airlines,ヒマラヤ航空,"[""H9""]","[""HIM""]","[""Q837""]","[""2014-01-01T00:00:00Z""]",[]
18351455,Q18351455,Maersk Commuter,,[],[],"[""Q35""]","[""1981-01-01T00:00:00Z""]","[""1990-01-01T00:00:00Z""]"
18352818,Q18352818,Apsara International Air,アプサラ国際航空,"[""IP""]","[""AQQ""]","[""Q424""]","[""2013-01-01T00:00:00Z""]",[]
18355101,Q18355101,TruJet,トゥルージェット,"[""2T""]","[""TRJ""]","[""Q668""]","[""2013-01-01T00:00:00Z""]","[""2022-02-15T00:00:00Z""]"
18355700,Q18355700,Fmi air,FMI航空,"[""ND""]","[""FMI""]","[""Q836""]","[""2012-01-01T00:00:00Z""]",[]
18356327,Q18356327,Manang Air,,[],[],"[""Q837""]",[],[]
18356886,Q18356886,Bassaka Air,バサッカ航空,"[""5B""]","[""BSX""]","[""Q424""]","[""2014-01-01T00:00:00Z""]",[]
18363702,Q18363702,Real Tonga,リアル・トンガ,[],"[""RLT""]","[""Q678""]","[""2013-03-04T00:00:00Z""]",[]
18386262,Q18386262,Cambodia Bayon Airlines,カンボジア・バイヨン航空,"[""BD""]","[""BYC""]","[""Q424""]","[""2014-01-01T00:00:00Z""]",[]
18388326,Q18388326,Phoenix Airways,,[],[],[],"[""2014-01-01T00:00:00Z""]",[]
18388665,Q18388665,Pineapple Air,パイナップルエア,[],"[""PNP""]","[""Q778""]","[""1999-01-01T00:00:00Z""]",[]
18390592,Q18390592,Rizon Jet,,[],"[""RZJ""]","[""Q846""]","[""2006-01-01T00:00:00Z""]","[""2016-01-01T00:00:00Z""]"
18390837,Q18390837,Zav Airways,,[],[],"[""Q668""]",[],[]
18390945,Q18390945,Zenith Air Inc,,[],[],"[""Q928""]",[],[]
18395647,Q18395647,Vizion air,,[],[],"[""Q31""]",[],[]
18396784,Q18396784,Flyvista,,"[""GT""]","[""AJD""]","[""Q230""]","[""2014-01-01T00:00:00Z""]","[""2015-01-01T00:00:00Z""]"
18398469,Q18398469,Pobeda,ポベーダ航空,"[""DP""]","[""PBD""]","[""Q159""]","[""2014-09-16T00:00:00Z""]",[]
18400503,Q18400503,SiLA,シラ航空,[],[],"[""Q159""]","[""2008-01-01T00:00:00Z""]",[]
18405187,Q18405187,Vyatkaavia,,[],[],"[""Q159""]","[""2010-01-01T00:00:00Z""]",[]
18406897,Q18406897,Orenburzhye,,"[""O7""]","[""ORG""]","[""Q159""]",[],[]
18410026,Q18410026,Q18410026,,[],[],"[""Q35""]",[],[]
18410171,Q18410171,Q18410171,,[],[],"[""Q211""]","[""2012-01-01T00:00:00Z""]",[]
18411697,Q18411697,Fleet Air International,,[],"[""FRF""]","[""Q28""]","[""2007-01-01T00:00:00Z""]",[]
18434260,Q18434260,Silk Way West Airlines,シルクウェイウエスト航空,"[""7L""]","[""AZG""]","[""Q227""]","[""2012-01-01T00:00:00Z""]",[]
18450483,Q18450483,Flexflight,フレックスフライト,"[""W2""]","[""FXT"",""TIX""]","[""Q35""]",[],[]
18521597,Q18521597,Phoenix Airways,,[],[],"[""Q39""]","[""1970-01-01T00:00:00Z""]","[""1974-03-18T00:00:00Z""]"
18547692,Q18547692,SARTA,,[],[],"[""Q218""]",[],[]
18552577,Q18552577,Zimbabwe flyafrica.com,,"[""Z7""]","[""FZW""]","[""Q954""]","[""2014-01-01T00:00:00Z""]",[]
18578785,Q18578785,Hermes Aviation,,"[""H3""]","[""HME""]","[""Q233""]","[""2014-01-01T00:00:00Z""]","[""2015-01-01T00:00:00Z""]"
18600733,Q18600733,Abyssinian Flight Services,,[],[],"[""Q115""]",[],[]
18610029,Q18610029,Palau Pacific Airways,パラオ・パシフィック航空,"[""ED""]","[""AXE""]","[""Q695""]","[""2014-01-01T00:00:00Z""]","[""2018-01-01T00:00:00Z""]"
18620648,Q18620648,Q18620648,,[],"[""GER""]","[""Q183""]","[""2009-01-01T00:00:00Z""]",[]
18636606,Q18636606,Saurya Airlines,サユラ・エアラインズ,"[""S1""]","[""SAU""]","[""Q837""]","[""2014-01-01T00:00:00Z""]",[]
18636690,Q18636690,Palestine Airways,パレスチナ航空 (イスラエル),[],[],"[""Q193714""]","[""1937-07-01T00:00:00Z""]","[""1940-08-01T00:00:00Z""]"
18640098,Q18640098,Air Croatia,エア・クロアチア,"[""J7""]","[""CTO""]","[""Q224""]","[""2014-01-01T00:00:00Z""]","[""2015-01-01T00:00:00Z""]"
18643848,Q18643848,2nd Arkhangelsk United Aviation Division,第二アルハンゲリスク連合航空,[],"[""OAO""]","[""Q159""]","[""1935-01-01T00:00:00Z""]",[]
18647874,Q18647874,Quick Duck Airlines,,[],[],"[""Q214""]",[],[]
18688820,Q18688820,Jetflite,,[],"[""JEF""]","[""Q33""]","[""1980-01-01T00:00:00Z""]",[]
18689175,Q18689175,Spear Air,,[],"[""SOA""]","[""Q33""]","[""1972-01-01T00:00:00Z""]","[""1974-01-01T00:00:00Z""]"
18712140,Q18712140,Bosnian Wand Airlines,,"[""H3""]","[""HRM""]","[""Q225""]","[""2014-01-01T00:00:00Z""]","[""2015-02-01T00:00:00Z""]"
18737067,Q18737067,Caicos Express Airways,カイコス・エクスプレス・エアウェイズ,"[""9Q""]","[""CXE""]","[""Q145""]",[],[]
18754968,Q18754968,Trans East Airlines,,[],[],"[""Q30""]",[],[]
18889321,Q18889321,Nordavia (Deutschland),,[],[],"[""Q183""]","[""1976-01-01T00:00:00Z""]","[""2000-01-01T00:00:00Z""]"
19120779,Q19120779,British Columbia Airways,,[],[],[],"[""1927-01-01T00:00:00Z""]","[""1928-01-01T00:00:00Z""]"
19121360,Q19121360,Spokane Airways,,[],[],"[""Q30""]",[],[]
19121880,Q19121880,Sunbeam Air Transport,,[],[],"[""Q30""]",[],[]
19159718,Q19159718,Colonial Western Airways,コロニアル・ウェスタン航空,[],[],"[""Q30""]","[""1928-01-01T00:00:00Z""]","[""1929-01-01T00:00:00Z""]"
19259875,Q19259875,Avianca Costa Rica,LACSA航空,"[""LR""]","[""LRC""]","[""Q800""]","[""2013-01-01T00:00:00Z""]",[]
19259876,Q19259876,Avianca El Salvador,アビアンカ・エルサルバドル,"[""TA""]",[],"[""Q792""]","[""2013-01-01T00:00:00Z""]",[]
19259877,Q19259877,Q19259877,,[],[],"[""Q774""]","[""2013-01-01T00:00:00Z""]",[]
19259878,Q19259878,Q19259878,,[],[],"[""Q783""]","[""2013-01-01T00:00:00Z""]",[]
19284011,Q19284011,Alitalia - Compagnia Aerea Italiana,,[],[],"[""Q38""]","[""1999-03-12T00:00:00Z""]",[]
19284181,Q19284181,Global Africa Aviation,,"[""Z5""]","[""GAA""]","[""Q954""]","[""2014-01-01T00:00:00Z""]","[""2019-01-19T00:00:00Z""]"
19296980,Q19296980,Naske Air,,[],"[""HCN""]","[""Q183""]","[""1976-01-01T00:00:00Z""]","[""2001-01-01T00:00:00Z""]"
19308351,Q19308351,Aeropanamericano,,[],[],"[""Q717""]",[],[]
19310934,Q19310934,Vista Georgia,,[],"[""AJD""]","[""Q230""]",[],[]
19321670,Q19321670,Air Kärnten,,[],"[""TBA""]","[""Q40""]","[""2014-01-01T00:00:00Z""]","[""2015-01-01T00:00:00Z""]"
19321886,Q19321886,Air Carnival,エア・カーニバル,"[""2S""]","[""ACV""]","[""Q668""]","[""2013-01-01T00:00:00Z""]","[""2017-04-06T00:00:00Z""]"
19355279,Q19355279,RusJet,RusJet,[],[],"[""Q159""]",[],[]
19355596,Q19355596,Air Samara,,[],[],"[""Q159""]",[],[]
19381147,Q19381147,Massawa Airways,,[],[],"[""Q986""]","[""2012-01-01T00:00:00Z""]",[]
19383723,Q19383723,Q19383723,,[],[],[],[],[]
19574827,Q19574827,African Airways Alliance,,[],[],[],"[""2015-01-01T00:00:00Z""]",[]
19574828,Q19574828,Agderfly,,[],[],"[""Q20""]","[""1966-01-01T00:00:00Z""]","[""2004-01-01T00:00:00Z""]"
19574830,Q19574830,Air Pegasus,,"[""OP""]","[""PPL""]","[""Q668""]","[""2014-01-01T00:00:00Z""]","[""2016-07-27T00:00:00Z""]"
19574831,Q19574831,Air Stord,エア・ストード,"[""GO""]","[""SOR""]","[""Q20""]","[""1990-01-01T00:00:00Z""]","[""1999-01-19T00:00:00Z""]"
19574833,Q19574833,Choice Airways,,[],"[""CSX""]","[""Q30""]","[""1990-01-01T00:00:00Z""]",[]
19574834,Q19574834,Mørefly,,[],[],"[""Q20""]","[""1955-01-01T00:00:00Z""]","[""1995-01-01T00:00:00Z""]"
19574836,Q19574836,Newmans Air,ニューマンズ航空,"[""ZQ""]","[""NZA""]","[""Q664""]","[""1985-01-01T00:00:00Z""]","[""1987-01-01T00:00:00Z""]"
19574837,Q19574837,Nordsjøfly,,[],[],"[""Q20""]","[""1975-01-01T00:00:00Z""]","[""1983-01-01T00:00:00Z""]"
19574839,Q19574839,Orange Air,,"[""U3""]","[""ORN""]","[""Q30""]","[""2011-04-01T00:00:00Z""]","[""2017-04-28T00:00:00Z""]"
19574840,Q19574840,Sørfly,,[],[],"[""Q20""]","[""1946-01-01T00:00:00Z""]","[""1962-01-01T00:00:00Z""]"
19574842,Q19574842,Texas Sky,,"[""P1""]",[],[],"[""2009-01-01T00:00:00Z""]",[]
19574843,Q19574843,ViaAir,,"[""VC""]","[""SRY""]","[""Q30""]","[""1997-01-01T00:00:00Z""]","[""2019-10-08T00:00:00Z""]"
19574871,Q19574871,Gulfstream International Airlines,,"[""3M""]","[""GFT""]","[""Q30""]","[""1988-01-01T00:00:00Z""]","[""2010-11-01T00:00:00Z""]"
19614982,Q19614982,flymojo,,[],[],"[""Q833""]","[""2015-01-01T00:00:00Z""]",[]
19744058,Q19744058,Q19744058,チェアー航空,"[""CS""]","[""GSW""]","[""Q39""]","[""2014-01-01T00:00:00Z""]",[]
19751627,Q19751627,Dimonim Air,ディモ二ム・エア,[],[],"[""Q252""]",[],[]
19757781,Q19757781,Air Dabia,エア・ダビア,"[""YM""]","[""DGB""]","[""Q1005""]","[""1990-01-01T00:00:00Z""]",[]
19802298,Q19802298,Carson Air,,[],[],"[""Q16""]",[],[]
19805102,Q19805102,Handley Page Indo-Burmese Transport,,[],[],[],[],[]
19834169,Q19834169,Africa Charter Airline,,[],"[""FSK""]","[""Q258""]","[""1997-01-01T00:00:00Z""]",[]
19834198,Q19834198,Air Horizont,,"[""HT""]","[""HAT""]","[""Q233""]","[""2014-01-01T00:00:00Z""]",[]
19834426,Q19834426,Alpar,アルパー,[],[],"[""Q39""]","[""1929-01-01T00:00:00Z""]","[""1947-01-01T00:00:00Z""]"
19835508,Q19835508,Bishwo Airways,ビシュォー・エアウェイズ,[],[],"[""Q837""]",[],[]
19835748,Q19835748,Bremerhaven Airline,,[],[],"[""Q183""]",[],"[""2002-01-01T00:00:00Z""]"
19839101,Q19839101,Sakha Avia,,[],"[""SKH""]","[""Q159""]","[""1992-01-01T00:00:00Z""]","[""2002-01-01T00:00:00Z""]"
19843171,Q19843171,Piquiatuba Transportes Aéreos,,[],[],"[""Q155""]","[""2005-01-01T00:00:00Z""]",[]
19870511,Q19870511,Ad Astral Aviation,,"[""AT""]",[],"[""Q408""]",[],[]
19871753,Q19871753,Air Spain,,[],[],"[""Q29""]","[""1965-01-01T00:00:00Z""]","[""1975-01-01T00:00:00Z""]"
19876079,Q19876079,Niue Airlines,,"[""FN""]",[],"[""Q34020""]","[""1990-01-01T00:00:00Z""]","[""1992-01-01T00:00:00Z""]"
19876488,Q19876488,Q19876488,,"[""P7""]","[""LLP""]","[""Q36""]","[""2009-11-25T00:00:00Z""]",[]
19876700,Q19876700,Canada Jetlines,,[],[],"[""Q16""]",[],[]
19885334,Q19885334,Hellenic Seaplanes S.A.,,[],[],"[""Q41""]",[],[]
19896622,Q19896622,Air Bright,,[],[],"[""Q219""]",[],[]
19903242,Q19903242,Arajet,アラジェット,"[""DM""]","[""DWI""]","[""Q786""]","[""2014-01-01T00:00:00Z""]",[]
19926543,Q19926543,Tessel Air,,[],[],"[""Q55""]",[],[]
19953664,Q19953664,Klaipedos Avialinijos,,[],[],"[""Q37""]",[],[]
19968042,Q19968042,Q19968042,,[],"[""SUR""]","[""Q79""]","[""2006-01-01T00:00:00Z""]",[]
19971669,Q19971669,HADAG Air,,[],"[""GP""]","[""Q183""]","[""1974-01-01T00:00:00Z""]","[""1983-09-01T00:00:00Z""]"
19971672,Q19971672,Hanse Express,,"[""HX""]","[""HLE""]","[""Q183""]","[""1987-01-01T00:00:00Z""]","[""1988-01-01T00:00:00Z""]"
19977653,Q19977653,Jonair,,[],"[""JON""]","[""Q34""]","[""1973-01-01T00:00:00Z""]",[]
20013289,Q20013289,Avior Regional,,"[""3R""]","[""RGR""]","[""Q717""]","[""2015-03-11T00:00:00Z""]",[]
20020797,Q20020797,Niger Airlines,ニジェール航空,"[""6N""]","[""NIN""]","[""Q1032""]","[""2012-01-01T00:00:00Z""]",[]
20036775,Q20036775,East Wing,,[],"[""EWZ""]","[""Q232""]",[],[]
20056767,Q20056767,Tatra Air,,[],[],"[""Q214""]",[],"[""1999-01-01T00:00:00Z""]"
20072129,Q20072129,AtlasGlobal Ukraine,アトラスグローバルウクライナ航空,"[""UH""]","[""UJX""]","[""Q212""]","[""2013-01-01T00:00:00Z""]",[]
20110542,Q20110542,Persian Air Services,,[],[],"[""Q794""]","[""1954-01-01T00:00:00Z""]","[""1961-02-24T00:00:00Z""]"
20111298,Q20111298,Q20111298,ポウヤ・エア,[],"[""PYA""]","[""Q794""]",[],[]
20112212,Q20112212,Q20112212,フェロー航空 (1964年),[],[],[],[],"[""1967-01-01T00:00:00Z""]"
20112621,Q20112621,Nor-Fly,,[],[],"[""Q20""]",[],"[""1984-12-31T00:00:00Z""]"
20165812,Q20165812,Fly Baghdad,フライバグダード,"[""IF""]","[""FBA""]","[""Q796""]","[""2015-01-01T00:00:00Z""]",[]
20181105,Q20181105,Alpha Star Aviation,,[],"[""STT""]","[""Q851""]","[""2010-01-01T00:00:00Z""]",[]
20182006,Q20182006,RFG – Regionalflug,,"[""VG""]","[""RFG""]","[""Q183""]","[""1976-01-01T00:00:00Z""]","[""1993-01-01T00:00:00Z""]"
20182720,Q20182720,Ratioflug Luftfahrtunternehmen,,[],"[""RAT""]","[""Q183""]","[""1982-01-01T00:00:00Z""]","[""1997-01-01T00:00:00Z""]"
20312444,Q20312444,Aluu Airlines,,[],[],[],"[""2015-01-01T00:00:00Z""]",[]
20421897,Q20421897,Q20421897,,[],[],"[""Q79""]","[""1986-01-01T00:00:00Z""]",[]
20427604,Q20427604,Lion Bizjet,,[],[],"[""Q252""]",[],[]
20539274,Q20539274,Kiwi Regional Airlines,,[],"[""KRL""]","[""Q664""]","[""2014-01-01T00:00:00Z""]","[""2016-07-30T00:00:00Z""]"
20562219,Q20562219,Q20562219,,[],[],"[""Q211""]",[],[]
20564457,Q20564457,Primera Air Nordic,,"[""6F""]","[""PRW""]","[""Q211""]","[""2014-01-01T00:00:00Z""]",[]
20566355,Q20566355,VIP Avia,,[],"[""PRX""]","[""Q211""]","[""2000-01-01T00:00:00Z""]","[""2019-01-01T00:00:00Z""]"
20639413,Q20639413,Tus Airways,タス・エアウェイズ,"[""U8""]","[""CYF""]","[""Q229""]","[""2015-01-01T00:00:00Z""]",[]
20643336,Q20643336,Air Italica,,"[""3B""]",[],"[""Q38""]","[""2001-08-02T00:00:00Z""]","[""2004-01-01T00:00:00Z""]"
20647616,Q20647616,Limitless Airways,,[],"[""LIM""]","[""Q224""]","[""2015-01-01T00:00:00Z""]","[""2016-01-01T00:00:00Z""]"
20648693,Q20648693,OneJet,,"[""J1""]",[],"[""Q30""]","[""2015-01-01T00:00:00Z""]",[]
20648900,Q20648900,Originair,,"[""OG""]","[""OGN""]","[""Q664""]","[""2015-01-01T00:00:00Z""]",[]
20650538,Q20650538,Qazaq Air,カザク・エア,"[""IQ""]","[""QAZ""]","[""Q232""]","[""2014-01-01T00:00:00Z""]",[]
20670962,Q20670962,GX Airlines,北部湾航空,"[""GX""]","[""CBG""]","[""Q148""]","[""2015-02-13T00:00:00Z""]",[]
20688256,Q20688256,YTO Cargo Airlines,YTOカーゴ・エアラインズ,"[""YG""]","[""HYT""]","[""Q148""]","[""2015-01-01T00:00:00Z""]",[]
20715015,Q20715015,People and Pets Dog Airlines,,[],[],"[""Q30""]",[],[]
20715032,Q20715032,Great Lakes Air,,[],[],"[""Q30""]",[],[]
20715498,Q20715498,Centennial Airlines,,"[""BE""]","[""CNA""]","[""Q29""]","[""1993-01-01T00:00:00Z""]","[""1996-01-01T00:00:00Z""]"
20721701,Q20721701,Albatros Airlines,,"[""G0""]","[""GAL""]","[""Q717""]","[""2007-12-27T00:00:00Z""]","[""2025-01-01T00:00:00Z""]"
20736282,Q20736282,Skywise Airlines,,"[""C9""]","[""SWZ""]","[""Q258""]","[""2012-01-01T00:00:00Z""]","[""2015-11-01T00:00:00Z""]"
20737194,Q20737194,Sunways Intersun,,"[""IS""]","[""SWW""]","[""Q43""]","[""1994-01-01T00:00:00Z""]","[""1997-01-01T00:00:00Z""]"
20737358,Q20737358,Q20737358,,[],[],"[""Q233""]",[],[]
20770831,Q20770831,FlyWays Linhas Aéreas,,[],"[""FYW""]","[""Q155""]","[""2014-01-01T00:00:00Z""]","[""2017-01-01T00:00:00Z""]"
20771627,Q20771627,LATAM,,[],[],[],"[""2015-01-01T00:00:00Z""]",[]
20824309,Q20824309,Q20824309,コンゴ・エアウェイズ,"[""8Z""]","[""CGA""]","[""Q974""]","[""2015-01-01T00:00:00Z""]",[]
20825992,Q20825992,OLT Express Regional,,[],[],"[""Q36""]",[],"[""2012-01-01T00:00:00Z""]"
20828717,Q20828717,Star Wings Dortmund,,[],"[""STQ""]","[""Q183""]","[""2009-01-01T00:00:00Z""]",[]
20828743,Q20828743,Kush Air,,[],[],"[""Q958""]","[""2010-01-01T00:00:00Z""]",[]
20857830,Q20857830,Air Leisure,エア・レジャー,"[""AL""]","[""ALD""]","[""Q79""]","[""2014-01-01T00:00:00Z""]",[]
20870414,Q20870414,Nexus Airlines,,[],[],"[""Q145""]","[""2005-01-01T00:00:00Z""]",[]
20871127,Q20871127,Q20871127,,"[""3X""]",[],"[""Q30""]",[],[]
20877834,Q20877834,Heli Air,,[],[],"[""Q145""]",[],[]
20880749,Q20880749,Reliant Air,,[],"[""RLI""]","[""Q30""]","[""1980-01-01T00:00:00Z""]",[]
20890046,Q20890046,HolidayJet,,"[""GM""]","[""GSW""]","[""Q39""]",[],"[""2015-11-01T00:00:00Z""]"
20894660,Q20894660,Canarias Regional Air,,"[""FW""]","[""CNM""]","[""Q29""]","[""1998-01-01T00:00:00Z""]","[""2000-01-01T00:00:00Z""]"
20894667,Q20894667,Euro First Air - Canarias Cargo,,[],"[""EFA""]","[""Q29""]","[""1999-01-01T00:00:00Z""]","[""2000-01-01T00:00:00Z""]"
20898249,Q20898249,Fly Advanced,,[],[],"[""Q30""]","[""2009-01-01T00:00:00Z""]",[]
20925653,Q20925653,Nordjet Airlines,,[],[],"[""Q29""]","[""2003-01-01T00:00:00Z""]",[]
20950323,Q20950323,Jota Aviation,Jotaアヴィエーション,[],"[""ENZ""]","[""Q145""]","[""2009-01-01T00:00:00Z""]","[""2022-04-01T00:00:00Z""]"
20973498,Q20973498,Rapid Air Lines,,[],[],"[""Q30""]","[""1933-01-01T00:00:00Z""]","[""1934-01-01T00:00:00Z""]"
20973512,Q20973512,AAA Airlines,,[],[],"[""Q408""]","[""1991-01-01T00:00:00Z""]","[""http://www.wikidata.org/.well-known/genid/b6a0f5e50f45030dd3d21d31b7a9ab19""]"
20977970,Q20977970,Drenair,,[],"[""DRS""]","[""Q29""]","[""1986-01-01T00:00:00Z""]","[""2003-01-01T00:00:00Z""]"
21002534,Q21002534,Air Costa Rica,,"[""RI""]","[""RII""]","[""Q800""]","[""2014-01-01T00:00:00Z""]","[""2018-01-01T00:00:00Z""]"
21017028,Q21017028,China General Aviation,中国通用航空,"[""GP""]","[""CTH""]","[""Q148""]","[""1987-01-01T00:00:00Z""]","[""1997-01-01T00:00:00Z""]"
21027942,Q21027942,Flightline 1994,フライトライン,[],[],"[""Q29""]","[""1994-01-01T00:00:00Z""]",[]
21029429,Q21029429,Colorado Airways,,[],[],[],[],[]
21031109,Q21031109,Patricia Airways,,[],[],[],[],[]
21031110,Q21031110,Wayco Air Service,,[],[],[],[],[]
21031112,Q21031112,Wyoming Air Service,,[],[],[],[],[]
21034546,Q21034546,Boeing Air Transport,,[],[],"[""Q30""]","[""1927-01-01T00:00:00Z""]","[""1934-05-01T00:00:00Z""]"
21036305,Q21036305,Taron Avia,,"[""H7""]","[""TRV""]","[""Q399""]","[""2007-01-01T00:00:00Z""]",[]
21036371,Q21036371,Express Airways,,[],"[""EPR""]",[],"[""1999-01-01T00:00:00Z""]","[""2016-01-01T00:00:00Z""]"
21039384,Q21039384,South Atlantic Airways,,[],"[""HRC""]",[],"[""2000-01-01T00:00:00Z""]","[""2001-01-01T00:00:00Z""]"
21044316,Q21044316,Servicios Aéreos de los Andes,,[],"[""AND""]","[""Q419""]",[],[]
21045056,Q21045056,Fly all ways,,[],[],"[""Q730""]",[],[]
21065693,Q21065693,Clifford Ball Airline,,[],[],"[""Q30""]","[""1927-04-01T00:00:00Z""]","[""1936-11-01T00:00:00Z""]"
21065696,Q21065696,Pennsylvania Airlines,,[],[],[],"[""1930-01-01T00:00:00Z""]","[""1936-11-01T00:00:00Z""]"
21065697,Q21065697,Pennsylvania Central Airlines,,[],[],[],"[""1936-11-01T00:00:00Z""]","[""1948-04-21T00:00:00Z""]"
21065698,Q21065698,Central Airlines,,[],[],[],"[""1934-01-01T00:00:00Z""]","[""1936-11-01T00:00:00Z""]"
21070922,Q21070922,Northway Aviation Ltd,,[],"[""NAL""]","[""Q16""]",[],[]
21096628,Q21096628,Fastjet Zimbabwe,ファストジェット・ジンバブエ,"[""FN""]","[""FJW""]","[""Q954""]","[""2015-01-01T00:00:00Z""]",[]
21097908,Q21097908,Q21097908,,"[""ZP""]","[""AZP""]","[""Q733""]","[""2015-01-01T00:00:00Z""]",[]
21149958,Q21149958,Curtiss Flying Service,,[],[],[],[],[]
21150450,Q21150450,Island Airlines,,[],[],[],[],[]
21168709,Q21168709,Coastal Air Lines,,[],[],[],[],[]
21168843,Q21168843,Isthmian Airways,,[],[],[],[],[]
21176160,Q21176160,Fly Blue Crane,,"[""7B""]","[""FCO""]","[""Q258""]",[],"[""2017-03-09T00:00:00Z""]"
21189347,Q21189347,GLO Airlines,,[],[],"[""Q30""]","[""2015-01-01T00:00:00Z""]",[]
21190457,Q21190457,Colorful Guizhou Airlines,多彩貴州航空,"[""GY""]","[""CGZ""]","[""Q148""]","[""2015-01-01T00:00:00Z""]",[]
21192273,Q21192273,Alaska-Washington Airways,,[],[],[],[],[]
21295459,Q21295459,Strato-Freight,,[],[],"[""Q30""]",[],[]
21295727,Q21295727,Curtiss Reid Flying Services,,[],[],"[""Q16""]",[],[]
21295881,Q21295881,Air Highnesses,,[],[],"[""Q399""]",[],[]
21313918,Q21313918,Spair Airlines,,[],[],"[""Q159""]",[],[]
21406312,Q21406312,Nordica,ノルディカ航空,"[""EE""]","[""EST""]","[""Q191""]","[""2015-09-25T00:00:00Z""]",[]
21410981,Q21410981,Gem Air,,[],[],"[""Q30""]",[],[]
21425023,Q21425023,Kata Air Transport,,[],[],"[""Q1049""]",[],[]
21425046,Q21425046,Transaven Airlines,,[],[],"[""Q717""]",[],[]
21468100,Q21468100,CAVOK Air,カボック・エア,[],"[""CVK""]","[""Q212""]","[""2011-01-01T00:00:00Z""]",[]
21469832,Q21469832,Jahangir Siddiqui Air,,[],[],"[""Q843""]",[],[]
21470356,Q21470356,Western Global Airlines,ウエスタン・グローバル・エアラインズ,"[""KD""]","[""WGN""]","[""Q30""]","[""2013-03-06T00:00:00Z""]",[]
21482041,Q21482041,UVT Aero,UVTエアロ,"[""RT""]","[""BUG""]","[""Q159""]","[""2015-01-01T00:00:00Z""]",[]
21493345,Q21493345,Sun Way,,[],[],"[""Q230""]",[],[]
21498582,Q21498582,Miami Airlines,,[],[],"[""Q30""]",[],[]
21498677,Q21498677,Avjet Corporation,,[],[],"[""Q30""]",[],[]
21499497,Q21499497,Queensland Airlines,,[],[],"[""Q408""]",[],[]
21500944,Q21500944,Golden Eagle Aviation,,[],[],"[""Q30""]",[],[]
21500988,Q21500988,Stavropolskaya Aktsionernaya Avia,,[],[],"[""Q159""]",[],[]
21517898,Q21517898,Aeolus Air,,[],"[""AAZ""]","[""Q1005""]",[],[]
21528895,Q21528895,Sunday Airlines,サンデー・エアラインズ,"[""DV""]","[""VSV""]","[""Q232""]","[""2013-01-01T00:00:00Z""]",[]
21747285,Q21747285,AJT Air International,,[],[],[],[],[]
21806375,Q21806375,Rayani Air,,"[""RN""]","[""RKT""]","[""Q833""]","[""2015-01-01T00:00:00Z""]","[""2016-06-09T00:00:00Z""]"
21848336,Q21848336,Fastjet Tanzania,ファストジェット,"[""FN""]","[""FTZ""]","[""Q924""]","[""2011-01-01T00:00:00Z""]","[""2019-11-25T00:00:00Z""]"
21884331,Q21884331,CargoLogicAir,カーゴロジックエア,"[""P3""]","[""CLU""]","[""Q145""]","[""2015-01-01T00:00:00Z""]",[]
21924765,Q21924765,Int'Air Îles,,"[""I7""]","[""IIA""]","[""Q970""]","[""2007-01-01T00:00:00Z""]",[]
21935568,Q21935568,ChileJet,,[],[],"[""Q298""]","[""2015-01-01T00:00:00Z""]",[]
21935596,Q21935596,Q21935596,,"[""LW""]","[""JMR""]","[""Q298""]","[""2015-01-01T00:00:00Z""]",[]
21973642,Q21973642,Fly Salone,,"[""5L""]",[],"[""Q145""]","[""2015-01-01T00:00:00Z""]","[""2016-03-18T00:00:00Z""]"
22022711,Q22022711,Hummingbird Air,,[],[],[],"[""2013-01-01T00:00:00Z""]",[]
22031799,Q22031799,Arctic Air,,"[""8A""]","[""AKR""]","[""Q20""]","[""1996-01-01T00:00:00Z""]","[""2003-01-01T00:00:00Z""]"
22032189,Q22032189,West Wing Aviation,,"[""WW""]",[],"[""Q408""]","[""2000-01-01T00:00:00Z""]",[]
22079859,Q22079859,FlyEgypt,フライエジプト,"[""FT""]","[""FEG""]","[""Q79""]","[""2014-01-01T00:00:00Z""]","[""2024-01-01T00:00:00Z""]"
22079893,Q22079893,FLYEST,,[],"[""AEG""]","[""Q191""]","[""2015-01-01T00:00:00Z""]",[]
22079898,Q22079898,Free Spirit Airlines,,"[""FS""]","[""FSA""]","[""Q408""]","[""2015-01-01T00:00:00Z""]",[]
22080133,Q22080133,Union Express Charter Airline,,[],[],"[""Q836""]","[""2014-01-01T00:00:00Z""]",[]
22080283,Q22080283,AB Aviation,ABアビエーション,"[""Y6""]","[""CIK""]","[""Q970""]","[""2013-01-01T00:00:00Z""]",[]
22080715,Q22080715,Virgin Atlantic Little Red,,"[""VS""]","[""VIR""]","[""Q145""]","[""2013-01-01T00:00:00Z""]","[""2015-09-26T00:00:00Z""]"
22080749,Q22080749,Asian Express Airline,,"[""KV""]","[""TXP""]","[""Q863""]","[""2011-01-01T00:00:00Z""]",[]
22102034,Q22102034,Woodgate Aviation,,[],"[""CWY""]","[""Q145""]",[],[]
22227166,Q22227166,Colombian Air Navigation Company (CCNA),,[],[],"[""Q739""]","[""1919-09-16T00:00:00Z""]","[""1922-07-17T00:00:00Z""]"
22234509,Q22234509,Fly All Ways,フライ・オールウェイズ,"[""8W""]","[""EDR""]","[""Q730""]","[""2014-01-01T00:00:00Z""]",[]
22569840,Q22569840,Tropic Ocean Airways,,[],[],"[""Q30""]","[""2009-01-01T00:00:00Z""]",[]
22636970,Q22636970,Georgian Bay Airways,,[],[],"[""Q16""]",[],[]
22674514,Q22674514,Air Traffic,,[],"[""ACJ""]","[""Q183""]","[""1969-01-01T00:00:00Z""]","[""2015-01-01T00:00:00Z""]"
22674529,Q22674529,Conti-Flug,,"[""DD""]","[""EPC""]","[""Q183""]","[""1964-01-01T00:00:00Z""]","[""1994-01-01T00:00:00Z""]"
22674545,Q22674545,Elbeflug,,[],[],"[""Q183""]","[""1969-01-01T00:00:00Z""]","[""1972-01-01T00:00:00Z""]"
22674555,Q22674555,Filder Air Service,,[],[],"[""Q183""]","[""1999-01-01T00:00:00Z""]","[""2000-01-01T00:00:00Z""]"
22674587,Q22674587,Interregional Fluggesellschaft,,[],"[""IP""]","[""Q183""]","[""1967-08-26T00:00:00Z""]","[""1974-01-25T00:00:00Z""]"
22674708,Q22674708,Tempelhof Express,,[],[],"[""Q183""]","[""1998-01-01T00:00:00Z""]","[""2000-01-01T00:00:00Z""]"
22674735,Q22674735,Wirtschaftsflug,,[],"[""WS""]","[""Q183""]","[""1972-01-01T00:00:00Z""]","[""1982-01-01T00:00:00Z""]"
22681200,Q22681200,ALAK,,"[""J4""]","[""LSV""]","[""Q159""]",[],[]
22681235,Q22681235,Q22681235,,[],[],"[""Q159""]",[],[]
22681244,Q22681244,Q22681244,,[],[],"[""Q159""]",[],[]
22681269,Q22681269,Diamond Sakha Airlines,,"[""D8""]","[""DSL""]",[],[],"[""1998-01-01T00:00:00Z""]"
22681283,Q22681283,Q22681283,,[],[],"[""Q159""]",[],[]
22681285,Q22681285,Eurasia Airlines,,"[""UH""]","[""EUS""]",[],"[""1997-01-01T00:00:00Z""]","[""2003-09-17T00:00:00Z""]"
22681337,Q22681337,IRS Aero,,[],[],"[""Q159""]",[],[]
22681473,Q22681473,Q22681473,,[],[],"[""Q159""]",[],[]
22681730,Q22681730,Q22681730,,[],[],"[""Q159""]",[],[]
22691031,Q22691031,Alpine Flight Service,,[],"[""FSE""]","[""Q40""]","[""2015-01-01T00:00:00Z""]",[]
22691553,Q22691553,Cello Aviation,,[],[],"[""Q145""]","[""2009-01-01T00:00:00Z""]",[]
22691812,Q22691812,Eurowings Austria,ユーロウイングス・ヨーロッパ,"[""E2""]","[""EWE""]","[""Q40""]","[""2016-01-01T00:00:00Z""]","[""2022-11-03T00:00:00Z""]"
22811612,Q22811612,Norwegian Air International,ノルウェー・エア・インターナショナル,"[""D8""]","[""IBK""]","[""Q27""]","[""2014-02-01T00:00:00Z""]","[""2021-04-01T00:00:00Z""]"
22930075,Q22930075,Q22930075,,[],[],"[""Q851""]",[],[]
22935752,Q22935752,FlyDamas,フライダマス,"[""4J""]","[""FDK""]","[""Q858""]","[""2013-01-01T00:00:00Z""]",[]
23016357,Q23016357,Air Indiana,エア・インディアナ,[],[],"[""Q30""]",[],[]
23016363,Q23016363,Brower Airlines,,[],[],"[""Q30""]",[],[]
23016381,Q23016381,National Florida Airlines,,[],[],"[""Q30""]",[],[]
23016395,Q23016395,Trans-Mo Airlines,,[],[],"[""Q30""]",[],[]
23020535,Q23020535,Suburban Air Freight,,[],"[""SUB""]","[""Q30""]","[""1980-01-01T00:00:00Z""]",[]
23038882,Q23038882,Aero4M,,"[""NL""]","[""AEH""]","[""Q215""]","[""2008-01-01T00:00:00Z""]",[]
23043418,Q23043418,Air Charter Services,,[],[],"[""Q668""]",[],[]
23045270,Q23045270,Oulun Tilauslento,,[],"[""FNL""]","[""Q33""]","[""1992-01-01T00:00:00Z""]","[""2018-01-01T00:00:00Z""]"
23048079,Q23048079,AirSWIFT,エアスィフト,"[""T6""]","[""ATX""]","[""Q928""]",[],[]
23058369,Q23058369,Swazi Airways,,[],[],"[""Q1050""]","[""2013-01-01T00:00:00Z""]","[""2017-01-01T00:00:00Z""]"
23058764,Q23058764,Utah Airways,,[],[],"[""Q30""]","[""2015-01-01T00:00:00Z""]",[]
23058768,Q23058768,VivaCan,,[],[],[],"[""2016-01-01T00:00:00Z""]",[]
23073577,Q23073577,FlyPelican,フライ・ペリカン,"[""FP""]","[""FRE""]","[""Q408""]",[],[]
23074037,Q23074037,Air Spray,エアスプレー,[],"[""ASB""]","[""Q16""]","[""1967-01-01T00:00:00Z""]",[]
23640723,Q23640723,Advance Airlines,,"[""DR""]",[],"[""Q408""]","[""1974-01-01T00:00:00Z""]","[""1981-01-01T00:00:00Z""]"
23769262,Q23769262,Air Travel,紅土航空,"[""A6""]","[""OTC""]","[""Q148""]","[""2015-01-01T00:00:00Z""]",[]
23779117,Q23779117,Maluti Sky,,"[""7D""]","[""MSU""]","[""Q1013""]","[""2009-01-01T00:00:00Z""]","[""2017-01-01T00:00:00Z""]"
23808017,Q23808017,Premier Airways,,[],[],"[""Q668""]",[],[]
23812020,Q23812020,Amaszonas Uruguay,,[],[],"[""Q77""]","[""2016-01-01T00:00:00Z""]",[]
23837222,Q23837222,Galaxy Airways (Greece),,[],[],"[""Q41""]","[""1999-01-01T00:00:00Z""]",[]
23899316,Q23899316,Thai Vietjet Air,タイ・ベトジェットエア,"[""VZ""]","[""TVJ""]","[""Q869""]","[""2014-01-01T00:00:00Z""]",[]
23979091,Q23979091,French Bee,フレンチブルー,"[""BF""]","[""FBU""]","[""Q142""]","[""2016-01-01T00:00:00Z""]",[]
24007895,Q24007895,Nordic Seaplanes,,[],[],"[""Q35""]","[""2015-01-01T00:00:00Z""]",[]
24035331,Q24035331,flyadeal,フライアディール,"[""F3""]","[""FAD""]","[""Q851""]","[""2016-01-01T00:00:00Z""]",[]
24071256,Q24071256,Small Planet Airlines GmbH,,[],[],"[""Q183""]","[""2015-01-01T00:00:00Z""]","[""2018-01-01T00:00:00Z""]"
24078900,Q24078900,SW Italia,,[],"[""CSW""]","[""Q38""]","[""2015-01-01T00:00:00Z""]","[""2019-10-01T00:00:00Z""]"
24189611,Q24189611,North Shore Air,,"[""NS""]",[],"[""Q664""]",[],"[""2015-10-30T00:00:00Z""]"
24191294,Q24191294,Summit Helicopters,,[],[],"[""Q16""]","[""2013-01-01T00:00:00Z""]",[]
24238748,Q24238748,Bravo Airways,ブラボー・エアウェイズ,[],"[""BAY""]","[""Q212""]","[""2012-01-01T00:00:00Z""]",[]
24255019,Q24255019,Cobalt Air,,"[""CO""]","[""FCB""]","[""Q229""]","[""2016-01-01T00:00:00Z""]","[""2018-10-17T00:00:00Z""]"
24498623,Q24498623,Golden Wings Aviation,,[],[],"[""Q958""]","[""2014-01-01T00:00:00Z""]",[]
24566616,Q24566616,AZALJet,AZALジェット,"[""J2""]","[""AHY""]","[""Q227""]","[""2015-01-01T00:00:00Z""]",[]
24566930,Q24566930,Enterprise Airlines,,"[""BE""]",[],"[""Q30""]","[""1988-01-01T00:00:00Z""]",[]
24706441,Q24706441,Pleuger Flugdienst,,[],"[""JR""]","[""Q183""]","[""1973-01-01T00:00:00Z""]","[""1978-01-01T00:00:00Z""]"
24765258,Q24765258,Air Dilijans,アルメニア・エアカンパニー,"[""RM""]","[""NGT""]","[""Q399""]","[""2015-11-25T00:00:00Z""]",[]
24765630,Q24765630,ESS Luftfahrtunternehmen,,[],"[""ESS""]","[""Q183""]","[""1986-01-01T00:00:00Z""]","[""1988-01-01T00:00:00Z""]"
24796481,Q24796481,Eastwest Airlines,,"[""5D""]","[""EWT""]","[""Q183""]","[""1993-01-01T00:00:00Z""]","[""1995-01-01T00:00:00Z""]"
24836090,Q24836090,Tianjin Air Cargo,天津貨運航空,[],[],"[""Q148""]",[],[]
24836585,Q24836585,Great China Airlines,大華航空,[],[],"[""Q865""]","[""1966-03-28T00:00:00Z""]","[""1998-07-01T00:00:00Z""]"
24841017,Q24841017,Air Guilin,桂林航空,"[""GT""]","[""CGH""]","[""Q148""]","[""2013-01-01T00:00:00Z""]",[]
24867828,Q24867828,Air Seoul,エアソウル,"[""RS""]","[""ASV""]","[""Q884""]","[""2014-01-01T00:00:00Z""]",[]
24908122,Q24908122,Andorra Airlines,,"[""AN""]","[""AEN""]","[""Q29""]","[""2015-01-01T00:00:00Z""]",[]
24910754,Q24910754,Smile Air,,[],[],[],"[""2014-01-01T00:00:00Z""]",[]
24910791,Q24910791,Goldstar Air,,[],[],[],"[""2014-01-01T00:00:00Z""]",[]
24913539,Q24913539,Ventura AirConnect,,[],[],"[""Q668""]","[""2010-01-01T00:00:00Z""]",[]
24913597,Q24913597,Fly540 Angola,,"[""F5""]",[],"[""Q916""]","[""2009-01-01T00:00:00Z""]","[""2014-04-01T00:00:00Z""]"
24913598,Q24913598,Royal Fly-GH,,"[""5G""]","[""FOX""]","[""Q117""]","[""2010-01-01T00:00:00Z""]",[]
24915570,Q24915570,Albawings,アルバウィングス,"[""2B""]","[""AWT""]","[""Q222""]","[""2015-01-01T00:00:00Z""]",[]
24915885,Q24915885,SkyBus International Airlines,スカイバス国際航空,[],[],"[""Q232""]","[""2008-01-01T00:00:00Z""]",[]
24928673,Q24928673,Northern Air Charter,,[],[],"[""Q183""]","[""1991-01-01T00:00:00Z""]","[""2003-01-01T00:00:00Z""]"
25004722,Q25004722,Tejas Airlines,,[],[],"[""Q30""]","[""1977-01-01T00:00:00Z""]","[""1980-01-01T00:00:00Z""]"
25037248,Q25037248,Air Africa,エア・アフリカ,"[""M8""]","[""MSC""]","[""Q159""]",[],"[""1996-01-08T00:00:00Z""]"
25048154,Q25048154,Hawa Air,,[],[],"[""Q31""]",[],"[""1988-01-01T00:00:00Z""]"
25048876,Q25048876,Air Shares Elite,,[],[],[],[],[]
25052181,Q25052181,Petroleum Helicopters International,,[],"[""PHM""]","[""Q30""]",[],[]
25052641,Q25052641,Rollins Air,,[],[],"[""Q783""]",[],[]
25052889,Q25052889,KLM Helikopters,,[],[],"[""Q55""]",[],"[""1998-01-01T00:00:00Z""]"
25053529,Q25053529,Aero Uruguay,,[],[],"[""Q77""]","[""1977-07-26T00:00:00Z""]","[""2005-01-01T00:00:00Z""]"
25053688,Q25053688,Dubnica Air,,[],[],[],[],[]
25054228,Q25054228,Baltia Airlines,,[],[],"[""Q30""]","[""1989-01-01T00:00:00Z""]",[]
25054457,Q25054457,Evojets,,[],[],"[""Q30""]",[],[]
25101358,Q25101358,My Indo Airlines,マイ・インド・エアラインズ,"[""2Y""]","[""MYU""]","[""Q252""]","[""2014-01-01T00:00:00Z""]",[]
25110746,Q25110746,Everjets,,[],"[""EVJ""]","[""Q45""]",[],[]
25203528,Q25203528,Atlantic Express,,[],"[""JLM""]","[""Q1005""]","[""2004-12-16T00:00:00Z""]","[""http://www.wikidata.org/.well-known/genid/2158c3e9acbd0aa2786dbe13367d9903""]"
25345105,Q25345105,Havana Air,,[],[],"[""Q30""]","[""2014-01-01T00:00:00Z""]",[]
25345190,Q25345190,Airlink Cargo,,"[""4Z""]","[""LNK""]","[""Q258""]","[""2011-01-01T00:00:00Z""]",[]
25352341,Q25352341,Travel Air,トラベル・エア (パプアニューギニア),"[""4F""]",[],"[""Q691""]","[""2006-01-01T00:00:00Z""]","[""2016-01-01T00:00:00Z""]"
25377577,Q25377577,Arnarflug,,[],[],"[""Q189""]",[],[]
25378531,Q25378531,Q25378531,,[],[],"[""Q114""]",[],[]
25378533,Q25378533,Mid Africa Aviation,,[],[],"[""Q1005""]",[],[]
25379024,Q25379024,Q25379024,,[],[],"[""Q794""]",[],[]
25381921,Q25381921,Q25381921,,[],[],"[""Q298""]",[],[]
25384057,Q25384057,Pomair,,[],[],"[""Q31""]","[""1969-01-01T00:00:00Z""]","[""1974-10-13T00:00:00Z""]"
25384943,Q25384943,Hinduja Cargo Services,,"[""LF""]","[""LCI""]","[""Q668""]","[""1996-02-06T00:00:00Z""]","[""2001-01-01T00:00:00Z""]"
25386064,Q25386064,Q25386064,,[],[],"[""Q45""]",[],[]
25387041,Q25387041,Q25387041,,[],[],"[""Q189""]",[],[]
25387698,Q25387698,Q25387698,,[],[],[],[],[]
25388370,Q25388370,Q25388370,,[],[],[],[],[]
25389198,Q25389198,Hössl & Winkler,,[],"[""HD""]","[""Q183""]",[],"[""1982-01-01T00:00:00Z""]"
25393287,Q25393287,Q25393287,,[],[],"[""Q977""]",[],[]
25393289,Q25393289,Q25393289,,[],[],"[""Q977""]",[],[]
25393325,Q25393325,Dart,,"[""D4""]","[""DAT""]","[""Q212""]","[""1997-01-01T00:00:00Z""]","[""2018-01-01T00:00:00Z""]"
25400392,Q25400392,Q25400392,,[],[],"[""Q159""]","[""1996-01-01T00:00:00Z""]","[""2010-01-01T00:00:00Z""]"
25468814,Q25468814,Indonesia Civil Pilot Academy of Banyuwangi,,[],[],"[""Q252""]","[""2019-04-15T00:00:00Z""]",[]
25536022,Q25536022,Q25536022,アルファ・ジェット,[],[],"[""Q229""]","[""2006-01-01T00:00:00Z""]","[""2006-01-01T00:00:00Z""]"
25548481,Q25548481,Q25548481,,[],[],[],[],[]
25626142,Q25626142,Niranjanananda Saraswati,,[],[],"[""Q822""]",[],[]
26161498,Q26161498,Air Terrex,,[],[],"[""Q213""]","[""1992-06-15T00:00:00Z""]",[]
26161499,Q26161499,Air Ostrava,,[],[],"[""Q213""]","[""1994-01-01T00:00:00Z""]","[""2008-01-01T00:00:00Z""]"
26161531,Q26161531,Georgia Air Prague,,[],[],"[""Q213""]","[""1991-12-18T00:00:00Z""]",[]
26256176,Q26256176,QuickJet Aviation,,[],[],"[""Q1030""]","[""1998-01-01T00:00:00Z""]","[""1999-01-01T00:00:00Z""]"
26268368,Q26268368,Solar Cargo,,"[""4S""]","[""OLC""]","[""Q717""]","[""2001-01-01T00:00:00Z""]",[]
26271118,Q26271118,Q26271118,,"[""KC""]","[""TLL""]","[""Q1044""]","[""2003-01-01T00:00:00Z""]","[""2006-01-01T00:00:00Z""]"
26271878,Q26271878,Hapag-Lloyd Executive,,[],"[""EXC""]","[""Q183""]","[""1999-01-01T00:00:00Z""]","[""2013-01-01T00:00:00Z""]"
26490005,Q26490005,Československá letecká společnost,,[],[],"[""Q33946""]","[""1927-01-01T00:00:00Z""]","[""1939-01-01T00:00:00Z""]"
26794383,Q26794383,Bayerischer Flugdienst,,[],"[""BT""]","[""Q183""]","[""1954-01-01T00:00:00Z""]","[""1975-01-01T00:00:00Z""]"
26794459,Q26794459,Nora Air Services,,[],[],"[""Q183""]","[""1970-01-01T00:00:00Z""]","[""1972-01-01T00:00:00Z""]"
26794481,Q26794481,Skyward Airlines,,"[""OW""]","[""SEW""]","[""Q114""]",[],[]
26877965,Q26877965,Q26877965,,[],[],"[""Q114""]",[],[]
26880381,Q26880381,FlyOne,フライワン,"[""5F""]","[""FIA""]","[""Q217""]","[""2015-05-01T00:00:00Z""]",[]
26916579,Q26916579,TriStar Airlines,,"[""T3""]",[],"[""Q30""]","[""1995-01-01T00:00:00Z""]","[""1997-01-01T00:00:00Z""]"
26928630,Q26928630,Talofa Airways,タロファ・エアラインズ,[],[],"[""Q683""]",[],[]
27070224,Q27070224,JSX,,[],[],"[""Q30""]",[],[]
27136886,Q27136886,Consairway,,[],[],[],"[""1941-01-01T00:00:00Z""]","[""1945-01-01T00:00:00Z""]"
27186335,Q27186335,IDG Technology Airlines,,[],[],[],[],[]
27479525,Q27479525,Silesia Air,,[],"[""SUA""]","[""Q213""]","[""2002-04-20T00:00:00Z""]",[]
27493922,Q27493922,Wingo,ウィンゴ,"[""P5""]","[""RPB""]","[""Q739""]","[""2016-01-01T00:00:00Z""]",[]
27654274,Q27654274,Espe Air Prague,,[],[],"[""Q213""]","[""1991-10-29T00:00:00Z""]",[]
27684220,Q27684220,Hai Au Aviation Joint Stock Company,,[],[],"[""Q881""]",[],[]
27842245,Q27842245,Azur Air Germany,アズール・エア,"[""UR""]","[""ARZ""]","[""Q183""]","[""2016-01-01T00:00:00Z""]","[""2018-01-01T00:00:00Z""]"
27865767,Q27865767,Sterna Linhas Aéreas,,[],[],"[""Q155""]","[""2015-01-01T00:00:00Z""]","[""2017-01-01T00:00:00Z""]"
27869356,Q27869356,Q27869356,,[],[],"[""Q213""]","[""2006-01-01T00:00:00Z""]","[""2016-11-01T00:00:00Z""]"
27869551,Q27869551,Q27869551,,[],[],"[""Q213""]","[""1990-01-01T00:00:00Z""]",[]
27886697,Q27886697,Sundair,,"[""SR""]","[""SDR""]","[""Q183""]","[""2016-02-02T00:00:00Z""]",[]
27917033,Q27917033,BRA Braathens Regional Airlines,ブラーテンズ・リージョナル・エアラインズ,"[""TF""]",[],"[""Q34""]","[""2016-01-01T00:00:00Z""]",[]
27917261,Q27917261,Golden Air,,"[""DC""]","[""GAO""]","[""Q34""]","[""1976-01-01T00:00:00Z""]","[""2012-01-01T00:00:00Z""]"
27926620,Q27926620,SalamAir,サラムエア,"[""OV""]","[""OMS""]","[""Q842""]","[""2016-01-01T00:00:00Z""]",[]
27926641,Q27926641,Star Marianas Air,スターマリアナス・エア,[],[],[],"[""2008-01-01T00:00:00Z""]",[]
27926738,Q27926738,Bul Air,,"[""LB""]","[""BVL""]","[""Q219""]","[""2016-01-01T00:00:00Z""]",[]
27927817,Q27927817,Q27927817,,"[""A0""]","[""ANC""]","[""Q414""]","[""1995-01-01T00:00:00Z""]","[""2019-06-09T00:00:00Z""]"
27942401,Q27942401,Transports et Travaux Aériens de Madagascar,,[],[],"[""Q1019""]","[""1954-01-01T00:00:00Z""]","[""2002-01-01T00:00:00Z""]"
27961618,Q27961618,Fly CAA,,"[""BU""]",[],"[""Q974""]",[],[]
27967075,Q27967075,Libyan Wings,リビアン・ウィングス,"[""YL""]","[""LWA""]","[""Q1016""]",[],[]
27970677,Q27970677,Volaris Costa Rica,ボラリス・コスタリカ,"[""Q6""]","[""VOC""]","[""Q800""]","[""2016-01-01T00:00:00Z""]",[]
28056940,Q28056940,Starlux Airlines,スターラックス航空,"[""JX""]","[""SJX""]","[""Q865""]","[""2018-05-02T00:00:00Z""]",[]
28099067,Q28099067,Euro City Line,,"[""LP""]",[],"[""Q183""]","[""1985-01-01T00:00:00Z""]","[""1995-01-01T00:00:00Z""]"
28102591,Q28102591,DLT Deutsche Luftverkehrsgesellschaft,,"[""DW""]","[""DLT"",""DW""]","[""Q183""]","[""1974-01-01T00:00:00Z""]","[""1992-01-01T00:00:00Z""]"
28129782,Q28129782,Link Airways,リンク・エアウェイズ,"[""FC""]",[],"[""Q408""]","[""2016-01-01T00:00:00Z""]",[]
28152378,Q28152378,Time Air,,[],"[""TIE""]","[""Q213""]","[""2001-01-01T00:00:00Z""]",[]
28162912,Q28162912,Sealand Helicopters,,[],[],"[""Q16""]","[""1977-01-01T00:00:00Z""]","[""1987-01-01T00:00:00Z""]"
28169324,Q28169324,Zoom Air,ズーム・エア,"[""ZO""]","[""ZOA""]","[""Q668""]","[""2013-01-01T00:00:00Z""]",[]
28173448,Q28173448,Serene Air,セレーンエア,"[""ER""]","[""SEP""]","[""Q843""]",[],[]
28180766,Q28180766,Parcelair,パーセル航空,[],"[""APK""]","[""Q664""]","[""2015-01-01T00:00:00Z""]",[]
28219851,Q28219851,Airly,,[],[],"[""Q408""]","[""2015-01-01T00:00:00Z""]",[]
28220040,Q28220040,Global Georgian Airways,,[],[],"[""Q230""]","[""2004-01-01T00:00:00Z""]",[]
28220917,Q28220917,Express Air Cargo,,"[""7A""]","[""XRC""]","[""Q948""]","[""2015-01-01T00:00:00Z""]",[]
28223202,Q28223202,Comair Flight Services,,[],"[""GCM""]","[""Q258""]","[""2007-01-01T00:00:00Z""]",[]
28225012,Q28225012,Ernest Airlines,アーネスト航空,"[""EG""]","[""ERN""]","[""Q38""]","[""2016-01-01T00:00:00Z""]","[""2020-01-10T00:00:00Z""]"
28227628,Q28227628,Skymax,,[],"[""SMX""]","[""Q30""]","[""2013-01-01T00:00:00Z""]",[]
28231472,Q28231472,Woodley Airways,,[],[],"[""Q30""]","[""1932-01-01T00:00:00Z""]","[""1945-01-01T00:00:00Z""]"
28233170,Q28233170,Sable Aviation,,[],[],"[""Q16""]","[""2016-01-01T00:00:00Z""]",[]
28402009,Q28402009,Ludington Airlines,,[],[],"[""Q30""]","[""1929-01-01T00:00:00Z""]","[""1933-01-01T00:00:00Z""]"
28404152,Q28404152,As Salaam Air,,[],[],"[""Q924""]","[""2013-01-01T00:00:00Z""]",[]
28404358,Q28404358,Q28404358,スカイ・ハイ・アビエーション・サービス,"[""DO""]","[""SHH""]","[""Q786""]","[""2012-01-01T00:00:00Z""]",[]
28406637,Q28406637,Air Commerce,,[],[],[],"[""1991-01-01T00:00:00Z""]",[]
28407720,Q28407720,MJets,,[],[],"[""Q869""]",[],[]
28407773,Q28407773,FlyViking,フライバイキング,"[""VF""]","[""FVK""]","[""Q20""]","[""2016-01-01T00:00:00Z""]","[""2018-01-12T00:00:00Z""]"
28434364,Q28434364,Aerolit,,[],[],[],[],[]
28438085,Q28438085,MagadanAeroGruz,,[],[],[],[],[]
28446050,Q28446050,Kairali Airlines,,[],[],"[""Q668""]",[],[]
28447113,Q28447113,Shoreline Aviation,,[],"[""SDB""]","[""Q30""]",[],[]
28448080,Q28448080,Afra Airways,,[],[],"[""Q967""]","[""2016-01-01T00:00:00Z""]",[]
28454808,Q28454808,Aerodynamics Inc.,,"[""4A""]","[""DYN""]","[""Q30""]","[""1959-01-01T00:00:00Z""]","[""2018-03-26T00:00:00Z""]"
28465992,Q28465992,Orient Avia,,"[""V6""]","[""ORT""]","[""Q159""]","[""1994-01-01T00:00:00Z""]","[""1997-01-01T00:00:00Z""]"
28466038,Q28466038,Oryol Avia,,[],[],"[""Q159""]",[],[]
28466474,Q28466474,Permtransavia-PM,,[],[],"[""Q159""]",[],[]
28471767,Q28471767,Remex,,[],[],"[""Q159""]",[],"[""http://www.wikidata.org/.well-known/genid/9e80f05de11f2a7f2d748fbc45b748ce""]"
28471965,Q28471965,Rus,,[],[],"[""Q159""]",[],[]
28496959,Q28496959,Joon Airlines,Joon,"[""J6"",""JN""]","[""JNA"",""JON""]","[""Q142""]","[""2017-01-01T00:00:00Z""]","[""2019-06-28T00:00:00Z""]"
28499447,Q28499447,Madagasikara Airways,,"[""7D""]",[],"[""Q1019""]",[],[]
28501868,Q28501868,Q28501868,,[],[],"[""Q298""]","[""2016-01-01T00:00:00Z""]",[]
28503405,Q28503405,Viva Air Peru,ビバ・エア・ペルー,"[""VV""]","[""VPE""]","[""Q419""]","[""2017-01-01T00:00:00Z""]",[]
28527826,Q28527826,Severaero,,[],[],"[""Q159""]",[],[]
28567560,Q28567560,SPAir,,[],[],[],[],[]
28600344,Q28600344,BHS Aviation,,[],"[""BHZ""]","[""Q183""]","[""2008-01-01T00:00:00Z""]",[]
28603562,Q28603562,Special Cargo Airlines,,[],[],"[""Q159""]",[],"[""http://www.wikidata.org/.well-known/genid/3619a9083e2067cc8508c7f792fcb975""]"
28605256,Q28605256,Start,,[],[],"[""Q159""]",[],[]
28609634,Q28609634,Stela,,[],[],"[""Q159""]",[],[]
28609792,Q28609792,Touch & Go,,[],[],"[""Q159""]",[],[]
28651670,Q28651670,Transaero Express,,[],[],"[""Q159""]",[],[]
28657121,Q28657121,Transaero Samara,,[],[],"[""Q159""]",[],[]
28657287,Q28657287,Trans-Charter,,[],[],"[""Q159""]",[],"[""http://www.wikidata.org/.well-known/genid/44c97b101d8730cbaa415d9f60e29074""]"
28662375,Q28662375,Tretyakovo Airlines,,[],[],"[""Q159""]",[],[]
28670012,Q28670012,Aeralpi,,[],[],"[""Q38""]","[""1962-01-01T00:00:00Z""]","[""1968-01-01T00:00:00Z""]"
28685391,Q28685391,Tyumen Airlines,,[],[],"[""Q159""]",[],[]
28706064,Q28706064,Q28706064,,[],[],"[""Q212""]",[],[]
28719599,Q28719599,Cyprus Airways,キプロス・エアウェイズ,"[""CY""]","[""CYP""]","[""Q229""]","[""2017-01-01T00:00:00Z""]",[]
28721688,Q28721688,Q28721688,,"[""6F""]",[],"[""Q30""]","[""1994-01-01T00:00:00Z""]","[""1998-01-01T00:00:00Z""]"
28728097,Q28728097,VostSibAero,,[],[],"[""Q159""]",[],[]
28731168,Q28731168,Yermolino Airlines,,[],"[""EFE""]","[""Q159""]",[],"[""http://www.wikidata.org/.well-known/genid/b99938b9f6ea70c6eea5aaa428ebf3b6""]"
28731599,Q28731599,Atrak Air,,[],"[""ATR""]","[""Q794""]","[""1993-01-01T00:00:00Z""]",[]
28732637,Q28732637,Yukosavia,,[],[],[],"[""1996-01-01T00:00:00Z""]","[""2000-01-01T00:00:00Z""]"
28742622,Q28742622,Q28742622,セペラン航空,"[""IS""]","[""SHI""]","[""Q794""]","[""2016-07-10T00:00:00Z""]",[]
28845202,Q28845202,RAS Flug,,"[""RW""]","[""RLD""]","[""Q183""]","[""1971-01-01T00:00:00Z""]","[""2002-01-01T00:00:00Z""]"
28872996,Q28872996,Q28872996,,[],[],"[""Q27""]",[],[]
28939641,Q28939641,Abacus Air,,[],"[""ABA""]","[""Q183""]","[""1974-01-01T00:00:00Z""]","[""1998-01-01T00:00:00Z""]"
28955954,Q28955954,Level,レベル,"[""LL""]","[""LVL""]","[""Q29""]","[""2017-03-17T00:00:00Z""]",[]
28958607,Q28958607,Q28958607,フライボンディ,"[""FO""]","[""FBZ""]","[""Q414""]","[""2016-01-01T00:00:00Z""]",[]
28967742,Q28967742,Fly Orion Airways,,[],"[""FOH""]","[""Q229""]","[""2015-01-01T00:00:00Z""]",[]
28971325,Q28971325,Delta (Denmark),,[],[],"[""Q35""]",[],[]
28971909,Q28971909,North Star Air,ノース・スター・エア,[],[],"[""Q16""]","[""1997-01-01T00:00:00Z""]",[]
28973970,Q28973970,TAP Express,TAPエクスプレス,"[""TP""]","[""TAP""]","[""Q45""]","[""1988-01-01T00:00:00Z""]",[]
29010457,Q29010457,Air Omega,,"[""OE""]","[""AOW""]","[""Q183""]","[""2001-01-01T00:00:00Z""]","[""2003-01-01T00:00:00Z""]"
29017831,Q29017831,Norwegian Air UK,ノルウェー・エアシャトル UK,"[""DI""]","[""NRS""]","[""Q145""]","[""2015-11-01T00:00:00Z""]","[""2021-01-01T00:00:00Z""]"
29017843,Q29017843,JC International Airlines,JCインターナショナル航空,"[""QD""]","[""JCC""]","[""Q424""]","[""2014-01-01T00:00:00Z""]","[""2023-02-28T00:00:00Z""]"
29017849,Q29017849,China National Aviation Holding,中国航空集団,[],[],"[""Q148""]","[""2002-01-01T00:00:00Z""]",[]
29017875,Q29017875,Q29017875,ノルウェージャン・エア・アルゼンティナ,"[""DN""]","[""NAA""]","[""Q414""]","[""2017-01-25T00:00:00Z""]",[]
29017885,Q29017885,LJ Air,竜江航空,"[""LT""]","[""SNG""]","[""Q148""]","[""2014-01-01T00:00:00Z""]",[]
29017919,Q29017919,Anda Air,,"[""5G""]","[""SSV""]","[""Q212""]","[""2015-01-01T00:00:00Z""]",[]
29017964,Q29017964,AirX Charter,AirXチャーター,[],"[""AXY""]","[""Q233""]","[""2011-01-01T00:00:00Z""]",[]
29017971,Q29017971,Air Alderney,,[],[],[],"[""2017-01-01T00:00:00Z""]",[]
29018057,Q29018057,Qatar Airways Cargo,,"[""QR""]",[],"[""Q846""]","[""1993-11-22T00:00:00Z""]",[]
29168347,Q29168347,Meridian,,[],[],"[""Q159""]",[],[]
29389430,Q29389430,Turpial Airlines,ターピアル・エアラインズ,"[""TU""]","[""VTU""]","[""Q717""]","[""2016-01-01T00:00:00Z""]",[]
29485747,Q29485747,Nashville Eagle,,[],[],"[""Q30""]","[""1988-01-01T00:00:00Z""]","[""1991-06-01T00:00:00Z""]"
29641304,Q29641304,Flight Hauraki,,[],"[""HKI""]","[""Q664""]","[""2008-01-01T00:00:00Z""]",[]
29645589,Q29645589,Q29645589,,[],[],"[""Q20""]","[""1946-01-01T00:00:00Z""]","[""1948-01-01T00:00:00Z""]"
29962369,Q29962369,Rainbow Airlines,,[],"[""RAT"",""TZR""]","[""Q954""]","[""2013-01-01T00:00:00Z""]",[]
30033214,Q30033214,Heli Service International,,[],[],"[""Q183""]",[],[]
30082402,Q30082402,Q30082402,,[],[],[],[],[]
30106175,Q30106175,JetSmart,ジェットスマート,"[""JA""]","[""JAT""]","[""Q298""]","[""2016-01-01T00:00:00Z""]",[]
30250201,Q30250201,Norsk Helikopterservice,,[],[],"[""Q20""]","[""2009-01-01T00:00:00Z""]",[]
30307520,Q30307520,PowdAir,,[],[],[],[],[]
30311593,Q30311593,Lakeshore Express,,[],[],[],"[""2009-01-01T00:00:00Z""]",[]
30312612,Q30312612,Gotia Shuttle Express,,[],[],"[""Q34""]","[""1989-06-01T00:00:00Z""]","[""1994-01-01T00:00:00Z""]"
30344196,Q30344196,Buta Airways,ブタ・エアウェイズ,"[""J2""]","[""AHY""]","[""Q227""]","[""2016-12-14T00:00:00Z""]","[""2023-10-01T00:00:00Z""]"
30348771,Q30348771,Aeroservicios Gama,,[],[],"[""Q96""]",[],[]
30348846,Q30348846,VigoJet,,[],[],"[""Q96""]",[],[]
30348976,Q30348976,Saint-Ex Cargo,,[],[],"[""Q96""]",[],[]
30595476,Q30595476,Rectrix Aviation,,[],"[""RIX""]","[""Q30""]","[""2005-01-01T00:00:00Z""]",[]
30605326,Q30605326,Waves,,[],[],"[""Q25230""]","[""2016-01-01T00:00:00Z""]",[]
30632936,Q30632936,Advance Aviation Jet,,[],"[""AJV""]","[""Q869""]","[""2011-01-01T00:00:00Z""]",[]
30639133,Q30639133,Boone County Airlines,,[],[],"[""Q30""]","[""1946-01-01T00:00:00Z""]",[]
30643283,Q30643283,Yas Air,,[],"[""MND""]","[""Q794""]",[],[]
30643767,Q30643767,Directflight,,[],"[""DCT""]","[""Q145""]",[],[]
30644592,Q30644592,Pan Pacific Airlines,パン・パシフィック・エアラインズ,"[""8Y""]","[""AAV""]","[""Q928""]","[""2017-01-01T00:00:00Z""]",[]
30645010,Q30645010,APG Airlines,APGエアラインズ,"[""GP""]",[],"[""Q142""]","[""2016-01-01T00:00:00Z""]",[]
30645021,Q30645021,Offshore Helicopters,,[],[],"[""Q20""]","[""1974-01-01T00:00:00Z""]","[""1980-01-01T00:00:00Z""]"
30682455,Q30682455,BlueWay Offshore,,[],[],"[""Q20""]","[""2009-01-01T00:00:00Z""]",[]
30738199,Q30738199,Q30738199,,[],[],"[""Q142""]","[""1974-01-01T00:00:00Z""]","[""1986-01-01T00:00:00Z""]"
30738684,Q30738684,Air Bretagne,,[],[],"[""Q142""]","[""1997-01-01T00:00:00Z""]",[]
30742318,Q30742318,Q30742318,,[],[],"[""Q142""]","[""1992-01-01T00:00:00Z""]","[""1997-01-01T00:00:00Z""]"
30890991,Q30890991,Azimuth,アジムート航空,"[""A4""]","[""MUT""]","[""Q159""]","[""2017-02-01T00:00:00Z""]",[]
30945549,Q30945549,Hong Kong Air Cargo,香港貨運航空,[],[],"[""Q148""]",[],[]
31199242,Q31199242,Lithuanian Air Lines,,[],[],"[""Q37""]","[""1938-01-01T00:00:00Z""]","[""1940-01-01T00:00:00Z""]"
31836529,Q31836529,Air Toronto,,"[""CS""]","[""CNE""]","[""Q16""]","[""1984-01-01T00:00:00Z""]","[""1991-11-01T00:00:00Z""]"
31837499,Q31837499,Trabajos Aéreos del Sahara,,[],[],"[""Q29""]","[""1961-01-01T00:00:00Z""]",[]
31838128,Q31838128,Q31838128,,[],[],"[""Q1044""]","[""1999-01-01T00:00:00Z""]","[""2006-01-01T00:00:00Z""]"
31838702,Q31838702,Cobrex Trans,,[],"[""CBX""]","[""Q218""]","[""1994-01-01T00:00:00Z""]",[]
31839863,Q31839863,Q31839863,,[],[],"[""Q1044""]",[],"[""http://www.wikidata.org/.well-known/genid/81ff0a0255e6f2aade90076590e0979b""]"
31840427,Q31840427,GetJet Airlines,,"[""GW""]","[""GJT""]","[""Q37""]","[""2016-01-01T00:00:00Z""]",[]
31840566,Q31840566,Q31840566,,[],[],"[""Q1044""]",[],"[""http://www.wikidata.org/.well-known/genid/cfd191d010f5cfb29c6ed26137d97c36""]"
31841215,Q31841215,Mahogany Air,,"[""KT""]",[],"[""Q953""]",[],[]
31841290,Q31841290,Q31841290,,[],[],"[""Q258""]","[""2013-01-01T00:00:00Z""]",[]
31841312,Q31841312,Bulgarian Eagle,,[],[],[],"[""2017-01-01T00:00:00Z""]",[]
31842610,Q31842610,Q31842610,,[],[],[],[],[]
31895914,Q31895914,BKS Air Transport,,[],[],"[""Q145""]","[""1952-02-07T00:00:00Z""]","[""1970-10-31T00:00:00Z""]"
32304535,Q32304535,Aerolift,,[],"[""LFT""]","[""Q1044""]","[""2002-01-01T00:00:00Z""]","[""2006-01-01T00:00:00Z""]"
33216137,Q33216137,MTM Aviation,,[],"[""MTM""]","[""Q183""]","[""1980-01-01T00:00:00Z""]","[""2002-01-01T00:00:00Z""]"
33232651,Q33232651,easyJet Europe,イージージェット・ヨーロッパ,"[""EC""]","[""EJU""]","[""Q40""]","[""2017-01-01T00:00:00Z""]",[]
33273673,Q33273673,Arizona Express Airlines,,[],[],[],[],[]
33274057,Q33274057,Atsa Airlines,,"[""4A""]","[""AMP""]","[""Q419""]",[],[]
33280320,Q33280320,SkyTeam Luftfahrtunternehmen,,[],"[""XST""]","[""Q183""]","[""1997-01-01T00:00:00Z""]","[""2002-01-01T00:00:00Z""]"
33317818,Q33317818,Pentastar Transportation,,[],[],"[""Q16""]",[],[]
33327006,Q33327006,ACE Transvalair,,[],[],"[""Q142""]","[""1984-01-01T00:00:00Z""]","[""1994-01-01T00:00:00Z""]"
33327350,Q33327350,Aelis Air Service,,[],[],"[""Q142""]","[""2008-01-01T00:00:00Z""]","[""2008-01-01T00:00:00Z""]"
33327575,Q33327575,Air Toulouse International,,[],[],"[""Q142""]","[""1990-01-01T00:00:00Z""]","[""2000-01-01T00:00:00Z""]"
33327994,Q33327994,Westair,,[],[],"[""Q142""]","[""2001-01-01T00:00:00Z""]","[""2002-01-01T00:00:00Z""]"
33328850,Q33328850,Aeris Express,,[],[],[],"[""2003-01-01T00:00:00Z""]","[""2003-01-01T00:00:00Z""]"
33329116,Q33329116,Aero Cargo,,[],[],"[""Q142""]","[""1947-01-01T00:00:00Z""]","[""1948-01-01T00:00:00Z""]"
33329340,Q33329340,Aero France International,,[],[],"[""Q142""]","[""1989-01-01T00:00:00Z""]","[""1991-01-01T00:00:00Z""]"
33331956,Q33331956,Aerocondor,,[],[],"[""Q142""]","[""2005-01-01T00:00:00Z""]","[""2006-01-01T00:00:00Z""]"
33332269,Q33332269,Aerolinair,,[],[],"[""Q142""]","[""2002-01-01T00:00:00Z""]","[""2004-01-01T00:00:00Z""]"
33340350,Q33340350,Airbus Inter Transport,,[],[],"[""Q142""]","[""1990-01-01T00:00:00Z""]","[""2000-01-01T00:00:00Z""]"
33341017,Q33341017,Aerope 3S Aviation,,[],[],"[""Q142""]","[""2001-01-01T00:00:00Z""]","[""2001-01-01T00:00:00Z""]"
33341738,Q33341738,Lignes Aériennes Latécoère,,[],[],"[""Q142""]","[""1918-12-25T00:00:00Z""]","[""1927-01-01T00:00:00Z""]"
33343205,Q33343205,Aerotour,,[],[],"[""Q142""]","[""1976-01-01T00:00:00Z""]","[""1979-01-01T00:00:00Z""]"
33434055,Q33434055,Touraine Air Transport,トゥーレーヌ航空輸送,"[""IJ"",""VD""]","[""TAT""]","[""Q142""]","[""1968-01-01T00:00:00Z""]","[""1984-01-01T00:00:00Z""]"
33448781,Q33448781,Air Angouleme,,[],[],"[""Q142""]","[""1976-01-01T00:00:00Z""]","[""2012-01-01T00:00:00Z""]"
33449175,Q33449175,Air Anjou Transports,,"[""SJ""]",[],"[""Q142""]","[""1976-01-01T00:00:00Z""]","[""1980-01-25T00:00:00Z""]"
33449556,Q33449556,Air Aquitaine,,[],[],"[""Q142""]","[""1970-01-01T00:00:00Z""]","[""1976-01-01T00:00:00Z""]"
33450713,Q33450713,Air Union Lignes d'Orient,,[],[],"[""Q142""]","[""1927-01-01T00:00:00Z""]","[""1929-01-01T00:00:00Z""]"
33451216,Q33451216,Air Asie,,[],[],"[""Q142""]","[""1926-01-01T00:00:00Z""]","[""1929-01-01T00:00:00Z""]"
33533998,Q33533998,Air Bretagne,,[],[],"[""Q142""]","[""1996-01-01T00:00:00Z""]","[""2001-01-01T00:00:00Z""]"
33534223,Q33534223,Air Caen,,[],[],"[""Q142""]","[""1963-01-01T00:00:00Z""]","[""1967-01-01T00:00:00Z""]"
33535726,Q33535726,Air Champagne Ardenne,,[],[],"[""Q142""]","[""1971-01-01T00:00:00Z""]","[""1974-01-01T00:00:00Z""]"
33542614,Q33542614,Air Cidna,,[],[],"[""Q142""]","[""1928-01-01T00:00:00Z""]","[""1935-01-01T00:00:00Z""]"
33542817,Q33542817,Air Continent,,[],[],"[""Q142""]","[""1963-01-01T00:00:00Z""]","[""1972-01-01T00:00:00Z""]"
33542966,Q33542966,Air Esterel,,[],[],"[""Q142""]","[""1963-01-01T00:00:00Z""]","[""1963-01-01T00:00:00Z""]"
33676592,Q33676592,Air Dauphiné,,[],[],"[""Q142""]","[""1964-01-01T00:00:00Z""]","[""1971-01-01T00:00:00Z""]"
33676940,Q33676940,Air Dieppe,,[],[],"[""Q142""]","[""1972-01-01T00:00:00Z""]","[""1972-01-01T00:00:00Z""]"
33677702,Q33677702,Air Enterprise,,[],[],"[""Q142""]","[""1972-01-01T00:00:00Z""]","[""1972-01-01T00:00:00Z""]"
34213809,Q34213809,Air Entreprise International,,[],"[""AEN""]","[""Q142""]","[""1992-01-01T00:00:00Z""]","[""1995-01-01T00:00:00Z""]"
34215932,Q34215932,Air France Asie,,[],[],"[""Q142""]","[""1998-01-01T00:00:00Z""]","[""2004-01-01T00:00:00Z""]"
34216397,Q34216397,Air France Asie Cargo,,[],[],"[""Q142""]","[""1998-01-01T00:00:00Z""]","[""2007-01-01T00:00:00Z""]"
34217103,Q34217103,Air France Cargo,,[],[],"[""Q142""]","[""2001-01-01T00:00:00Z""]",[]
34240737,Q34240737,Air Fret,,[],[],"[""Q142""]","[""1964-01-01T00:00:00Z""]","[""1980-01-01T00:00:00Z""]"
34243829,Q34243829,Air Jet,,[],[],"[""Q142""]","[""1980-01-01T00:00:00Z""]","[""2003-01-01T00:00:00Z""]"
34244206,Q34244206,Air Languedoc,,[],[],"[""Q142""]","[""1975-01-01T00:00:00Z""]","[""1979-01-01T00:00:00Z""]"
34357585,Q34357585,Air Littoral Express,,[],[],"[""Q142""]","[""1996-01-01T00:00:00Z""]","[""2002-01-01T00:00:00Z""]"
34357795,Q34357795,Air Littoral Riviera,,[],[],"[""Q142""]","[""1996-01-01T00:00:00Z""]","[""1998-01-01T00:00:00Z""]"
34358802,Q34358802,Air Midi Bigorre,,[],[],"[""Q142""]","[""1997-01-01T00:00:00Z""]","[""1998-01-01T00:00:00Z""]"
34359559,Q34359559,Air Nolis,,[],[],"[""Q142""]","[""1948-01-01T00:00:00Z""]","[""1950-01-01T00:00:00Z""]"
34360628,Q34360628,Air Normandie,,[],[],"[""Q142""]","[""1991-01-01T00:00:00Z""]","[""2001-01-01T00:00:00Z""]"
34361295,Q34361295,Air Open Sky,,[],[],"[""Q142""]","[""1997-01-01T00:00:00Z""]","[""2000-01-01T00:00:00Z""]"
34363864,Q34363864,Air Outre Mer,,[],[],"[""Q142""]","[""1953-01-01T00:00:00Z"",""1988-01-01T00:00:00Z""]","[""1992-01-01T00:00:00Z""]"
34365531,Q34365531,Air Paris,,[],[],"[""Q142""]","[""1971-01-01T00:00:00Z""]","[""1979-01-01T00:00:00Z""]"
34377577,Q34377577,Air Provence,,[],[],"[""Q142""]","[""1985-01-01T00:00:00Z""]","[""1996-01-01T00:00:00Z""]"
34377779,Q34377779,Air Provence International,,[],[],"[""Q142""]","[""1996-01-01T00:00:00Z""]","[""2002-01-01T00:00:00Z""]"
34378115,Q34378115,West Air France,,[],[],"[""Q142""]","[""2002-01-01T00:00:00Z""]","[""2004-01-01T00:00:00Z""]"
34385146,Q34385146,Air Rouergue,,[],[],"[""Q142""]","[""1974-01-01T00:00:00Z""]","[""1977-01-01T00:00:00Z""]"
34385890,Q34385890,Union Aeronautique Regionale,,[],[],"[""Q142""]","[""1977-01-01T00:00:00Z""]","[""1979-01-01T00:00:00Z""]"
34386341,Q34386341,Uni Air Rouergue,,[],[],"[""Q142""]","[""1970-01-01T00:00:00Z""]","[""1974-01-01T00:00:00Z""]"
34390636,Q34390636,Air Service Nantes,,[],[],"[""Q142""]","[""1989-01-01T00:00:00Z""]","[""2000-01-01T00:00:00Z""]"
34390825,Q34390825,Air Service Vosges,,[],[],"[""Q142""]","[""1976-01-01T00:00:00Z""]","[""2007-01-01T00:00:00Z""]"
34391103,Q34391103,Air Toulouse,,[],[],"[""Q142""]","[""1978-01-01T00:00:00Z""]","[""1979-01-01T00:00:00Z""]"
34397755,Q34397755,Air Transport Pyrenees,,[],[],"[""Q142""]","[""1989-01-01T00:00:00Z""]","[""2000-01-01T00:00:00Z""]"
34399221,Q34399221,Messageries Transaeriennes,,[],[],"[""Q142""]","[""1923-01-01T00:00:00Z""]","[""1927-01-01T00:00:00Z""]"
34400337,Q34400337,Air Vendee,,"[""VM""]","[""AVD""]","[""Q142""]","[""1975-01-01T00:00:00Z""]","[""1992-01-01T00:00:00Z""]"
34403234,Q34403234,Aire d'Evasions,,[],[],"[""Q142""]","[""1993-02-01T00:00:00Z""]","[""1994-01-01T00:00:00Z""]"
34403537,Q34403537,Airlec,,[],[],"[""Q142""]","[""1965-01-01T00:00:00Z""]","[""1992-01-01T00:00:00Z""]"
34501761,Q34501761,Alsair,,"[""AL""]","[""LSR""]","[""Q142""]","[""1982-01-01T00:00:00Z""]","[""2007-01-01T00:00:00Z""]"
34502061,Q34502061,Alsavia,,[],[],"[""Q142""]","[""1989-01-01T00:00:00Z""]","[""1993-01-01T00:00:00Z""]"
34505797,Q34505797,Air Limousin Transport Aerien,,[],[],"[""Q142""]","[""1979-01-01T00:00:00Z""]","[""1989-01-01T00:00:00Z""]"
34544787,Q34544787,Auxiair,,[],[],"[""Q142""]","[""1978-01-01T00:00:00Z""]","[""1979-01-01T00:00:00Z""]"
34646434,Q34646434,Avdef,,[],[],"[""Q142""]","[""2015-01-01T00:00:00Z""]",[]
34647242,Q34647242,Avia Taxi France,,[],[],"[""Q142""]","[""1965-01-01T00:00:00Z""]","[""1973-01-01T00:00:00Z""]"
34647358,Q34647358,Taxi Avia France,,[],[],"[""Q142""]","[""1973-01-01T00:00:00Z""]","[""1975-01-01T00:00:00Z""]"
34675454,Q34675454,Avions Bleus,,[],[],"[""Q142""]","[""1949-01-01T00:00:00Z""]","[""1952-01-01T00:00:00Z""]"
34799431,Q34799431,Bordeaux Aviation,,[],[],"[""Q142""]","[""1997-01-01T00:00:00Z""]",[]
34799968,Q34799968,Bretagne Air Services,,[],[],"[""Q142""]","[""1978-01-01T00:00:00Z""]","[""1979-01-01T00:00:00Z""]"
34801121,Q34801121,Compagnie Aérienne Française,,[],[],"[""Q142""]","[""1919-04-17T00:00:00Z""]","[""1937-01-01T00:00:00Z""]"
34802444,Q34802444,Cantabrian Seaplane Company,,[],[],"[""Q142""]","[""1920-01-01T00:00:00Z""]","[""1921-01-01T00:00:00Z""]"
34806410,Q34806410,CAP Airlines,,[],[],"[""Q142""]","[""1995-01-01T00:00:00Z""]","[""2001-01-01T00:00:00Z""]"
34807459,Q34807459,Compagnie Air Transport,,"[""VF""]","[""TF""]","[""Q142""]","[""1946-01-01T00:00:00Z""]","[""1970-01-01T00:00:00Z""]"
34807831,Q34807831,SCAL,,[],[],"[""Q142""]","[""1946-01-01T00:00:00Z""]","[""1949-01-01T00:00:00Z""]"
34810306,Q34810306,Catair,,[],[],"[""Q142""]","[""1968-01-01T00:00:00Z""]","[""1978-01-01T00:00:00Z""]"
34810956,Q34810956,Compagnie Aerienne de Transports Indochinois,,[],[],"[""Q142""]","[""1950-01-01T00:00:00Z""]","[""1953-01-01T00:00:00Z""]"
34811457,Q34811457,Établissement Roger Colin,,[],[],"[""Q142""]","[""1948-01-01T00:00:00Z""]","[""1950-01-01T00:00:00Z""]"
34812665,Q34812665,Compagnie Franco-Roumaine de Navigation Aérienne,,[],[],"[""Q142""]","[""1920-01-01T00:00:00Z""]","[""1927-01-01T00:00:00Z""]"
34846426,Q34846426,Q34846426,,[],[],"[""Q142""]","[""1948-01-01T00:00:00Z""]","[""1950-01-01T00:00:00Z""]"
34848569,Q34848569,Compagnie Générale de Transport Aérien,,[],[],"[""Q142""]","[""1950-01-01T00:00:00Z""]","[""1951-01-01T00:00:00Z""]"
34849191,Q34849191,Chaillotine Air Service,,[],[],"[""Q142""]","[""1979-01-01T00:00:00Z""]","[""2000-01-01T00:00:00Z""]"
35001149,Q35001149,Compagnie Aerienne du Languedoc,,[],[],"[""Q142""]","[""1976-01-01T00:00:00Z""]","[""1987-01-01T00:00:00Z""]"
35289048,Q35289048,Compagnie Aeronautique Europeenne,,[],[],"[""Q142""]","[""1991-01-01T00:00:00Z""]","[""2002-01-01T00:00:00Z""]"
35322495,Q35322495,Azur Hélicoptère,,[],[],"[""Q142""]",[],[]
35322978,Q35322978,Aéro-Sotravia,,[],[],"[""Q142""]",[],[]
35324881,Q35324881,Continentale Air Service,,[],[],"[""Q142""]","[""1978-01-01T00:00:00Z""]","[""1979-01-01T00:00:00Z""]"
37380962,Q37380962,City-Flug,,[],"[""WH""]","[""Q183""]","[""1975-01-01T00:00:00Z""]","[""1982-01-01T00:00:00Z""]"
37606570,Q37606570,Q37606570,,[],"[""DFC""]","[""Q213""]","[""2001-07-04T00:00:00Z""]",[]
37663404,Q37663404,Holidair Airways,,[],[],"[""Q16""]",[],"[""http://www.wikidata.org/.well-known/genid/588d1628cb225dc7c19cb77e6e410075""]"
37955975,Q37955975,Liberty Express Airlines,,[],[],"[""Q30""]","[""1994-01-01T00:00:00Z""]",[]
37966810,Q37966810,Continentale Deutsche Luftreederei,,[],[],"[""Q183""]","[""1958-01-01T00:00:00Z""]","[""1962-01-01T00:00:00Z""]"
38137417,Q38137417,SAL Express,,[],[],"[""Q1039""]","[""1999-01-01T00:00:00Z""]",[]
38251542,Q38251542,Vule Airways,,[],[],"[""Q1036""]",[],[]
39046395,Q39046395,Aero Fiesta Mexicana,,[],[],[],"[""1994-01-01T00:00:00Z""]",[]
39056363,Q39056363,VLM Airlines Slovenia,,[],[],"[""Q215""]","[""2016-01-01T00:00:00Z""]","[""2018-09-03T00:00:00Z""]"
39057932,Q39057932,Royal Flight of Oman,,[],[],"[""Q842""]","[""1974-01-01T00:00:00Z""]",[]
39059591,Q39059591,Lanmei Airlines,ランメイ・エアラインズ,"[""LQ""]","[""MKR""]","[""Q424""]","[""2016-01-01T00:00:00Z""]",[]
39060529,Q39060529,Orange2Fly,,"[""OT""]","[""OTF""]","[""Q41""]","[""2015-09-01T00:00:00Z""]","[""2021-09-01T00:00:00Z""]"
39060596,Q39060596,CAAC Airlines,,"[""CA""]","[""CCA""]","[""Q148""]","[""1953-01-01T00:00:00Z""]","[""1987-01-30T00:00:00Z""]"
39069558,Q39069558,Eagle Air,,[],"[""EGR""]","[""Q1006""]",[],[]
39086867,Q39086867,FlyGTA Airways,,[],[],"[""Q16""]",[],[]
39651430,Q39651430,Armenia Aircompany,,[],[],"[""Q399""]",[],[]
40192603,Q40192603,Aura Airlines,,"[""G6""]","[""GWR""]","[""Q29""]","[""2017-01-01T00:00:00Z""]","[""2022-10-01T00:00:00Z""]"
40354181,Q40354181,Northern Star Airlines,,[],[],"[""Q30""]",[],[]
40446413,Q40446413,Air Mediterranean,,"[""MV""]","[""MAR""]","[""Q41""]","[""2017-01-01T00:00:00Z""]",[]
40675973,Q40675973,Serair Transworld Press,,[],[],"[""Q29""]","[""1983-01-01T00:00:00Z""]",[]
40698977,Q40698977,J.D.P. France,,[],[],"[""Q142""]","[""2006-01-01T00:00:00Z""]","[""2015-01-01T00:00:00Z""]"
41498064,Q41498064,AirSial,エア・シアル,"[""PF""]","[""SIF""]","[""Q843""]",[],[]
42317863,Q42317863,NextJet Canada,,[],[],[],[],[]
42322893,Q42322893,Air Juan,エア・ジュアン,"[""AO""]",[],"[""Q928""]","[""2012-01-01T00:00:00Z""]",[]
42380253,Q42380253,Thomas Cook Airlines Balearics,,"[""H5""]","[""CTB""]","[""Q29""]","[""2017-10-01T00:00:00Z""]","[""2020-04-15T00:00:00Z""]"
43082378,Q43082378,Transaviabaltika,,"[""KT""]","[""KTB""]","[""Q37""]","[""1998-01-01T00:00:00Z""]",[]
43215330,Q43215330,Federico Bravo,インディゴ・パートナーズ,[],[],"[""Q30""]","[""2002-01-01T00:00:00Z""]",[]
43449909,Q43449909,Air Dynasty,,[],[],"[""Q837""]","[""1993-01-01T00:00:00Z""]",[]
43899547,Q43899547,Air Central,広東龍浩航空,"[""GI""]","[""LHA""]","[""Q148""]","[""2015-08-01T00:00:00Z""]",[]
44407175,Q44407175,Binter CV,ベストフライ・カーボベルデ,"[""3B""]","[""NTB""]","[""Q1011""]",[],"[""2024-04-19T00:00:00Z""]"
45045929,Q45045929,Q45045929,,"[""WD""]","[""MWM""]","[""Q155""]","[""2015-01-01T00:00:00Z""]",[]
45739184,Q45739184,Fastjet Mozambique,,[],[],"[""Q1029""]","[""2017-01-01T00:00:00Z""]",[]
46273465,Q46273465,Pittsburgh Airways,,[],[],"[""Q30""]","[""1929-01-01T00:00:00Z""]","[""1931-01-01T00:00:00Z""]"
46951344,Q46951344,Tri-Motor Safety Airways,,[],[],"[""Q30""]",[],[]
46994533,Q46994533,Balkh Airlines,,[],[],"[""Q889""]","[""2005-01-01T00:00:00Z""]","[""2006-01-01T00:00:00Z""]"
46994538,Q46994538,Bamiyan Airlines,,[],[],"[""Q889""]","[""1997-01-01T00:00:00Z""]","[""1997-01-01T00:00:00Z""]"
47005432,Q47005432,Alk Airlines,,[],"[""VBB""]","[""Q219""]","[""2016-01-01T00:00:00Z""]",[]
47005476,Q47005476,Aviro Air,,[],[],"[""Q218""]","[""2014-01-01T00:00:00Z""]","[""2019-03-01T00:00:00Z""]"
47009940,Q47009940,SkyUp,スカイアップ,"[""PQ""]","[""SQP""]","[""Q212""]","[""2018-01-01T00:00:00Z""]",[]
47087198,Q47087198,Danziger Luftpost,,[],[],"[""Q216173""]",[],[]
47087210,Q47087210,Lloyd Ostflug,,[],[],"[""Q216173""]",[],[]
47087253,Q47087253,Junkers Luftverkehr,,[],[],"[""Q183""]","[""1923-08-13T00:00:00Z""]","[""1926-01-06T00:00:00Z""]"
47132962,Q47132962,Olson Air Service,,[],[],"[""Q30""]","[""1987-01-01T00:00:00Z""]","[""2006-01-01T00:00:00Z""]"
47132984,Q47132984,Omaha Aviation Commuter,,[],[],"[""Q30""]","[""1979-01-01T00:00:00Z""]","[""1980-01-01T00:00:00Z""]"
47133009,Q47133009,Omega Air,,[],[],"[""Q30""]","[""1990-01-01T00:00:00Z""]","[""1990-01-01T00:00:00Z""]"
47133462,Q47133462,Omega Air Cargo,,[],[],"[""Q30""]","[""2003-01-01T00:00:00Z""]","[""2004-01-01T00:00:00Z""]"
47133645,Q47133645,Omni Air Express,,[],[],"[""Q30""]","[""1993-03-15T00:00:00Z""]","[""1997-01-01T00:00:00Z""]"
47133930,Q47133930,Omni Air Transport,,[],[],"[""Q30""]","[""1983-01-01T00:00:00Z""]",[]
47133973,Q47133973,Omni Airlines,,"[""OE""]",[],"[""Q30""]","[""1977-01-01T00:00:00Z""]","[""1981-01-01T00:00:00Z""]"
47134022,Q47134022,Arizona Pacific,,[],[],"[""Q30""]","[""1981-01-01T00:00:00Z""]","[""1982-01-01T00:00:00Z""]"
47134240,Q47134240,Air Travel,,[],[],"[""Q30""]","[""1946-01-01T00:00:00Z""]","[""1946-01-01T00:00:00Z""]"
47134269,Q47134269,Calasia Air Transport,,[],[],"[""Q30""]","[""1946-01-01T00:00:00Z""]","[""1950-06-01T00:00:00Z""]"
47134380,Q47134380,Overseas National Airways,,[],[],"[""Q30""]","[""1978-01-01T00:00:00Z""]","[""1985-01-01T00:00:00Z""]"
47152017,Q47152017,Blue Air Moravia,,[],[],"[""Q213""]",[],[]
47154592,Q47154592,Orvis Nelson Air Transport Company,,[],[],"[""Q30""]","[""1946-01-01T00:00:00Z""]","[""1946-01-01T00:00:00Z""]"
47154730,Q47154730,Oneida Air,,[],[],"[""Q30""]","[""2000-01-01T00:00:00Z""]","[""2000-01-01T00:00:00Z""]"
47154764,Q47154764,Oneida County Aviation,,[],[],"[""Q30""]","[""1975-01-01T00:00:00Z""]","[""1976-01-01T00:00:00Z""]"
47154971,Q47154971,ONG Airlines,,[],[],"[""Q30""]","[""1967-01-01T00:00:00Z""]","[""1969-01-01T00:00:00Z""]"
47154999,Q47154999,Onyx Aviation,,[],[],"[""Q30""]","[""1987-01-01T00:00:00Z""]","[""1987-01-01T00:00:00Z""]"
47155042,Q47155042,Opticap Aviation,,[],[],"[""Q30""]","[""2014-01-01T00:00:00Z""]",[]
47155612,Q47155612,Orange County Airways,,[],[],"[""Q30""]","[""1969-01-01T00:00:00Z""]","[""1979-01-01T00:00:00Z""]"
47158795,Q47158795,Zoom Zoom Air,,[],[],"[""Q30""]","[""1973-01-01T00:00:00Z""]","[""1974-01-01T00:00:00Z""]"
47158805,Q47158805,Air Charter West,,[],[],"[""Q30""]","[""1973-01-01T00:00:00Z""]","[""1977-01-01T00:00:00Z""]"
47165202,Q47165202,Q47165202,,[],[],"[""Q244""]",[],[]
47166702,Q47166702,Zonic Airlines,,[],[],"[""Q30""]","[""1981-01-01T00:00:00Z""]","[""1981-01-01T00:00:00Z""]"
47166745,Q47166745,Zimmerly Air Lines,,[],[],"[""Q30""]","[""1944-01-01T00:00:00Z""]","[""1946-01-01T00:00:00Z""]"
47166844,Q47166844,Empire Air Lines,,[],[],"[""Q30""]","[""1946-01-01T00:00:00Z""]","[""1952-01-01T00:00:00Z""]"
47166879,Q47166879,Zia Airlines,,"[""ZU""]",[],"[""Q30""]","[""1972-01-01T00:00:00Z""]","[""1980-01-01T00:00:00Z""]"
47166910,Q47166910,Air New Mexico,,[],[],[],"[""1980-01-01T00:00:00Z""]",[]
47166945,Q47166945,Zetta Jet,,[],[],"[""Q30""]","[""2015-01-01T00:00:00Z""]",[]
47166974,Q47166974,Advanced Air Management,,[],[],"[""Q30""]","[""2000-01-01T00:00:00Z""]","[""2015-01-01T00:00:00Z""]"
47168381,Q47168381,Zephyr Express,,[],"[""RZR""]","[""Q30""]","[""1989-01-01T00:00:00Z""]","[""1989-01-01T00:00:00Z""]"
47508471,Q47508471,WestJet Link,,[],[],"[""Q16""]","[""2017-11-24T00:00:00Z""]",[]
47508526,Q47508526,Swoop,Swoop (航空会社),"[""WO""]","[""WSW""]","[""Q16""]","[""2017-01-01T00:00:00Z""]","[""2023-10-28T00:00:00Z""]"
47518039,Q47518039,Holstenflug,,[],"[""HD""]","[""Q183""]","[""1966-01-01T00:00:00Z""]","[""1979-01-01T00:00:00Z""]"
47526961,Q47526961,Scandinavian Airlines Connect,スカンジナビア航空コネクト,[],"[""SZS""]","[""Q27""]","[""2017-01-01T00:00:00Z""]",[]
48723676,Q48723676,Air Deccan,エア・デカン,"[""DN""]","[""DKN""]","[""Q668""]",[],[]
48727759,Q48727759,Supreme Airlines,,[],[],"[""Q668""]",[],[]
48729985,Q48729985,Fly Hornbill,,[],[],"[""Q668""]",[],[]
48730598,Q48730598,Dove Airlines,,[],[],"[""Q668""]",[],[]
48731008,Q48731008,Star Air,スターエア,[],[],"[""Q668""]",[],[]
48732422,Q48732422,Amazon Air,アマゾン・エア,[],"[""MZN""]","[""Q30""]","[""2015-11-01T00:00:00Z""]",[]
48734306,Q48734306,Pinnacle Air,,[],[],[],[],[]
48740986,Q48740986,Electra Airways,,[],"[""EAF""]","[""Q219""]","[""2016-01-01T00:00:00Z""]",[]
48780399,Q48780399,Sky Bosnia,,[],[],[],[],[]
48784870,Q48784870,Gran Colombia de Aviación,,"[""9A""]","[""GCA""]","[""Q739""]","[""2017-01-01T00:00:00Z""]","[""2022-04-25T00:00:00Z""]"
48798391,Q48798391,Q48798391,スモール・プラネット・エアラインズ・カンボジア,[],[],"[""Q424""]",[],[]
48798444,Q48798444,Phoenix Airways,,[],[],"[""Q258""]","[""1994-01-01T00:00:00Z""]","[""1995-01-01T00:00:00Z""]"
48798452,Q48798452,Sun Air,,[],[],"[""Q258""]",[],[]
48803160,Q48803160,Air Colombia,,[],[],"[""Q739""]",[],[]
48804380,Q48804380,Olympus Airways,,[],"[""OLY""]","[""Q41""]","[""2014-01-01T00:00:00Z""]",[]
48976560,Q48976560,Wheeler Airlines,,[],[],"[""Q30""]",[],[]
49547426,Q49547426,Air Italy,エールイタリ,"[""IG""]","[""ISS""]","[""Q38""]","[""2018-02-19T00:00:00Z""]","[""2020-02-11T00:00:00Z""]"
50179245,Q50179245,Flying Group,,[],[],"[""Q31""]",[],[]
50399835,Q50399835,Air Belgium (2016-2025),エア・ベルギー,"[""KF""]","[""ABB""]","[""Q31""]","[""2016-05-27T00:00:00Z""]","[""2025-04-30T00:00:00Z""]"
50822504,Q50822504,"KlasJet, UAB",,[],"[""KLJ""]","[""Q37""]","[""2013-10-09T00:00:00Z""]",[]
51077898,Q51077898,Hélity,,[],[],"[""Q29""]",[],[]
51779763,Q51779763,Bamboo Airways,バンブー・エアウェイズ,"[""QH""]","[""BAV""]","[""Q881""]","[""2018-01-01T00:00:00Z""]",[]
51828835,Q51828835,MyWay Airlines,マイウェイ航空,"[""MJ""]","[""MYW""]","[""Q230""]","[""2017-01-01T00:00:00Z""]",[]
53649672,Q53649672,Corail Hélicoptères,,[],[],"[""Q142""]","[""2004-01-01T00:00:00Z""]",[]
54666718,Q54666718,Voldirect,,[],"[""VDR""]","[""Q142""]","[""2009-01-01T00:00:00Z""]",[]
54933181,Q54933181,Contour Airlines,,"[""LF""]","[""VTE""]","[""Q30""]","[""1982-01-01T00:00:00Z""]",[]
55000205,Q55000205,Star East Airline,,[],"[""SEK""]","[""Q218""]","[""2016-01-01T00:00:00Z""]",[]
55074873,Q55074873,Zimbabwe Airways,,[],[],"[""Q954""]",[],[]
55075006,Q55075006,Air Albania,エア・アルバニア,"[""ZB""]","[""ABN""]","[""Q222""]","[""2018-05-16T00:00:00Z""]",[]
55371187,Q55371187,Corendon Airlines Europe,コレンドン航空ヨーロッパ,"[""XR""]","[""CXI""]","[""Q233""]","[""2017-01-01T00:00:00Z""]",[]
55392042,Q55392042,FlyErbil,フライアルビール,[],[],[],[],[]
55394424,Q55394424,Sky Prime Aviation,スカイ・プライム,[],[],"[""Q851""]","[""2016-01-01T00:00:00Z""]",[]
55394542,Q55394542,Sky Gates Airlines,スカイゲーツ航空,"[""U3""]","[""SAY""]","[""Q159""]","[""2016-01-01T00:00:00Z""]",[]
55525155,Q55525155,Wizz Air UK,ウィズエアー UK,"[""W9""]","[""WUK""]","[""Q145""]","[""2017-09-26T00:00:00Z""]",[]
55603268,Q55603268,AeroJet,,[],[],"[""Q916""]",[],[]
55606487,Q55606487,Cambodia Airways,カンボジア・エアウェイズ,"[""KR""]","[""KME""]","[""Q424""]","[""2017-09-11T00:00:00Z""]",[]
55611832,Q55611832,Fly Safe Aviation,フライ・セーフ・アビエーション,[],[],[],[],[]
55618547,Q55618547,Level Europe,,"[""VK""]","[""FOO""]","[""Q40""]","[""2018-07-17T00:00:00Z""]","[""2020-06-18T00:00:00Z""]"
55625430,Q55625430,North East Shuttles (India),,[],[],[],[],[]
55628492,Q55628492,Pan Adria Airways,,[],[],"[""Q36704""]","[""1961-01-01T00:00:00Z""]","[""1978-01-01T00:00:00Z""]"
55633663,Q55633663,Span Air (India),,[],[],"[""Q668""]",[],[]
55636863,Q55636863,Fly2Sky,,"[""F6""]","[""VAW""]","[""Q219""]","[""2016-01-01T00:00:00Z""]",[]
55639052,Q55639052,21 Air,21エア,"[""2I""]","[""CSB""]",[],"[""2014-01-01T00:00:00Z""]",[]
55639893,Q55639893,Holiday Airlines,,[],[],"[""Q30""]","[""1965-01-01T00:00:00Z""]","[""1975-01-01T00:00:00Z""]"
55641146,Q55641146,Breeze Airways,ブリーズ・エアウェイズ,"[""MX""]","[""MXY""]","[""Q30""]","[""2018-07-31T00:00:00Z""]",[]
55641638,Q55641638,Royal Air Charter,ロイヤル・エア,[],[],[],[],[]
55659638,Q55659638,Turukhan Airlines,トゥルハン航空,[],"[""TRH""]","[""Q159""]",[],[]
55695205,Q55695205,Makung Airlines,,[],"[""MAL""]","[""Q865""]","[""1988-08-06T00:00:00Z""]","[""1996-03-01T00:00:00Z""]"
55697403,Q55697403,Beijing Airlines,北京航空,"[""CA""]","[""BJN""]","[""Q148""]","[""2018-01-01T00:00:00Z""]",[]
55735445,Q55735445,Q55735445,,"[""TW""]","[""TWB""]","[""Q884""]","[""2017-01-01T00:00:00Z""]",[]
56009911,Q56009911,Kaz Air Jet,,[],"[""KEJ""]","[""Q232""]","[""2008-01-01T00:00:00Z""]",[]
56010259,Q56010259,Era Helicopters,,[],"[""ERH""]","[""Q30""]",[],[]
56026091,Q56026091,PrivatAir Gmbh,,"[""PV""]","[""PTG""]","[""Q183""]",[],[]
56026096,Q56026096,Xfly,,"[""EE""]","[""EST""]","[""Q191""]","[""2015-01-01T00:00:00Z""]",[]
56063632,Q56063632,Nigeria Air,,[],[],"[""Q1033""]",[],[]
56063648,Q56063648,Tsaradia,,[],[],"[""Q1019""]",[],[]
56063889,Q56063889,Ohana by Hawaiian,オハナ・バイ・ハワイアン,[],"[""CFS""]","[""Q30""]","[""2014-03-11T00:00:00Z""]","[""2021-05-27T00:00:00Z""]"
56230193,Q56230193,Norwegian Air Norway,ノルウェー・エア・ノルウェー,"[""DH""]","[""NAN""]","[""Q20""]","[""2013-01-01T00:00:00Z""]",[]
56241662,Q56241662,E-Cargo,,[],[],"[""Q159""]","[""2018-07-01T00:00:00Z""]",[]
56243379,Q56243379,Holiday Express,,"[""HL""]","[""HLE""]","[""Q183""]","[""1983-01-01T00:00:00Z""]","[""1987-01-01T00:00:00Z""]"
56244497,Q56244497,Südwestflug,,[],[],[],"[""1964-01-01T00:00:00Z""]","[""1968-09-01T00:00:00Z""]"
56245596,Q56245596,Air Lloyd,,[],"[""AL""]","[""Q183""]","[""1961-01-01T00:00:00Z""]","[""http://www.wikidata.org/.well-known/genid/354e1895d785d96cef30478e2f4444ab""]"
56247564,Q56247564,Avanti Aviation Aachen,,[],[],"[""Q183""]","[""1995-01-01T00:00:00Z""]","[""2000-01-01T00:00:00Z""]"
56247608,Q56247608,VHM Damme,,[],"[""VHM""]","[""Q183""]",[],"[""2011-01-01T00:00:00Z""]"
56253931,Q56253931,Bonair Business Charter,,[],"[""BOB""]","[""Q183""]","[""1998-01-01T00:00:00Z""]","[""2004-01-01T00:00:00Z""]"
56255785,Q56255785,Grenzland Air Service,,[],"[""GZA""]","[""Q183""]","[""1969-01-01T00:00:00Z""]","[""2000-01-01T00:00:00Z""]"
56261069,Q56261069,Aerotranscargo,,"[""F5""]","[""ATG""]","[""Q217""]","[""2012-01-01T00:00:00Z""]",[]
56274514,Q56274514,United Arab Airlines,,"[""MS""]",[],"[""Q79""]","[""1932-06-07T00:00:00Z""]",[]
56274806,Q56274806,Aeroméxico Contigo,,[],[],[],[],[]
56276965,Q56276965,Baby Jet Airlines,,[],[],"[""Q117""]","[""2017-01-01T00:00:00Z""]",[]
56279631,Q56279631,Air Jordan,,[],[],"[""Q810""]","[""1950-01-01T00:00:00Z""]","[""1961-09-01T00:00:00Z""]"
56282488,Q56282488,Tchadia Airlines,チャディア・エアラインズ,"[""OT""]","[""CDO""]","[""Q657""]","[""2018-01-01T00:00:00Z""]","[""2022-01-01T00:00:00Z""]"
56294325,Q56294325,Caroline Islands Air,,[],[],[],[],[]
56295142,Q56295142,Lumiwings,,"[""LW""]","[""LWI""]","[""Q41""]","[""2017-01-01T00:00:00Z""]","[""2025-09-01T00:00:00Z""]"
56295316,Q56295316,Aero Dili,アエロ・ディリ,[],[],"[""Q574""]",[],[]
56299514,Q56299514,Q56299514,,[],[],"[""Q38""]",[],[]
56300248,Q56300248,Air India Regional,,[],[],"[""Q668""]",[],[]
56300306,Q56300306,Air Algérie Cargo,,"[""AH""]",[],"[""Q262""]","[""1980-01-01T00:00:00Z""]",[]
56398974,Q56398974,Q56398974,,[],[],"[""Q159""]",[],[]
56399032,Q56399032,Q56399032,,[],[],"[""Q159""]",[],[]
56401261,Q56401261,Savon Lentolinjat,,[],[],"[""Q33""]","[""1950-01-01T00:00:00Z""]","[""1955-01-01T00:00:00Z""]"
56401373,Q56401373,Sir-Air,,[],[],"[""Q33""]","[""1970-01-01T00:00:00Z""]","[""1982-01-01T00:00:00Z""]"
56426129,Q56426129,Swiss Helicopter,,[],[],"[""Q39""]","[""2012-01-01T00:00:00Z""]",[]
56574187,Q56574187,Q56574187,,[],[],[],[],[]
56578139,Q56578139,Cat Aviation,,[],"[""CAZ""]","[""Q39""]","[""1987-01-01T00:00:00Z""]",[]
56604318,Q56604318,Air Corviglia,,[],[],"[""Q39""]","[""2012-01-01T00:00:00Z""]",[]
56604393,Q56604393,Fuchs Helikopter,,[],[],"[""Q39""]","[""1974-01-01T00:00:00Z""]",[]
56721933,Q56721933,Aerotours,,[],"[""ATU""]","[""Q183""]","[""2000-01-01T00:00:00Z""]",[]
56754455,Q56754455,Air Senegal,エア・セネガル,"[""HC""]","[""SZN""]","[""Q1041""]","[""2016-01-01T00:00:00Z""]",[]
57941251,Q57941251,Genghis Khan Airlines,天驕航空,"[""9D""]","[""NMG""]","[""Q148""]","[""2018-01-01T00:00:00Z""]",[]
57980893,Q57980893,Q57980893,,[],[],[],[],[]
58047468,Q58047468,Manta Air,,[],"[""MAV""]","[""Q826""]","[""2018-01-01T00:00:00Z""]",[]
58533086,Q58533086,Paranair,,"[""ZP""]","[""AZP""]","[""Q733""]",[],[]
58640231,Q58640231,Q58640231,,[],[],"[""Q20""]","[""2018-01-01T00:00:00Z""]","[""2020-01-01T00:00:00Z""]"
58827273,Q58827273,IAS Itzehoer Airservice,,[],"[""FNK""]","[""Q183""]","[""2013-01-01T00:00:00Z""]",[]
59161327,Q59161327,Tor-Air,,[],[],"[""Q34""]","[""1964-01-01T00:00:00Z""]","[""1966-01-01T00:00:00Z""]"
59186361,Q59186361,ZIPAIR Tokyo,ZIPAIR Tokyo,"[""ZG""]","[""TZP""]","[""Q17""]","[""2018-07-31T00:00:00Z""]",[]
59243879,Q59243879,Pacific Air Express,,[],[],[],[],"[""1989-01-01T00:00:00Z""]"
59821909,Q59821909,Sparfell Luftfahrt,,[],"[""LDX""]","[""Q40""]",[],[]
60084070,Q60084070,Air Philip,エア・フィリップ,[],[],[],"[""2016-01-01T00:00:00Z""]",[]
60456802,Q60456802,Norwegian Air Sweden,ノルウェー・エア・スウェーデン,"[""D8""]","[""NSW"",""NSZ""]","[""Q34""]","[""2018-11-20T00:00:00Z""]",[]
60521096,Q60521096,Ryanair UK,ライアンエアー UK,"[""RK""]","[""RUK""]","[""Q145""]","[""1985-05-30T00:00:00Z""]",[]
60614280,Q60614280,FlyBosnia,フライボスニア,"[""6W""]","[""FBS""]","[""Q225""]","[""2017-11-01T00:00:00Z""]",[]
60742940,Q60742940,Wisdom Airways,,[],[],"[""Q869""]",[],[]
60742956,Q60742956,Altitude Air,,[],[],"[""Q837""]",[],[]
60744217,Q60744217,Simrik Air,,[],[],"[""Q837""]",[],[]
60760217,Q60760217,Air New England,,[],[],"[""Q30""]",[],[]
60762935,Q60762935,Skyway Costa Rica,,[],[],"[""Q800""]",[],[]
60770044,Q60770044,Connect Airways,,[],[],"[""Q145""]",[],[]
60773149,Q60773149,Nefertiti Airlines,,[],[],[],[],[]
60776475,Q60776475,Sky Net Airline,,[],[],"[""Q399""]",[],[]
60776482,Q60776482,Air Highnesses,,[],"[""HNS""]",[],"[""2008-01-01T00:00:00Z""]",[]
60776484,Q60776484,Ark Airways,アーク航空,[],[],"[""Q399""]","[""2010-01-01T00:00:00Z""]",[]
60776485,Q60776485,Easy Fly Express,イージー・フライ・エクスプレス,"[""8E""]","[""EFX""]","[""Q902""]","[""2007-01-01T00:00:00Z""]",[]
60776486,Q60776486,Texel Air,テクセル・エア,[],[],"[""Q398""]",[],[]
60776510,Q60776510,South Asian Airlines,,[],[],"[""Q902""]","[""1998-01-01T00:00:00Z""]",[]
60776516,Q60776516,Air Georgia,,[],[],"[""Q230""]",[],[]
60776535,Q60776535,Hongkong Jet,ホンコン・ジェット,[],[],[],[],[]
60776556,Q60776556,Q60776556,タフタン・エアラインズ,[],"[""SBT""]","[""Q794""]","[""2004-01-01T00:00:00Z""]",[]
60786440,Q60786440,Albtransport,,[],[],"[""Q222""]","[""1957-01-01T00:00:00Z""]","[""2004-01-01T00:00:00Z""]"
60792110,Q60792110,Tasmanian Airways,,[],[],"[""Q408""]",[],[]
60792113,Q60792113,Hart Aircraft Service,,[],[],[],[],[]
60793313,Q60793313,Advanced Air,,[],[],"[""Q30""]",[],[]
60795206,Q60795206,North Queensland Airways,,[],[],"[""Q408""]","[""1936-05-07T00:00:00Z""]","[""1938-10-25T00:00:00Z""]"
60846751,Q60846751,Q60846751,,"[""QG""]","[""TCW""]","[""Q31""]","[""2017-01-01T00:00:00Z""]","[""2018-01-01T00:00:00Z""]"
60847842,Q60847842,Green Africa Airways,グリーン・アフリカ・エアウェイズ,[],[],"[""Q1033""]",[],[]
60850985,Q60850985,Katekavia,,[],"[""KTK""]",[],"[""1995-01-01T00:00:00Z""]",[]
60968429,Q60968429,PAISA,,[],[],"[""Q804""]","[""1967-01-01T00:00:00Z""]","[""1969-01-01T00:00:00Z""]"
61037372,Q61037372,Huff Daland Dusters,,[],[],"[""Q30""]","[""1924-01-01T00:00:00Z""]",[]
61717465,Q61717465,Trans Western Airlines Utah,,[],[],[],[],[]
61717473,Q61717473,Aero Tranportes Panamenos,,[],[],[],[],[]
61717485,Q61717485,Rio Grande Air,,[],[],[],[],[]
61717496,Q61717496,Alberta Northern Airlines,,[],[],[],[],[]
61717512,Q61717512,Katmai Air,,[],[],[],[],[]
61717562,Q61717562,Zanesville Aviation,,[],[],[],[],[]
61717613,Q61717613,American Air Transport,,[],[],[],[],[]
61841822,Q61841822,Aero Sudpacífico,,[],[],"[""Q96""]",[],[]
61856797,Q61856797,Compagnie aérienne franco-canadienne,,[],[],"[""Q16""]",[],[]
62059902,Q62059902,Great Dane Airlines,グレート・デーン航空,"[""DW""]","[""GDE""]","[""Q35""]","[""2018-01-01T00:00:00Z""]","[""2021-10-11T00:00:00Z""]"
62089638,Q62089638,Q62089638,,[],[],"[""Q739""]","[""2014-01-01T00:00:00Z""]","[""2024-09-01T00:00:00Z""]"
62089844,Q62089844,Guinea Airways,,[],[],"[""Q408""]","[""1927-11-04T00:00:00Z""]","[""1959-07-01T00:00:00Z""]"
62250188,Q62250188,Freebird Airlines Europe,,"[""MI""]","[""FHM""]","[""Q233""]",[],[]
62558420,Q62558420,Smartwings Group,,[],[],[],[],[]
62589018,Q62589018,Lufthansa Group,,[],[],"[""Q183""]",[],[]
63044327,Q63044327,FlyArystan,フライアリスタン,"[""FS""]",[],"[""Q232""]","[""2018-01-01T00:00:00Z""]",[]
63052337,Q63052337,LTU-Süd,,[],"[""BV""]","[""Q183""]","[""1983-12-01T00:00:00Z""]","[""1997-01-01T00:00:00Z""]"
63088014,Q63088014,Turkish Cargo,,[],[],"[""Q43""]",[],[]
63371258,Q63371258,Avianca Express,アビアンカ・エクスプレス,"[""EX""]","[""AVR""]","[""Q739""]","[""2018-01-01T00:00:00Z""]",[]
63441520,Q63441520,Armenia Airways,アルメニア・エアウェイズ,"[""6A""]","[""AMW""]","[""Q399""]","[""2013-01-01T00:00:00Z""]",[]
63975124,Q63975124,Q63975124,,[],[],"[""Q16""]","[""1947-01-01T00:00:00Z""]",[]
64753686,Q64753686,Maf Indonesia,,[],[],"[""Q252""]",[],[]
65012940,Q65012940,Air Liaison,,"[""DU""]",[],"[""Q16""]","[""2001-01-01T00:00:00Z""]",[]
65043358,Q65043358,Silverstone Air,,"[""K5""]","[""SLR""]","[""Q114""]","[""2013-01-01T00:00:00Z""]","[""2020-01-01T00:00:00Z""]"
65050821,Q65050821,Queen Bilqis Airways,,[],[],"[""Q805""]",[],[]
65058734,Q65058734,Wyoming Airlines,,[],[],"[""Q30""]",[],[]
65065260,Q65065260,Taos Air,,[],[],"[""Q30""]",[],[]
65066388,Q65066388,Iskwew Air,,"[""SG""]","[""KWE""]","[""Q16""]",[],[]
65067054,Q65067054,Air Serv Limited,,[],[],[],[],[]
65067109,Q65067109,Aerolink Uganda,,[],[],"[""Q1036""]",[],[]
65067120,Q65067120,Q65067120,パッションエアー,"[""OP""]","[""DIG""]","[""Q117""]","[""2017-01-01T00:00:00Z""]",[]
65067795,Q65067795,MAF Uganda,,[],[],"[""Q1036""]",[],[]
65072616,Q65072616,Atlantis Airlines,,[],[],"[""Q30""]",[],[]
65072618,Q65072618,Atlantis,,"[""NO""]","[""NOU""]","[""Q183""]","[""1966-01-01T00:00:00Z"",""1968-01-01T00:00:00Z""]","[""1972-01-01T00:00:00Z"",""1972-10-19T00:00:00Z""]"
65075062,Q65075062,Isla Air Express,,[],[],[],[],[]
65075189,Q65075189,Saudia Cargo,,"[""SV""]","[""SVA""]","[""Q851""]","[""2007-01-01T00:00:00Z""]",[]
65076822,Q65076822,Voe Minas Gerais,,[],[],"[""Q155""]","[""2016-01-01T00:00:00Z""]","[""2019-01-01T00:00:00Z""]"
65079136,Q65079136,Vanilla Sky Airlines,,[],[],"[""Q230""]",[],[]
65080270,Q65080270,Air Kufra,,[],[],"[""Q1016""]",[],[]
65086967,Q65086967,Q65086967,ウガンダ航空,"[""UR""]","[""UGD""]","[""Q1036""]","[""2018-01-30T00:00:00Z""]",[]
65089105,Q65089105,Air France Asie,エールフランス・アジー,[],[],"[""Q142"",""Q865""]","[""1994-01-01T00:00:00Z""]","[""2004-01-01T00:00:00Z"",""2007-01-01T00:00:00Z""]"
65123494,Q65123494,Chrono Aviation,,[],"[""NDL""]","[""Q16""]","[""2012-01-01T00:00:00Z""]",[]
65126565,Q65126565,Q65126565,,[],[],"[""Q96""]","[""1995-01-01T00:00:00Z""]",[]
65128771,Q65128771,Michelin Air Services,,[],"[""BIB""]","[""Q142""]","[""1997-12-12T00:00:00Z""]",[]
65128829,Q65128829,Q65128829,,[],[],"[""Q16""]",[],[]
65144089,Q65144089,Thalass'Air,,[],[],"[""Q142""]",[],[]
65158112,Q65158112,Airtransit,,[],[],"[""Q16""]",[],[]
65162854,Q65162854,Royal Nepal Airlines,,[],[],"[""Q837""]","[""1958-01-01T00:00:00Z""]","[""2007-01-01T00:00:00Z""]"
65166904,Q65166904,Jugoslovenski Aerotransport,,[],[],"[""Q36704""]","[""1947-01-01T00:00:00Z""]","[""2003-01-01T00:00:00Z""]"
65199051,Q65199051,Q65199051,バレシュ航空,"[""VR""]","[""VRH""]","[""Q794""]","[""2017-01-01T00:00:00Z""]",[]
65208754,Q65208754,Zamrud Aviation Corporation,,[],[],"[""Q252""]",[],[]
65232609,Q65232609,Jasmin Airways,,"[""JO""]","[""JAW""]","[""Q948""]","[""2019-12-05T00:00:00Z""]","[""2023-10-30T00:00:00Z""]"
65272521,Q65272521,Aero K,エアロK,"[""RF""]","[""EOK""]","[""Q884""]",[],[]
65308518,Q65308518,Parata Air,パラタ航空,"[""4V""]","[""FGW""]","[""Q884""]","[""2016-04-12T00:00:00Z""]",[]
65310789,Q65310789,Hi Air,ハイエア,"[""4H""]","[""HGG""]","[""Q884""]","[""2017-01-01T00:00:00Z""]",[]
65337065,Q65337065,JetX,,[],[],"[""Q189""]",[],[]
65707014,Q65707014,Bergen Air Transport,,[],[],"[""Q20""]","[""1961-01-01T00:00:00Z""]","[""1977-10-01T00:00:00Z""]"
65956710,Q65956710,Air Antwerp,,"[""WP""]","[""ATW""]","[""Q31""]","[""2019-05-01T00:00:00Z""]","[""2021-01-01T00:00:00Z""]"
66121841,Q66121841,Nyxair,,"[""OJ""]","[""NYX""]","[""Q191""]","[""2017-10-30T00:00:00Z""]",[]
66313000,Q66313000,Apollo Airlines,,"[""K6""]","[""AOA""]","[""Q41""]","[""1994-01-01T00:00:00Z""]","[""1996-01-01T00:00:00Z""]"
66369836,Q66369836,Aigle Azur (1946),,"[""AU""]","[""AAZ""]","[""Q142""]","[""1946-01-01T00:00:00Z""]","[""1955-05-01T00:00:00Z""]"
66614635,Q66614635,Ibom Air,アイボム・エア,[],[],"[""Q1033""]","[""2019-06-07T00:00:00Z""]",[]
67310782,Q67310782,Holiday Europe,,"[""5Q""]","[""HES""]","[""Q219""]","[""2019-01-01T00:00:00Z""]",[]
68184545,Q68184545,Heli-Linth,,[],[],"[""Q39""]",[],[]
69354951,Q69354951,Fly Pro,,[],[],"[""Q217""]",[],[]
69690241,Q69690241,Azul Conecta,,[],[],"[""Q155""]",[],[]
71280636,Q71280636,CargoLogic Germany,,"[""6L""]","[""CLG""]","[""Q183""]","[""2013-01-01T00:00:00Z""]","[""2022-02-28T00:00:00Z""]"
73246554,Q73246554,JetSmart Argentina,ジェットスマート・アルゼンチン,"[""WJ""]","[""JES""]","[""Q414""]",[],[]
73397171,Q73397171,Airzafari,,[],[],"[""Q35""]","[""2010-01-01T00:00:00Z""]",[]
73631882,Q73631882,Thomas Cook Airlines Scandinavia,,[],[],[],[],[]
74705406,Q74705406,PLAY,プレイ,"[""OG""]",[],"[""Q189""]","[""2019-11-05T00:00:00Z""]","[""2025-09-29T00:00:00Z""]"
76737829,Q76737829,Mastboom Vliegbedrijf,,[],[],"[""Q55""]",[],[]
76753543,Q76753543,Starling Air,,[],[],"[""Q35""]","[""1983-01-01T00:00:00Z""]",[]
76834578,Q76834578,Air Milford,,[],[],[],[],[]
77604531,Q77604531,TUM AeroCarga,,[],[],"[""Q96""]","[""2015-01-01T00:00:00Z""]",[]
79467978,Q79467978,Q79467978,,"[""3L""]","[""ADY""]","[""Q878""]",[],[]
79798669,Q79798669,Q79798669,,[],[],"[""Q34""]","[""2018-02-14T00:00:00Z""]",[]
83150758,Q83150758,Jettime Finland,,[],"[""JTF""]","[""Q33""]",[],[]
83274348,Q83274348,Wasserfluglinie Altona-Dresden,,[],[],"[""Q183""]",[],[]
84157800,Q84157800,Aero Filipinas,,[],[],[],[],[]
84649458,Q84649458,JAL Cargo,JALカーゴ,[],[],"[""Q17""]","[""1982-10-14T00:00:00Z""]",[]
85310906,Q85310906,Jetair Caribbean,,"[""4J""]","[""JRC""]","[""Q25279""]","[""2006-01-01T00:00:00Z""]","[""2024-06-16T00:00:00Z""]"
85408596,Q85408596,Walcot Air Line,,[],[],"[""Q145""]",[],[]
85738994,Q85738994,ARM Aviación,,[],"[""MMG""]","[""Q774""]","[""1994-01-01T00:00:00Z""]",[]
85739045,Q85739045,ATC Colombia,,"[""TC""]","[""TCO""]","[""Q739""]","[""1993-01-01T00:00:00Z""]","[""1999-01-01T00:00:00Z""]"
85739913,Q85739913,AerCaribe,,"[""JK""]","[""ACL""]","[""Q739""]","[""1997-01-01T00:00:00Z""]",[]
85739920,Q85739920,Aerocosta,,[],[],"[""Q739""]","[""1965-07-12T00:00:00Z""]","[""1976-01-01T00:00:00Z""]"
85739934,Q85739934,Aerovanguardia,,[],[],"[""Q739""]","[""1993-01-01T00:00:00Z""]","[""2007-01-01T00:00:00Z""]"
85740209,Q85740209,Air China Inner Mongolia,中国国際航空公司内蒙古分公司,"[""CA""]","[""CMN""]","[""Q148""]",[],[]
85740227,Q85740227,Air Heritage,,[],[],"[""Q668""]",[],[]
85740229,Q85740229,Air Kruise,,[],[],"[""Q145""]","[""1946-01-01T00:00:00Z""]","[""1957-01-01T00:00:00Z""]"
85742634,Q85742634,Arca Colombia,,"[""ZU""]","[""AKC""]","[""Q739""]","[""1956-01-01T00:00:00Z""]","[""1997-01-01T00:00:00Z""]"
85743090,Q85743090,Flytrip,,[],[],"[""Q804""]",[],[]
85744277,Q85744277,Austro Aéreo,,[],[],"[""Q736""]",[],[]
85754202,Q85754202,Costa Rica Green Airways,,"[""GW""]",[],"[""Q800""]","[""2018-01-01T00:00:00Z""]",[]
85758415,Q85758415,EasyJet UK,,[],[],"[""Q145""]",[],[]
85762078,Q85762078,Freedom Airline Express,,[],[],"[""Q114""]",[],[]
85770990,Q85770990,Jayawijaya Dirgantara,,[],[],"[""Q252""]","[""2012-01-01T00:00:00Z""]",[]
85775277,Q85775277,LAC Colombia,,"[""LC""]","[""LIC""]","[""Q739""]","[""1974-02-28T00:00:00Z""]","[""1996-06-28T00:00:00Z""]"
85782743,Q85782743,Lynk Air,,[],[],"[""Q30""]",[],[]
85785368,Q85785368,Midwest Express Airlines,,[],[],"[""Q30""]",[],[]
85793746,Q85793746,Pocono Airlines,,[],[],"[""Q30""]","[""1965-07-01T00:00:00Z""]","[""2010-01-01T00:00:00Z""]"
85801489,Q85801489,Sky Airline Peru,スカイ航空・ペルー,"[""H8""]","[""SKX""]","[""Q419""]",[],[]
85801494,Q85801494,Sky KG Airlines,スカイKG・エアラインズ,[],[],"[""Q813""]",[],[]
85801505,Q85801505,Sky Travel and Aviation,,[],[],"[""Q958""]",[],[]
85802320,Q85802320,South Stone Airlines,,[],[],"[""Q958""]",[],[]
85803080,Q85803080,Stabo Air,,[],[],"[""Q953""]",[],[]
85804592,Q85804592,Sydney Seaplane,,[],[],"[""Q408""]",[],[]
85810817,Q85810817,TruStar,,[],[],"[""Q668""]",[],[]
85845330,Q85845330,Air Wales (1977),,[],[],"[""Q145""]","[""1977-08-01T00:00:00Z""]","[""1979-06-30T00:00:00Z""]"
85847019,Q85847019,RB Link,,[],[],"[""Q921""]",[],[]
85852424,Q85852424,Western Airways,,[],[],"[""Q145""]","[""1932-01-01T00:00:00Z""]","[""1978-01-01T00:00:00Z""]"
85942452,Q85942452,Timbis Air,,"[""2T""]","[""TBS""]","[""Q114""]","[""2009-11-01T00:00:00Z""]",[]
85973533,Q85973533,Q85973533,フライ・ペルシャ,"[""FP""]","[""FPI""]","[""Q794""]","[""2018-01-01T00:00:00Z""]",[]
86659390,Q86659390,Small Planet Airlines,,[],[],"[""Q191""]","[""2008-12-05T00:00:00Z""]","[""2013-06-20T00:00:00Z""]"
86659536,Q86659536,SmartLynx Airlines Malta,,"[""2N""]","[""LYX""]","[""Q233""]",[],[]
86665245,Q86665245,Q86665245,,[],[],"[""Q16""]",[],[]
86683561,Q86683561,Q86683561,,[],[],[],[],[]
86731708,Q86731708,OTT Airlines,一二三航空,"[""MU""]","[""OTT""]","[""Q148""]",[],[]
86735861,Q86735861,JCAS Airways,ジェイキャスエアウェイズ,[],[],"[""Q17""]","[""2023-06-21T00:00:00Z""]",[]
86753929,Q86753929,ASL Airlines Australia,ピオンエア・オーストラリア,"[""PH""]","[""PHA""]","[""Q408""]","[""1991-01-01T00:00:00Z""]",[]
87169183,Q87169183,Soundair,,[],[],"[""Q16""]",[],[]
87409617,Q87409617,The Lord's Airline,,"[""5Q""]",[],"[""Q30""]","[""1985-01-01T00:00:00Z""]","[""1987-01-01T00:00:00Z""]"
87656572,Q87656572,HiSky,,"[""H7""]","[""HYM""]","[""Q217""]","[""2019-01-01T00:00:00Z""]",[]
87743876,Q87743876,Malév Express,,[],"[""MEH""]","[""Q28""]","[""2002-01-01T00:00:00Z""]","[""2005-01-01T00:00:00Z""]"
88857702,Q88857702,Oriental de Aviacion,,[],[],"[""Q717""]",[],[]
89503335,Q89503335,Alinord,,[],[],"[""Q38""]","[""1986-01-01T00:00:00Z""]","[""1990-01-01T00:00:00Z""]"
89681009,Q89681009,Latvijas Gaisa Satiksmes Akciju Sabiedriba (Airline),,[],[],"[""Q211""]","[""1922-07-31T00:00:00Z""]","[""1928-11-01T00:00:00Z""]"
90578019,Q90578019,Condor Luftreederei,コンドル空運,[],[],"[""Q183""]","[""1957-07-26T00:00:00Z""]","[""1961-11-01T00:00:00Z""]"
93257037,Q93257037,Air Cambodge,,[],[],[],"[""1970-01-01T00:00:00Z""]","[""1994-01-01T00:00:00Z""]"
93264513,Q93264513,JAT – Jugoslovenski Aerotransport,,[],[],"[""Q36704""]",[],"[""2013-10-27T00:00:00Z""]"
93268964,Q93268964,Belize Airways,,[],[],"[""Q242""]","[""1976-08-17T00:00:00Z""]","[""1980-12-08T00:00:00Z""]"
93272461,Q93272461,Luxembourg Airlines,,[],[],"[""Q32""]","[""1946-01-01T00:00:00Z""]","[""1961-01-01T00:00:00Z""]"
93281922,Q93281922,SAGETA,,[],[],"[""Q142""]","[""1953-01-01T00:00:00Z""]","[""2016-12-31T00:00:00Z""]"
93343652,Q93343652,Aligiulia,,"[""RW""]","[""RWA""]","[""Q38""]","[""1982-01-01T00:00:00Z""]","[""1986-01-01T00:00:00Z""]"
93348449,Q93348449,Rhineair,,[],[],"[""Q39""]","[""1974-10-31T00:00:00Z""]",[]
93363384,Q93363384,TABSO,,[],[],"[""Q219""]","[""1947-01-01T00:00:00Z""]","[""1968-01-01T00:00:00Z""]"
93497263,Q93497263,Autair,,[],[],"[""Q145""]","[""1960-01-01T00:00:00Z""]","[""1970-01-01T00:00:00Z""]"
95477271,Q95477271,Terra Avia,テラ・アヴィア,[],"[""TVR""]",[],"[""2005-01-01T00:00:00Z""]",[]
95612789,Q95612789,Xinjiang General Aviation,,[],"[""XTH""]","[""Q148""]","[""1983-01-01T00:00:00Z""]",[]
95615422,Q95615422,Olympic Airways,,"[""OA""]","[""OAL""]","[""Q41""]","[""1957-04-06T00:00:00Z""]","[""2003-01-01T00:00:00Z""]"
95622732,Q95622732,Roland Air,,[],[],"[""Q183""]",[],[]
95627069,Q95627069,Friesenflug,,[],[],"[""Q183""]","[""1964-01-01T00:00:00Z""]","[""2001-01-01T00:00:00Z""]"
95628428,Q95628428,Transportflug,,[],[],"[""Q183""]","[""1965-01-01T00:00:00Z""]","[""1971-01-01T00:00:00Z""]"
95747999,Q95747999,Jordan Airways,,"[""JN""]",[],"[""Q810""]","[""1961-01-01T00:00:00Z""]","[""1963-12-01T00:00:00Z""]"
95948829,Q95948829,Magma Aviation,,[],[],"[""Q145""]","[""2009-12-01T00:00:00Z""]",[]
95949533,Q95949533,Inex-Adria Airways,,"[""JP""]",[],"[""Q36704""]","[""1961-01-01T00:00:00Z""]","[""1986-01-01T00:00:00Z""]"
95951505,Q95951505,Misrair,,[],[],"[""Q79""]","[""1932-06-07T00:00:00Z""]",[]
95952545,Q95952545,SAIDE,,[],[],"[""Q79""]","[""1947-01-01T00:00:00Z""]","[""1952-12-01T00:00:00Z""]"
95981123,Q95981123,Jordan International Airlines,,[],[],"[""Q810""]","[""1954-01-01T00:00:00Z""]","[""1961-09-01T00:00:00Z""]"
95983327,Q95983327,Q95983327,,[],[],"[""Q34""]",[],"[""1948-01-01T00:00:00Z""]"
96083907,Q96083907,Arab Airways,,[],[],"[""Q810""]",[],[]
96324220,Q96324220,Delta Air,,"[""DI""]","[""BAG""]","[""Q183""]","[""1977-04-01T00:00:00Z""]","[""1992-05-05T00:00:00Z""]"
96335478,Q96335478,SAT Fluggesellschaft,,"[""ST""]",[],[],"[""1978-01-01T00:00:00Z""]",[]
96371507,Q96371507,Aero Feliz,,[],[],"[""Q96""]",[],[]
96371588,Q96371588,Air Kasthamandap,,[],[],"[""Q837""]","[""2009-01-01T00:00:00Z""]","[""2017-01-01T00:00:00Z""]"
96375712,Q96375712,Crystal Shamrock Airlines,,[],[],"[""Q30""]","[""1972-01-01T00:00:00Z""]","[""1991-01-01T00:00:00Z""]"
96377418,Q96377418,Estrellas Del Aire,,[],[],[],[],[]
96378068,Q96378068,Fly Angola,フライ・アンゴラ,[],[],"[""Q916""]",[],[]
96379150,Q96379150,General Motors Air Transport,,[],[],[],[],[]
96399485,Q96399485,Pivot Airlines,,[],[],"[""Q16""]",[],[]
96403314,Q96403314,SAEP,,[],[],"[""Q739""]","[""1980-01-01T00:00:00Z""]",[]
96418302,Q96418302,Denver Air Connection,,[],[],"[""Q30""]",[],[]
96418559,Q96418559,Highland Airways Limited,,[],[],[],"[""1933-01-01T00:00:00Z""]","[""1947-01-01T00:00:00Z""]"
96473171,Q96473171,Q96473171,,[],[],"[""Q142""]",[],[]
96582620,Q96582620,Surinam Sky Farmers,,[],[],"[""Q730""]","[""1964-03-13T00:00:00Z""]",[]
96625607,Q96625607,Bulair,,"[""DB""]",[],"[""Q219""]","[""1967-01-01T00:00:00Z""]","[""1972-01-01T00:00:00Z""]"
96650134,Q96650134,Air Borealis,,[],[],"[""Q16""]","[""2017-01-01T00:00:00Z""]",[]
96782625,Q96782625,Uni-Air,,[],"[""UAI"",""UAR""]","[""Q142""]","[""1969-01-01T00:00:00Z""]","[""1994-01-01T00:00:00Z""]"
96824972,Q96824972,Altair,,"[""SM""]","[""SMI""]","[""Q38""]","[""1967-01-01T00:00:00Z""]","[""1984-01-01T00:00:00Z""]"
97161891,Q97161891,Central Airlines,中州航空,"[""I9""]","[""HLF""]","[""Q148""]","[""2016-01-01T00:00:00Z""]",[]
97164352,Q97164352,Midland & Scottish Air Ferries,,[],[],[],"[""1933-01-01T00:00:00Z""]","[""1934-01-01T00:00:00Z""]"
97173175,Q97173175,Zhong Fei General Aviation,中飛通用航空,[],[],"[""Q148""]",[],[]
97178502,Q97178502,Aviashelf,アヴィアシェリフ,[],"[""TGA""]","[""Q159""]","[""1998-01-01T00:00:00Z""]",[]
97181991,Q97181991,AerUpia,,[],[],"[""Q739""]",[],[]
97187509,Q97187509,Scottish Airways,,[],[],"[""Q145""]","[""1937-01-01T00:00:00Z""]","[""1947-01-01T00:00:00Z""]"
97276929,Q97276929,One Caribbean,,[],[],[],[],[]
97306896,Q97306896,Q97306896,,[],[],"[""Q252""]",[],[]
97332689,Q97332689,Wizz Air Abu Dhabi,ウィズエア・アブダビ,"[""5W""]","[""WAZ""]","[""Q878""]","[""2019-12-12T00:00:00Z""]",[]
97356008,Q97356008,Belize Airways,,[],[],"[""Q242""]",[],[]
97356058,Q97356058,Northern & Scottish Airways,,[],[],[],[],"[""http://www.wikidata.org/.well-known/genid/66c95a04014858069393c6768d92e323""]"
97368711,Q97368711,Q97368711,,"[""QD""]","[""LMT""]","[""Q142""]","[""1967-01-01T00:00:00Z""]","[""1989-01-01T00:00:00Z""]"
97446585,Q97446585,Arc en Ciel Airlines,,[],[],"[""Q1041""]",[],[]
97495135,Q97495135,AirGotland,,[],[],[],[],[]
97521248,Q97521248,Philips Vliegdienst,,[],[],"[""Q55""]","[""1955-01-01T00:00:00Z""]","[""1996-01-01T00:00:00Z""]"
97602087,Q97602087,Lübeck Air,,[],[],"[""Q183""]","[""2016-01-01T00:00:00Z""]",[]
97657128,Q97657128,JetRaro,,[],[],[],[],[]
97659094,Q97659094,Aeroflot,,[],[],"[""Q15180""]","[""1923-01-01T00:00:00Z""]","[""1992-07-28T00:00:00Z""]"
97738361,Q97738361,Borneo Airways,,"[""BI""]","[""RBA""]","[""Q921""]","[""1997-01-01T00:00:00Z""]","[""1999-01-01T00:00:00Z""]"
97738362,Q97738362,Borneo Airways Limited,,"[""AB""]",[],"[""Q833""]",[],"[""1965-04-01T00:00:00Z""]"
98000160,Q98000160,Malta MedAir,,"[""MM""]","[""MMO""]","[""Q233""]",[],[]
98099002,Q98099002,Flyest Lineas Aereas,,[],[],"[""Q414""]","[""2017-01-01T00:00:00Z""]","[""2020-11-01T00:00:00Z""]"
98548265,Q98548265,Compañía de Aeronavegación Sudamericana,,[],[],"[""Q298""]",[],[]
98648642,Q98648642,Air Faisal,,[],"[""KV""]","[""Q145""]","[""1975-01-01T00:00:00Z""]","[""1978-09-07T00:00:00Z""]"
98804799,Q98804799,Peters Aviation,,[],"[""NP""]","[""Q145""]","[""1968-01-01T00:00:00Z""]","[""1978-01-01T00:00:00Z""]"
99042778,Q99042778,Ocean GmbH,,[],[],"[""Q183""]",[],[]
99441980,Q99441980,Maleth-Aero,,[],[],"[""Q233""]","[""2012-01-17T00:00:00Z""]",[]
99539906,Q99539906,Animawings,アニマウィングス,[],"[""AWG""]","[""Q218""]","[""2019-01-01T00:00:00Z""]",[]
99546065,Q99546065,Sky Alps,,"[""BQ""]","[""SWU""]","[""Q38""]","[""2020-01-01T00:00:00Z""]",[]
99616773,Q99616773,Polarwing,,"[""WO""]",[],"[""Q33""]",[],"[""1990-01-01T00:00:00Z""]"
100153989,Q100153989,Tradewinds Airlines,,[],[],"[""Q30""]",[],[]
100268337,Q100268337,Rheingau Air Service,,[],"[""KG""]","[""Q183""]","[""1974-01-01T00:00:00Z""]","[""1983-01-01T00:00:00Z""]"
100320713,Q100320713,AeroDesierto,,[],[],[],[],"[""http://www.wikidata.org/.well-known/genid/22a05d9a8991f217c7430cf9586ed51a""]"
100741757,Q100741757,Brunei Sultan's Flight,,[],[],"[""Q921""]",[],[]
101045330,Q101045330,William Dempster (airline),,[],[],"[""Q145""]","[""1947-05-01T00:00:00Z""]","[""1954-02-01T00:00:00Z""]"
101047917,Q101047917,Surrey Flying Services,,[],[],"[""Q145""]","[""1921-02-01T00:00:00Z""]","[""1952-12-01T00:00:00Z""]"
101048620,Q101048620,Lome Airways,,[],[],"[""Q16""]","[""1948-01-01T00:00:00Z""]","[""1959-01-01T00:00:00Z""]"
101057706,Q101057706,Air Links,,[],[],"[""Q145""]","[""1958-08-21T00:00:00Z""]","[""1965-08-01T00:00:00Z""]"
101058958,Q101058958,Transglobe Airways,,[],[],"[""Q145""]","[""1965-08-01T00:00:00Z""]","[""1968-11-28T00:00:00Z""]"
101208211,Q101208211,Union of Burma Airways,,"[""UB""]","[""UBA""]","[""Q836""]","[""1948-12-15T00:00:00Z""]","[""1972-12-01T00:00:00Z""]"
101208227,Q101208227,Burma Airways,,"[""UB""]","[""UBA""]","[""Q836""]","[""1972-12-01T00:00:00Z""]","[""1989-04-01T00:00:00Z""]"
101208258,Q101208258,Myanma Airways,,"[""UB""]","[""UBA""]","[""Q836""]","[""1989-04-01T00:00:00Z""]","[""2014-12-01T00:00:00Z""]"
101208285,Q101208285,Myanmar National Airlines,ミャンマー・ナショナル航空,"[""UB""]","[""UBA""]","[""Q836""]","[""2014-12-01T00:00:00Z""]",[]
101588285,Q101588285,Società Aerea Mediterranea (1928),,[],[],"[""Q38""]","[""1928-03-26T00:00:00Z""]","[""1939-01-01T00:00:00Z""]"
101593333,Q101593333,Societa Italiane Servizi Aerei – SISA,,[],[],"[""Q38""]","[""1947-06-08T00:00:00Z""]","[""1948-10-01T00:00:00Z""]"
101613391,Q101613391,Transadriatica,,[],[],"[""Q38""]","[""1947-04-01T00:00:00Z""]","[""1949-01-01T00:00:00Z""]"
101817599,Q101817599,North Coast Air Services,,[],"[""NCC""]","[""Q16""]","[""1951-01-01T00:00:00Z""]","[""1993-01-01T00:00:00Z""]"
101833484,Q101833484,Norcanair (1989),,[],[],"[""Q16""]","[""1989-01-01T00:00:00Z""]","[""2005-01-01T00:00:00Z""]"
101855000,Q101855000,Bradley Air Services,,[],"[""FAB""]","[""Q16""]","[""1946-01-01T00:00:00Z""]","[""2019-11-01T00:00:00Z""]"
101970655,Q101970655,Skydive Arizona,,[],[],"[""Q30""]",[],[]
101991990,Q101991990,Skydive Airlines AB,,[],[],"[""Q34""]","[""1993-01-01T00:00:00Z""]",[]
102078121,Q102078121,Varangfly,,[],[],"[""Q20""]","[""1959-07-24T00:00:00Z""]","[""1972-01-01T00:00:00Z""]"
102108283,Q102108283,Westwing A/S,,[],[],"[""Q20""]","[""1966-01-01T00:00:00Z""]",[]
102111341,Q102111341,Fjellfly (1977),,[],[],"[""Q20""]","[""1977-01-01T00:00:00Z""]",[]
102112250,Q102112250,Polaris Air Transport,,[],[],"[""Q20""]","[""1964-11-01T00:00:00Z""]","[""1969-01-01T00:00:00Z""]"
102115197,Q102115197,Rada Airlines,ラーダ航空,[],[],"[""Q184""]",[],[]
102249018,Q102249018,LIFT Airline,リフト,[],[],"[""Q258""]","[""2020-12-10T00:00:00Z""]",[]
102427518,Q102427518,Air Paris,,"[""IO""]","[""TAD""]","[""Q142""]","[""1967-01-01T00:00:00Z""]",[]
102428077,Q102428077,Q102428077,,[],[],"[""Q142""]",[],[]
102428079,Q102428079,Q102428079,,"[""GS""]",[],"[""Q142""]",[],[]
102428081,Q102428081,Q102428081,,"[""TF""]",[],"[""Q142""]",[],"[""1995-01-01T00:00:00Z""]"
104223501,Q104223501,PADAVIATION,,[],"[""PVD""]","[""Q183""]","[""2006-01-01T00:00:00Z""]",[]
104417767,Q104417767,CCAir,,"[""ED""]","[""CCL""]","[""Q30""]","[""1987-01-01T00:00:00Z""]","[""2002-11-04T00:00:00Z""]"
104533826,Q104533826,Vietravel Airlines,ビエトラベル航空,[],[],"[""Q881""]",[],[]
104558567,Q104558567,Aviatsa,,[],"[""LEM""]","[""Q783""]","[""2015-10-01T00:00:00Z""]",[]
104591404,Q104591404,Q104591404,,"[""S2""]","[""SRV""]","[""Q974""]","[""1993-01-01T00:00:00Z""]",[]
104623409,Q104623409,Safe Air (airline),,[],[],"[""Q114""]","[""2001-01-01T00:00:00Z""]",[]
104630809,Q104630809,Aerostan,アエロスタン,"[""KW""]","[""BSC""]","[""Q813""]","[""2004-01-01T00:00:00Z""]",[]
104663994,Q104663994,Q104663994,,[],[],"[""Q974""]",[],[]
104708100,Q104708100,Q104708100,,[],[],"[""Q142""]",[],[]
104708101,Q104708101,Jonika Airlines,,[],[],"[""Q212""]","[""2018-01-01T00:00:00Z""]",[]
104708104,Q104708104,Q104708104,,[],[],"[""Q31""]",[],[]
104708107,Q104708107,Q104708107,,[],[],"[""Q142""]",[],[]
104708108,Q104708108,Q104708108,,[],[],"[""Q142""]","[""1988-06-15T00:00:00Z""]",[]
104708109,Q104708109,Tayaran Jet,,[],[],"[""Q219""]","[""2017-01-01T00:00:00Z""]",[]
104708110,Q104708110,Q104708110,,[],[],"[""Q142""]",[],[]
104771929,Q104771929,San Marino Executive Aviation,,[],"[""SMF""]","[""Q238""]","[""2018-03-01T00:00:00Z""]",[]
104776965,Q104776965,Q104776965,,[],[],[],[],[]
104779250,Q104779250,Q104779250,,[],[],"[""Q691""]",[],[]
104785250,Q104785250,"London, Scottish & Provincial Airways",,[],[],[],[],[]
104815522,Q104815522,OWG,,[],[],"[""Q16""]","[""2020-07-06T00:00:00Z""]",[]
104830198,Q104830198,GullivAir,ガリヴエア,[],[],"[""Q219""]",[],[]
104833239,Q104833239,Lauda Europe Ltd,,"[""LW""]","[""LDA""]","[""Q233""]","[""2020-09-11T00:00:00Z""]",[]
104834374,Q104834374,Sunlight Air,サンライト・エクスプレス・エアウェイズ,[],[],[],[],[]
104846313,Q104846313,Airlines of Australia,,[],[],[],"[""1931-01-01T00:00:00Z""]","[""2002-01-01T00:00:00Z""]"
104847732,Q104847732,Aliansa - Aerolineas Andinas,,[],[],"[""Q739""]",[],[]
104850545,Q104850545,Volaris El Salvador,,"[""N3""]","[""VOS""]","[""Q792""]",[],[]
104851690,Q104851690,South West Aviation,,[],[],"[""Q958""]",[],[]
104856252,Q104856252,Transwest Airlines,,[],[],"[""Q408""]",[],[]
104856686,Q104856686,AfriJet,アフリジェット,[],[],"[""Q1000""]",[],[]
104866227,Q104866227,FLOAT Shuttle,,[],[],[],[],[]
104866450,Q104866450,Abaeté Aviação,,"[""E4""]","[""ABJ""]","[""Q155""]",[],[]
104866978,Q104866978,Q104866978,,[],[],"[""Q30""]",[],[]
104867622,Q104867622,Antilles Air Boats,,[],[],"[""Q11703""]","[""1963-01-01T00:00:00Z""]","[""1981-01-01T00:00:00Z""]"
104868263,Q104868263,Air Rajneesh,,[],[],[],[],[]
104868572,Q104868572,Q104868572,,[],[],"[""Q30""]",[],[]
104870726,Q104870726,Eleron Airlines,,[],[],"[""Q212""]",[],[]
104871554,Q104871554,Air Kaikoura,,[],[],"[""Q664""]",[],[]
104871822,Q104871822,EGO Airways,,[],[],"[""Q38""]","[""2019-07-29T00:00:00Z""]","[""2022-01-04T00:00:00Z""]"
104872637,Q104872637,Q104872637,,[],"[""JSC""]","[""Q159""]",[],[]
104874384,Q104874384,Servicios Aerolineas Mexicanas,,[],[],[],[],[]
104874903,Q104874903,Q104874903,,[],[],"[""Q30""]",[],[]
104879873,Q104879873,Novair,,"[""NG""]","[""NAI""]",[],"[""2020-01-01T00:00:00Z""]",[]
104880678,Q104880678,Hayways,フライ・アルメニア・エアウェイズ,[],[],"[""Q399""]",[],[]
104902115,Q104902115,FlyBig,フライビッグ,[],[],"[""Q668""]",[],[]
104977362,Q104977362,Q104977362,,[],[],[],[],[]
105043990,Q105043990,Aer Lingus UK,,"[""EG""]","[""EUK""]","[""Q145""]","[""2020-01-01T00:00:00Z""]",[]
105076914,Q105076914,Discover Airlines,ユーロウイングス・ディスカバー,"[""4Y""]","[""OCN""]","[""Q183""]","[""2021-01-01T00:00:00Z""]",[]
105081977,Q105081977,Burundi Airlines,,[],[],"[""Q967""]","[""2021-02-04T00:00:00Z""]",[]
105099664,Q105099664,Q105099664,,[],[],[],[],[]
105169999,Q105169999,ALM Antillean Airlines,,[],[],[],"[""1964-01-01T00:00:00Z""]","[""2002-01-01T00:00:00Z""]"
105175024,Q105175024,China Airways Federal,,[],[],"[""Q13426199""]","[""1929-06-01T00:00:00Z""]","[""1930-07-08T00:00:00Z""]"
105192262,Q105192262,Guinea Air Traders,,[],[],[],[],[]
105274727,Q105274727,Sky Mali,エール・マリ,[],[],"[""Q912""]","[""2020-01-01T00:00:00Z""]",[]
105396224,Q105396224,Q105396224,,[],[],[],[],[]
105424593,Q105424593,Regional Sky,,"[""4P""]",[],"[""Q30""]",[],[]
105473983,Q105473983,Yashodhara Air,,[],[],"[""Q837""]",[],[]
105481325,Q105481325,Toki Air,トキエア,"[""BV""]","[""TOK""]","[""Q17""]","[""2020-07-29T00:00:00Z""]",[]
105555697,Q105555697,Eastern Air Express,,[],[],"[""Q30""]","[""2013-01-01T00:00:00Z""]",[]
105635242,Q105635242,ITA Transportes Aéreos,ITA航空輸送,[],[],"[""Q155""]","[""2020-01-01T00:00:00Z""]",[]
105672814,Q105672814,Q105672814,,[],[],[],[],[]
105710566,Q105710566,United Nigeria Airlines,ユナイテッド・ナイジェリア航空,[],[],"[""Q1033""]",[],[]
105720709,Q105720709,Flyr,,"[""FS""]","[""FOX""]","[""Q20""]","[""2020-08-14T00:00:00Z""]","[""2023-01-31T00:00:00Z""]"
105734641,Q105734641,Bees Airline,ビー航空,[],[],"[""Q212""]","[""2021-03-18T00:00:00Z""]","[""2022-08-01T00:00:00Z""]"
105979794,Q105979794,Taxi Aéreo El Venado,,[],[],"[""Q739""]","[""1963-01-01T00:00:00Z""]","[""1982-01-01T00:00:00Z""]"
106084399,Q106084399,IFA International Freight Airways,,[],"[""FW""]","[""Q31""]","[""1976-04-22T00:00:00Z""]","[""1978-05-31T00:00:00Z""]"
106091347,Q106091347,Inland Air Lines,,[],[],[],"[""1938-01-01T00:00:00Z""]","[""1952-01-01T00:00:00Z""]"
106224999,Q106224999,Fischer Air Polska,,[],"[""FFP""]","[""Q36""]","[""2005-01-01T00:00:00Z""]","[""2008-01-01T00:00:00Z""]"
106432601,Q106432601,Gianair,,[],[],"[""Q117""]",[],[]
106432761,Q106432761,Q106432761,エア・ガーナ,"[""GO""]","[""GHN""]","[""Q117""]","[""1993-01-01T00:00:00Z""]",[]
106504531,Q106504531,Air Premia,エアプレミア,"[""YP""]","[""APZ""]","[""Q884""]","[""2017-07-17T00:00:00Z""]",[]
106547126,Q106547126,Q106547126,,[],[],"[""Q159""]",[],[]
106555489,Q106555489,Q106555489,,"[""PR""]","[""PRS""]","[""Q794""]","[""2021-01-01T00:00:00Z""]",[]
106608691,Q106608691,Connect Airlines,,[],[],"[""Q30""]",[],[]
106728851,Q106728851,McCulloch International Airlines,,[],[],"[""Q30""]","[""1970-01-01T00:00:00Z""]","[""1977-01-01T00:00:00Z""]"
106745202,Q106745202,Holmström Flyg,,"[""HJ""]","[""ENT""]","[""Q34""]","[""1966-01-01T00:00:00Z""]","[""1995-01-01T00:00:00Z""]"
106804249,Q106804249,Berniq Airways,,[],[],"[""Q1016""]",[],[]
106873451,Q106873451,Q106873451,,[],[],"[""Q142""]",[],[]
106878157,Q106878157,Wolfair,,[],[],"[""Q1037""]",[],"[""1973-01-01T00:00:00Z""]"
106899692,Q106899692,National Airlines,ナショナル航空,[],[],[],[],[]
106911700,Q106911700,Ecuatoriana Airlines,,[],[],"[""Q736""]","[""2020-01-01T00:00:00Z""]",[]
106982048,Q106982048,Emerald Airlines,,[],[],"[""Q27""]",[],[]
107072136,Q107072136,Mercury Aviation Company,,[],[],"[""Q30""]","[""1919-01-01T00:00:00Z""]","[""1922-01-01T00:00:00Z""]"
107223331,Q107223331,Aviair,,[],[],"[""Q408""]",[],[]
107226924,Q107226924,Taiwan Airways,,"[""WG""]","[""TAC""]","[""Q865""]","[""1966-08-01T00:00:00Z""]","[""1998-07-01T00:00:00Z""]"
107300119,Q107300119,Norse Atlantic Airways,ノースアトランティック航空,"[""N0""]","[""NBT""]","[""Q20""]","[""2021-03-01T00:00:00Z""]",[]
107344947,Q107344947,Grodno Aviakompania,,[],[],"[""Q184""]","[""1945-01-01T00:00:00Z""]",[]
107348312,Q107348312,Aerosul Linhas Aéreas,,[],[],"[""Q155""]",[],[]
107404406,Q107404406,Prince Air,,[],[],[],[],[]
107456909,Q107456909,Air Leap,,"[""FL""]","[""LPA""]","[""Q34""]","[""2018-01-01T00:00:00Z""]","[""2022-01-24T00:00:00Z""]"
107472762,Q107472762,Super Air Jet,スーパーエアジェット,[],[],"[""Q252""]",[],[]
107507019,Q107507019,Uep Fly,,[],[],"[""Q29""]",[],[]
107557914,Q107557914,World2Fly,ワールド2フライ,"[""2W""]","[""WFL""]","[""Q29""]","[""2021-06-19T00:00:00Z""]",[]
107632662,Q107632662,LR Airlines,,[],[],[],[],[]
107657417,Q107657417,Air Montenegro,エア・モンテネグロ,"[""ZQ""]","[""MNE""]","[""Q236""]","[""2021-06-10T00:00:00Z""]",[]
107694279,Q107694279,Heston Airlines,,"[""HN""]","[""HST""]","[""Q37""]",[],[]
107739499,Q107739499,Aeroregional,,"[""6G""]","[""RER""]","[""Q736""]",[],[]
108113024,Q108113024,Tayaranjet,,"[""E8""]","[""TJB""]","[""Q219""]",[],"[""2021-11-26T00:00:00Z""]"
108113422,Q108113422,Elan Air,,[],[],"[""Q145""]","[""1982-10-01T00:00:00Z""]","[""1989-08-01T00:00:00Z""]"
108123253,Q108123253,UR Airlines,,"[""UD""]","[""UBD""]","[""Q796""]",[],[]
108251249,Q108251249,ITA Airways,ITA航空,"[""AZ""]","[""ITY""]","[""Q38""]","[""2020-11-11T00:00:00Z""]",[]
108375650,Q108375650,Nella Linhas Aéreas,,[],"[""NEL""]","[""Q155""]",[],[]
108487867,Q108487867,Geosky,,"[""D4""]","[""GEL""]",[],"[""2017-01-01T00:00:00Z""]",[]
108528361,Q108528361,ETF Airways,,"[""LI""]","[""EZZ""]","[""Q224""]","[""2020-01-01T00:00:00Z""]",[]
108542766,Q108542766,British United (Channel Islands) Airways,,[],[],"[""Q145""]","[""1962-11-01T00:00:00Z""]","[""1968-11-01T00:00:00Z""]"
108545367,Q108545367,British Air Ferries,,"[""VF""]","[""BAF""]","[""Q145""]","[""1967-10-01T00:00:00Z""]","[""1993-04-06T00:00:00Z""]"
108545429,Q108545429,British World Airlines,,[],"[""BWL""]","[""Q145""]","[""1993-04-06T00:00:00Z""]","[""2001-12-14T00:00:00Z""]"
108551907,Q108551907,Anglian Air Charter,,[],[],"[""Q145""]","[""1950-01-01T00:00:00Z""]","[""1970-08-01T00:00:00Z""]"
108552261,Q108552261,Norfolk Airways,,[],[],"[""Q145""]","[""1950-03-01T00:00:00Z""]","[""1970-07-22T00:00:00Z""]"
108552303,Q108552303,Rig-Air,,[],[],"[""Q145""]","[""1969-01-01T00:00:00Z""]",[]
108560330,Q108560330,British Island Airways (1982),,"[""KD""]","[""BIA""]","[""Q145""]","[""1982-04-01T00:00:00Z""]","[""1991-02-09T00:00:00Z""]"
108574767,Q108574767,Linea Aeropostal Venezolana,,"[""VH""]","[""ALV""]","[""Q717""]","[""1933-12-31T00:00:00Z""]","[""2017-09-01T00:00:00Z""]"
108660582,Q108660582,Challenge Airlines BE,,"[""X7""]",[],[],[],[]
108687248,Q108687248,Falconair,,[],[],"[""Q34""]","[""1967-01-01T00:00:00Z""]","[""1970-01-01T00:00:00Z""]"
108739608,Q108739608,Royal Zambian Airlines,,[],[],"[""Q953""]",[],[]
108760157,Q108760157,Aerovias Latino Americanas,,[],[],"[""Q792""]",[],[]
108809599,Q108809599,KaiserAir,,[],"[""KAI""]","[""Q30""]",[],[]
108870443,Q108870443,Jet Express Airlines,ジェット・エクスプレス・エアラインズ,[],[],"[""Q159""]",[],[]
108940005,Q108940005,Centreline Air Charter Ltd,,[],"[""CLF""]","[""Q145""]","[""2000-01-19T00:00:00Z""]",[]
109017685,Q109017685,Q109017685,,[],[],"[""Q142""]",[],[]
109018882,Q109018882,Q109018882,,[],[],"[""Q142""]","[""1976-01-01T00:00:00Z""]","[""1988-01-01T00:00:00Z""]"
109020395,Q109020395,Q109020395,,[],[],"[""Q142""]",[],[]
109021028,Q109021028,Q109021028,,[],[],"[""Q142""]",[],[]
109024203,Q109024203,Q109024203,,[],[],"[""Q142""]",[],[]
109024392,Q109024392,Q109024392,,[],[],"[""Q142""]",[],[]
109040179,Q109040179,Q109040179,,[],[],"[""Q142""]",[],[]
109040825,Q109040825,Q109040825,,[],[],"[""Q142""]",[],[]
109041041,Q109041041,Q109041041,,[],[],"[""Q142""]",[],[]
109041933,Q109041933,Q109041933,,[],[],"[""Q142""]","[""1986-01-01T00:00:00Z""]","[""1999-10-11T00:00:00Z""]"
109042317,Q109042317,Q109042317,,[],[],"[""Q142""]",[],[]
109043800,Q109043800,Q109043800,,[],[],"[""Q142""]",[],[]
109044314,Q109044314,Q109044314,,[],[],"[""Q142""]",[],[]
109045100,Q109045100,Stellair,,[],[],"[""Q142""]",[],[]
109046101,Q109046101,Q109046101,,[],[],"[""Q142""]",[],[]
109046425,Q109046425,Q109046425,,[],[],"[""Q142""]",[],[]
109170665,Q109170665,Q109170665,,"[""RD""]","[""SNA""]","[""Q786""]",[],[]
109279909,Q109279909,Sahakol Air,,[],[],"[""Q869""]","[""1968-01-01T00:00:00Z""]","[""1989-01-01T00:00:00Z""]"
109312519,Q109312519,Bonza,,[],[],"[""Q408""]","[""2021-01-01T00:00:00Z""]","[""2024-07-02T00:00:00Z""]"
109315531,Q109315531,Q109315531,,[],[],"[""Q31""]",[],[]
109330011,Q109330011,California Hawaiian Airlines,,[],[],"[""Q30""]","[""1946-01-01T00:00:00Z""]","[""1962-01-01T00:00:00Z""]"
109330058,Q109330058,Paradise Airlines,,[],[],"[""Q30""]","[""1962-01-01T00:00:00Z""]","[""1964-01-01T00:00:00Z""]"
109330264,Q109330264,Pacific Air Transport (1966),,[],[],"[""Q30""]","[""1966-01-01T00:00:00Z""]","[""1970-01-01T00:00:00Z""]"
109332074,Q109332074,Aerolineas Carreras,,[],[],"[""Q414""]","[""1959-01-01T00:00:00Z""]","[""1970-03-01T00:00:00Z""]"
109346639,Q109346639,Greater Bay Airlines,グレーターベイ航空,[],[],"[""Q8646""]",[],[]
109352864,Q109352864,New Pacific Airlines,ニュー・パシフィック航空,[],[],"[""Q30""]","[""2021-05-01T00:00:00Z""]",[]
109364309,Q109364309,Japan Pacific Airlines,ジャパンパシフィックエアラインズ,[],[],"[""Q17""]",[],[]
109406805,Q109406805,Swissair Asia,,[],[],"[""Q39"",""Q865""]","[""1995-01-18T00:00:00Z""]","[""2001-10-01T00:00:00Z""]"
109532202,Q109532202,Air Ocean Airlines,,[],"[""AOA""]","[""Q212""]","[""2021-10-30T00:00:00Z""]","[""2022-01-15T00:00:00Z""]"
109536115,Q109536115,Akasa Air,アカサ・エア,"[""QP""]","[""AKJ""]","[""Q668""]","[""2021-01-01T00:00:00Z""]",[]
109578942,Q109578942,Strat Air,,[],[],[],[],[]
109598851,Q109598851,Ukrvozdukhput,,[],[],"[""Q212""]",[],[]
109905474,Q109905474,Airbahn,,[],[],"[""Q30""]",[],[]
109967243,Q109967243,Equair,,"[""NH""]","[""EQX""]","[""Q736""]","[""2020-10-01T00:00:00Z""]",[]
109973625,Q109973625,Q109973625,フライワン・アルメニア,"[""3F""]","[""FIE""]","[""Q399""]","[""2021-01-01T00:00:00Z""]",[]
109974736,Q109974736,North Eastern Airways,,[],[],"[""Q145""]",[],"[""1930-01-01T00:00:00Z""]"
110103138,Q110103138,Q110103138,,[],[],"[""Q252""]",[],[]
110120534,Q110120534,SouthEast Airlines,,[],[],[],[],[]
110147407,Q110147407,Avcon Jet,,[],"[""AOJ""]","[""Q40""]","[""2007-01-01T00:00:00Z""]",[]
110221743,Q110221743,Líneas Aéreas Navarras,,[],[],"[""Q29""]",[],[]
110369372,Q110369372,Citrus,,[],[],[],"[""2021-01-01T00:00:00Z""]",[]
110388032,Q110388032,Q110388032,,[],[],[],[],[]
110388037,Q110388037,Q110388037,,[],[],[],[],[]
110392256,Q110392256,Advance Air Charter,,[],[],"[""Q16""]",[],[]
110409020,Q110409020,Towarzystwo Lotnictwa Komunikacyjnego w Poznaniu,,[],[],"[""Q36""]",[],[]
110421363,Q110421363,Airways (India),,[],[],"[""Q668""]","[""1945-09-01T00:00:00Z""]",[]
110438406,Q110438406,Mercer Airlines,,[],[],"[""Q30""]","[""1946-01-01T00:00:00Z""]","[""1976-01-01T00:00:00Z""]"
110551288,Q110551288,Cat Island Air,,[],"[""CIS""]","[""Q778""]",[],[]
110554101,Q110554101,Air Alma,,[],"[""AAJ""]","[""Q16""]","[""1959-01-01T00:00:00Z""]",[]
110576431,Q110576431,MSC Air,,"[""CP""]","[""LSI""]","[""Q38""]","[""2021-01-01T00:00:00Z""]",[]
110588580,Q110588580,Lancashire Aircraft Corporation,,[],[],[],[],[]
110613927,Q110613927,Q110613927,,[],"[""DCF""]","[""Q878""]",[],[]
110613972,Q110613972,Q110613972,,[],"[""DCW""]","[""Q233""]",[],[]
110637126,Q110637126,Hunting Cargo Airlines,,[],[],"[""Q145""]","[""1992-01-01T00:00:00Z""]","[""1998-01-01T00:00:00Z""]"
110637552,Q110637552,Air Bridge Carriers,,[],[],"[""Q145""]","[""1972-01-01T00:00:00Z""]","[""1992-01-01T00:00:00Z""]"
110637602,Q110637602,Air Contractors,,[],[],"[""Q27""]","[""1998-01-01T00:00:00Z""]",[]
110637628,Q110637628,ASL Aviation Group,,[],[],"[""Q27""]","[""2008-01-01T00:00:00Z""]","[""2015-01-01T00:00:00Z""]"
110702197,Q110702197,Tel Aviv Air,,[],[],"[""Q183""]","[""2020-01-01T00:00:00Z""]","[""2022-01-01T00:00:00Z""]"
110724973,Q110724973,Diamond Sky,,[],"[""DMS""]","[""Q191""]","[""2013-01-01T00:00:00Z""]",[]
110732796,Q110732796,Unistar,,[],[],"[""Q419""]","[""1999-01-01T00:00:00Z""]",[]
110768688,Q110768688,Oyonnair,,[],[],"[""Q142""]","[""1989-01-01T00:00:00Z""]",[]
110829997,Q110829997,Ultra Air,,[],[],"[""Q739""]",[],[]
110877635,Q110877635,Aeronaves De Puerto Rico,,[],[],[],[],[]
110899969,Q110899969,Rhoades Aviation,,[],"[""RDS""]","[""Q30""]","[""1965-01-01T00:00:00Z""]",[]
110900027,Q110900027,Rhoades International,,[],"[""RDS""]","[""Q30""]","[""1965-01-01T00:00:00Z""]",[]
110924448,Q110924448,Overseas Aviation,,[],[],"[""Q145""]","[""1958-02-01T00:00:00Z""]","[""1961-10-09T00:00:00Z""]"
110937255,Q110937255,Sagittair,,[],[],"[""Q145""]","[""1969-01-01T00:00:00Z""]","[""1972-09-08T00:00:00Z""]"
110968509,Q110968509,Far East Air Transport,,[],[],[],[],[]
110971238,Q110971238,Hunting Air Transport,,[],[],"[""Q145""]","[""1951-08-01T00:00:00Z""]","[""1953-10-01T00:00:00Z""]"
110971309,Q110971309,Hunting Air Travel,,[],[],"[""Q145""]","[""1946-01-01T00:00:00Z""]","[""1951-08-01T00:00:00Z""]"
111081521,Q111081521,DHL Air Austria,,"[""Q7""]","[""DHA""]","[""Q40""]",[],[]
111143509,Q111143509,SKS Airways,SKS航空,[],[],"[""Q833""]",[],[]
111169224,Q111169224,Compass Cargo Airlines,,[],[],[],[],[]
111169336,Q111169336,Bowen Air Lines,,[],[],"[""Q30""]",[],[]
111181546,Q111181546,Värmlandsflyg,,"[""T9""]","[""SRL""]","[""Q34""]","[""1961-01-01T00:00:00Z""]","[""2002-12-01T00:00:00Z""]"
111212527,Q111212527,CMA CGM Air Cargo,,"[""2C""]","[""CMA""]","[""Q142""]","[""2020-12-23T00:00:00Z""]",[]
111296707,Q111296707,Mafate Hélicoptères,,[],[],"[""Q142""]",[],[]
111568746,Q111568746,Q111568746,,[],[],"[""Q159""]",[],[]
111736476,Q111736476,AirSeven,,[],[],"[""Q35""]","[""2020-01-01T00:00:00Z""]",[]
111796795,Q111796795,Hibernian Airlines (2017),,"[""HG""]","[""HBN""]","[""Q27""]","[""2017-04-06T00:00:00Z""]","[""2024-01-01T00:00:00Z""]"
111817760,Q111817760,Q111817760,,[],[],"[""Q159""]",[],[]
111824329,Q111824329,Eswatini Air,エスワティニ エア,[],[],[],[],[]
111843558,Q111843558,Air Swift,,[],"[""SWF""]","[""Q145""]","[""1986-05-29T00:00:00Z""]","[""1996-07-01T00:00:00Z""]"
111844586,Q111844586,Malmö Aviation,,"[""TF""]","[""SCW""]","[""Q34""]","[""1981-01-01T00:00:00Z""]","[""2016-02-29T00:00:00Z""]"
111914944,Q111914944,CitizenPlane,,"[""1L""]",[],[],[],[]
111915074,Q111915074,Fly Jinnah,,"[""9P""]","[""FJL""]",[],[],[]
111915832,Q111915832,Renegade Air,,[],"[""RNG""]","[""Q114""]",[],[]
111936976,Q111936976,Cally Air,,[],[],"[""Q1033""]",[],[]
111937099,Q111937099,Eastern Air Services,,[],[],[],[],[]
111945744,Q111945744,Niceair,,[],"[""HFM""]","[""Q189""]","[""2022-01-01T00:00:00Z""]","[""2023-04-01T00:00:00Z""]"
111949926,Q111949926,BAR Aviation Uganda,,"[""HE""]",[],"[""Q1036""]","[""2008-01-01T00:00:00Z""]",[]
112100087,Q112100087,SAL,,[],[],"[""Q851""]","[""2019-01-01T00:00:00Z""]",[]
112106752,Q112106752,Leav Aviation,,"[""KK""]","[""NGN""]","[""Q183""]","[""2020-01-01T00:00:00Z""]",[]
112110148,Q112110148,Global Airways,,[],"[""GBL""]","[""Q37""]",[],[]
112119084,Q112119084,Lloyd Aviation,,[],[],[],[],[]
112190771,Q112190771,Q112190771,,[],[],[],[],[]
112190882,Q112190882,Shirak Avia,シラク・アヴィア,"[""5G""]","[""SHS""]",[],"[""2019-01-01T00:00:00Z""]",[]
112223447,Q112223447,Aerial Transport Company of Siam,,[],[],"[""Q1081620""]","[""1931-01-01T00:00:00Z""]",[]
112262317,Q112262317,Flybe,フライビー,"[""BE""]","[""BEE""]","[""Q145""]","[""2020-09-13T00:00:00Z""]","[""2023-01-28T00:00:00Z""]"
112302267,Q112302267,Frigorifico Santa Rita,,[],[],"[""Q750""]","[""1970-01-01T00:00:00Z""]","[""2001-01-01T00:00:00Z""]"
112571489,Q112571489,SAVCO,,[],[],"[""Q750""]","[""1970-01-01T00:00:00Z""]","[""2001-01-01T00:00:00Z""]"
112578206,Q112578206,Ansett Airlines of Papua New Guinea,,"[""PN""]",[],"[""Q691""]","[""1936-01-01T00:00:00Z""]","[""1973-01-01T00:00:00Z""]"
112602350,Q112602350,CAMBA,,[],[],"[""Q750""]","[""1960-01-01T00:00:00Z""]","[""2004-01-01T00:00:00Z""]"
112602361,Q112602361,Aerovias Las Minas,,[],[],"[""Q750""]","[""1964-01-01T00:00:00Z""]","[""1991-01-01T00:00:00Z""]"
112602366,Q112602366,Trans Aéreos Beni,,[],[],"[""Q750""]",[],[]
112602371,Q112602371,Servicio Aéreo San Francisco,,[],[],"[""Q750""]","[""1970-01-01T00:00:00Z""]",[]
112602374,Q112602374,Frigorificos Movima,,[],[],"[""Q750""]","[""1971-01-01T00:00:00Z""]","[""1981-01-01T00:00:00Z""]"
112602378,Q112602378,ALCON,,[],[],"[""Q750""]","[""1970-01-01T00:00:00Z""]","[""1977-01-01T00:00:00Z""]"
112602382,Q112602382,Air Bolivia,,[],[],"[""Q750""]","[""1972-01-01T00:00:00Z""]","[""1973-01-01T00:00:00Z""]"
112602386,Q112602386,Transportes Aéreos Benianos,,[],[],"[""Q750""]","[""1963-01-01T00:00:00Z""]","[""1972-01-01T00:00:00Z""]"
112602389,Q112602389,Aerolineas Abaroa,,[],[],"[""Q750""]","[""1960-01-01T00:00:00Z""]","[""1968-01-01T00:00:00Z""]"
112602400,Q112602400,Transportes Aéreos Litoral,,[],[],"[""Q750""]","[""1966-01-01T00:00:00Z""]","[""1975-01-01T00:00:00Z""]"
112602404,Q112602404,Compañia Boliviana de Aviacion,,[],[],"[""Q750""]","[""1986-01-01T00:00:00Z""]","[""1997-01-01T00:00:00Z""]"
112602420,Q112602420,Aerovias Boliviana Transandina,,[],[],"[""Q750""]",[],[]
112602424,Q112602424,Frigorífico Cooperativo Los Andes,,[],[],"[""Q750""]","[""1950-01-01T00:00:00Z""]","[""1965-01-01T00:00:00Z""]"
112602433,Q112602433,Aerovias Condor,,[],[],"[""Q750""]","[""1958-01-01T00:00:00Z""]","[""1963-01-01T00:00:00Z""]"
112602439,Q112602439,Air Beni,,[],[],"[""Q750""]",[],"[""2006-01-01T00:00:00Z""]"
112602443,Q112602443,Transportes Aéreos Virgen del Carmen,,[],[],"[""Q750""]","[""1988-01-01T00:00:00Z""]","[""2001-01-01T00:00:00Z""]"
112602451,Q112602451,Transportes Aéreos Samuel Selum,,[],[],"[""Q750""]",[],[]
112602456,Q112602456,Frigorifico Reyes,,[],[],"[""Q750""]","[""1960-01-01T00:00:00Z""]","[""1994-01-01T00:00:00Z""]"
112602458,Q112602458,Servicio Aéreo Beni,,[],[],"[""Q750""]","[""1980-01-01T00:00:00Z""]","[""1988-01-01T00:00:00Z""]"
112602463,Q112602463,Carga Aéreo Transportada,,[],[],"[""Q750""]","[""1978-01-01T00:00:00Z""]","[""1994-01-01T00:00:00Z""]"
112602467,Q112602467,North East Bolivian Airways,,[],[],"[""Q750""]","[""1970-01-01T00:00:00Z""]","[""2006-01-01T00:00:00Z""]"
112602473,Q112602473,Transportes Aéreos Bolivar,,[],[],"[""Q750""]","[""1978-01-01T00:00:00Z""]","[""1985-01-01T00:00:00Z""]"
112602478,Q112602478,Transportes Aéreos Unidos,,[],[],"[""Q750""]","[""1980-01-01T00:00:00Z""]","[""1993-01-01T00:00:00Z""]"
112602483,Q112602483,Transportes Aéreos Universal,,[],[],"[""Q750""]","[""1977-01-01T00:00:00Z""]","[""1994-01-01T00:00:00Z""]"
112602487,Q112602487,Aerolineas La Paz,,[],[],"[""Q750""]","[""1975-01-01T00:00:00Z""]","[""1989-01-01T00:00:00Z""]"
112602494,Q112602494,Trak Airways,,[],[],"[""Q750""]","[""1978-01-01T00:00:00Z""]","[""1980-01-01T00:00:00Z""]"
112602500,Q112602500,Transportes Aéreos Itenez,,[],[],"[""Q750""]",[],[]
112603159,Q112603159,Trans Aéreos San Miguel,,[],[],"[""Q750""]","[""1981-01-01T00:00:00Z""]","[""1991-01-01T00:00:00Z""]"
112603167,Q112603167,Transaéreos Illimani,,[],[],"[""Q750""]","[""1972-01-01T00:00:00Z""]","[""1978-01-01T00:00:00Z""]"
112603175,Q112603175,Servicios Aéreos Bolivianos,,[],[],"[""Q750""]","[""1970-01-01T00:00:00Z""]",[]
112603181,Q112603181,Empresa Transportes Aéreos,,[],[],"[""Q750""]","[""1970-01-01T00:00:00Z""]","[""1988-01-01T00:00:00Z""]"
112603194,Q112603194,Aeroeste,,[],[],"[""Q750""]","[""1994-01-01T00:00:00Z""]",[]
112603286,Q112603286,NACIF Transportes Aéreos,,[],[],"[""Q750""]","[""1998-01-01T00:00:00Z""]",[]
112603291,Q112603291,SASA,,[],[],"[""Q750""]","[""1982-01-01T00:00:00Z""]","[""1998-01-01T00:00:00Z""]"
112603304,Q112603304,SAPSA,,[],[],"[""Q750""]","[""1999-01-01T00:00:00Z""]",[]
112603313,Q112603313,YPFB,,[],[],"[""Q750""]","[""1953-01-01T00:00:00Z""]","[""1999-01-01T00:00:00Z""]"
112603326,Q112603326,Servicios Aéreos del Oriente,,[],[],"[""Q750""]","[""1994-01-01T00:00:00Z""]","[""2000-01-01T00:00:00Z""]"
112603346,Q112603346,Transportes Aéreos San Antonio,,[],[],"[""Q750""]","[""1984-01-01T00:00:00Z""]",[]
112603361,Q112603361,Transporte Aéreo Boliviano,,[],[],"[""Q750""]","[""1977-01-01T00:00:00Z""]","[""1992-01-01T00:00:00Z""]"
112603372,Q112603372,Transporte Aéreo Militar,,[],[],"[""Q750""]","[""1945-01-01T00:00:00Z""]","[""2019-01-01T00:00:00Z""]"
112609817,Q112609817,JetSmart Perú,,[],[],"[""Q419""]",[],[]
112629032,Q112629032,MYAirline,MYエアライン,"[""Z9""]","[""MYM""]","[""Q833""]","[""2021-01-11T00:00:00Z""]","[""2023-10-12T00:00:00Z""]"
112649027,Q112649027,Q112649027,,"[""G6""]","[""GXA""]","[""Q30""]",[],[]
112655697,Q112655697,Galistair,,[],[],"[""Q29""]",[],[]
112660724,Q112660724,Emtrasur Cargo,,[],[],"[""Q717""]",[],[]
112664251,Q112664251,Q112664251,,"[""L5""]","[""REA""]","[""Q786""]","[""2021-01-01T00:00:00Z""]",[]
112728350,Q112728350,Jump Air,,[],"[""JUP""]","[""Q37""]","[""2020-01-01T00:00:00Z""]",[]
112874046,Q112874046,Global Reach Aviation,,[],"[""GAV""]","[""Q35""]","[""2015-01-01T00:00:00Z""]",[]
112957956,Q112957956,IndiaOne Air,,[],[],[],[],[]
113144143,Q113144143,Aeroitalia,アエロ・イタリア,"[""XZ""]","[""AEZ""]","[""Q38""]","[""2022-01-01T00:00:00Z""]",[]
113210271,Q113210271,West Coast Air Transport,,[],[],[],[],[]
113213169,Q113213169,Norse Atlantic UK,,"[""Z0""]","[""UBT""]","[""Q145""]","[""2021-01-01T00:00:00Z""]",[]
113215735,Q113215735,International Airlines,,[],[],"[""Q30""]",[],[]
113236450,Q113236450,New York-Asbury Park Air Lines,,[],[],[],[],[]
113243854,Q113243854,"Air Ferry, Ltd.",,[],[],[],[],[]
113260299,Q113260299,Eastern Air Transport,,[],[],[],[],[]
113261186,Q113261186,Reed Airline,,[],[],[],[],[]
113271133,Q113271133,Alidair,,[],[],"[""Q145""]","[""1973-01-01T00:00:00Z""]","[""1974-01-01T00:00:00Z""]"
113278691,Q113278691,Q113278691,,"[""4M""]","[""MGH""]","[""Q43""]",[],[]
113289911,Q113289911,Trans Namibia Aviation,,[],[],[],[],[]
113293146,Q113293146,Valljet Airline,,[],[],"[""Q142""]",[],[]
113296201,Q113296201,Q113296201,,"[""BN""]","[""LWG""]","[""Q233""]","[""2011-01-01T00:00:00Z""]",[]
113300924,Q113300924,Q113300924,,[],[],"[""Q219""]",[],[]
113347990,Q113347990,Q113347990,,[],[],[],[],[]
113352162,Q113352162,Airhub Airlines,,"[""RE""]","[""GJM""]","[""Q233""]",[],[]
113361211,Q113361211,Q113361211,,[],[],"[""Q142""]",[],[]
113380857,Q113380857,Air Charter Scotland,,[],"[""EDC""]","[""Q145""]",[],[]
113381029,Q113381029,GP Aviation,,"[""IV""]","[""GPX""]","[""Q219""]",[],[]
113382621,Q113382621,Albinati Aeronautics,,[],"[""LUC""]","[""Q233"",""Q38"",""Q39""]","[""2001-01-01T00:00:00Z""]",[]
113383033,Q113383033,Hyperion Aviation,,[],"[""HYP""]","[""Q233""]",[],[]
113397677,Q113397677,Fly 7 Executive Aviation,,"[""CP""]","[""LSI""]","[""Q39""]","[""2011-01-01T00:00:00Z""]",[]
113401348,Q113401348,Jetfly Aviation,,[],"[""JFA""]","[""Q32""]",[],[]
113407867,Q113407867,Q113407867,,[],[],[],[],[]
113409782,Q113409782,Q113409782,,[],[],"[""Q159""]",[],[]
113443850,Q113443850,Q113443850,,[],[],"[""Q32""]","[""2022-03-31T00:00:00Z""]",[]
113462210,Q113462210,Hans Airways,,[],"[""GKS""]","[""Q145""]",[],[]
113494620,Q113494620,QA Aviation,,[],"[""QAV""]","[""Q213""]",[],[]
113494650,Q113494650,Smart Jet,,[],[],[],[],[]
113494654,Q113494654,VistaJet Malta,,[],"[""VJT""]","[""Q233""]",[],[]
113495131,Q113495131,Compania Aerea Nacional - CAN,,[],[],"[""Q750""]","[""1980-01-01T00:00:00Z""]","[""1993-01-01T00:00:00Z""]"
113495176,Q113495176,Servicios Aéreos Curtiss,,[],[],"[""Q750""]",[],"[""1973-01-01T00:00:00Z""]"
113502456,Q113502456,Voluxis,,[],"[""VXS""]",[],[],[]
113502801,Q113502801,Acass Ireland,,[],"[""SON""]","[""Q27""]","[""1994-01-01T00:00:00Z""]",[]
113503010,Q113503010,Air Charity Network,,[],"[""NGF""]",[],[],[]
113516756,Q113516756,Servicios Aéreos Cochabamba,,[],[],"[""Q750""]",[],[]
113516800,Q113516800,Trans Aéreos Cochabamba,,[],[],"[""Q750""]","[""1985-01-01T00:00:00Z""]","[""1993-01-01T00:00:00Z""]"
113516810,Q113516810,Transportes Aéreos San Martin,,[],[],"[""Q750""]",[],[]
113516838,Q113516838,La Cumbre,,[],[],"[""Q750""]","[""1974-01-01T00:00:00Z""]",[]
113527768,Q113527768,Business Jet,,[],[],"[""Q55""]",[],[]
113528840,Q113528840,Aerobecasa,,[],[],"[""Q750""]","[""1974-01-01T00:00:00Z""]","[""1977-01-01T00:00:00Z""]"
113528957,Q113528957,Bolivian Air System,,[],[],"[""Q750""]","[""1964-01-01T00:00:00Z""]",[]
113529008,Q113529008,Rutas Aéreas Uncia,,[],[],"[""Q750""]",[],[]
113531641,Q113531641,Transportes Aéreos Skorpio,,[],[],"[""Q750""]","[""1982-01-01T00:00:00Z""]","[""1984-01-01T00:00:00Z""]"
113531707,Q113531707,Transportes Aéreos El Dorado,,[],[],"[""Q750""]","[""1980-01-01T00:00:00Z""]","[""1991-01-01T00:00:00Z""]"
113531809,Q113531809,SkyTeam Cargo Bolivia,,[],[],"[""Q750""]",[],[]
113531958,Q113531958,Transportes Aéreos San Jorge,,[],[],"[""Q750""]","[""1985-01-01T00:00:00Z""]","[""1992-01-01T00:00:00Z""]"
113532141,Q113532141,Petroleum Helicopters (Bolivia),,[],[],"[""Q750""]",[],[]
113532187,Q113532187,Transaéreos Frimo,,[],[],"[""Q750""]","[""1967-01-01T00:00:00Z""]",[]
113532208,Q113532208,Trans Bolivian,,[],[],"[""Q750""]",[],[]
113532433,Q113532433,SAS - Servicio Aéreo Santiago,,[],[],"[""Q750""]",[],[]
113532458,Q113532458,Servicio Aéreo Vargas España - SAVE,,[],[],"[""Q750""]","[""1974-01-01T00:00:00Z""]",[]
113532659,Q113532659,Lineas Aereas Canedo – LAC,,"[""LAC""]","[""LCN""]","[""Q750""]","[""1979-08-01T00:00:00Z""]","[""1997-01-01T00:00:00Z""]"
113533116,Q113533116,Transportes Aéreos Acre,,[],[],"[""Q750""]",[],[]
113533126,Q113533126,CBF Corporacion Boliviana de Fomento,,[],[],"[""Q750""]","[""1947-01-01T00:00:00Z""]","[""1965-01-01T00:00:00Z""]"
113533258,Q113533258,Frigorifico Maniqui,,[],[],"[""Q750""]",[],[]
113533434,Q113533434,Lambda Air Cargo,,[],[],"[""Q750""]",[],[]
113533472,Q113533472,Bolivian Air Flight International - BAFIN,,[],[],"[""Q750""]","[""1975-01-01T00:00:00Z""]","[""1990-01-01T00:00:00Z""]"
113533540,Q113533540,Aerodinos,,[],[],"[""Q750""]","[""1978-01-01T00:00:00Z""]","[""1995-01-01T00:00:00Z""]"
113533797,Q113533797,Servicios y Transportes Aéreos Petroleros,,[],[],"[""Q750""]",[],"[""1999-01-01T00:00:00Z""]"
113533819,Q113533819,SANIA,,[],[],"[""Q750""]","[""1969-01-01T00:00:00Z""]","[""1969-01-01T00:00:00Z""]"
113533945,Q113533945,Aerobol,,[],[],"[""Q717""]","[""1982-11-10T00:00:00Z""]","[""2006-01-01T00:00:00Z""]"
113534288,Q113534288,AeroBol (Bolivia),,[],[],"[""Q750""]","[""1985-01-01T00:00:00Z""]","[""1995-01-01T00:00:00Z""]"
113541599,Q113541599,VIBAS,,[],[],"[""Q750""]","[""1974-01-01T00:00:00Z""]","[""1978-01-01T00:00:00Z""]"
113543483,Q113543483,La Cumbre (Airline),,[],[],"[""Q750""]","[""1974-01-01T00:00:00Z""]","[""1995-01-01T00:00:00Z""]"
113543678,Q113543678,Taxi Aero Cooper,,[],[],"[""Q750""]","[""1963-01-01T00:00:00Z""]","[""1964-01-01T00:00:00Z""]"
113551237,Q113551237,Nas-Air Charter,,[],[],"[""Q851""]",[],[]
113588275,Q113588275,Q113588275,,"[""3P""]","[""WPT""]","[""Q45""]",[],[]
113637091,Q113637091,Wizz Air Malta,ウィズエアーマルタ,"[""W4""]","[""WMT""]","[""Q233""]","[""2022-01-01T00:00:00Z""]",[]
113653191,Q113653191,Canada Jetlines Operations Ltd.,,[],[],"[""Q16""]",[],[]
113739147,Q113739147,Southwind Airlines,サウスウィンド航空,"[""2S""]","[""STW""]","[""Q43""]",[],[]
113883289,Q113883289,Q113883289,,[],[],[],[],[]
113964034,Q113964034,Air Liban,,[],[],"[""Q822""]","[""1945-04-01T00:00:00Z""]","[""1963-06-07T00:00:00Z""]"
114081243,Q114081243,Italfly,,[],"[""ITL""]","[""Q38""]",[],[]
114247072,Q114247072,Air Connect,,"[""KS""]","[""KON""]","[""Q218""]",[],[]
114313875,Q114313875,Q114313875,,[],[],"[""Q419""]",[],[]
114345318,Q114345318,Eurowings Europe,ユーロウイングス・ヨーロッパ,"[""E6""]","[""EWL""]","[""Q233""]","[""2022-11-03T00:00:00Z""]",[]
114567689,Q114567689,Avesca Colombia,,[],[],"[""Q739""]","[""1983-01-01T00:00:00Z""]","[""1995-01-01T00:00:00Z""]"
114588988,Q114588988,African Trans Air,,[],[],"[""Q1033""]",[],[]
114609433,Q114609433,Aero Chasqui,,"[""3Q""]","[""XYC""]","[""Q419""]","[""1966-01-01T00:00:00Z""]","[""1981-01-01T00:00:00Z""]"
114611022,Q114611022,Florida Air Cargo,,[],[],"[""Q30""]","[""1995-01-01T00:00:00Z""]",[]
114646165,Q114646165,Jordanian World Airways,,"[""QS""]",[],"[""Q810""]","[""1975-01-01T00:00:00Z""]","[""1976-01-01T00:00:00Z""]"
114678353,Q114678353,Antillas Air Cargo,,[],[],"[""Q786""]","[""1986-06-15T00:00:00Z""]","[""1996-06-01T00:00:00Z""]"
114678506,Q114678506,ADSA Aerolineas Dominicana,,"[""SS""]",[],"[""Q786""]","[""1978-01-01T00:00:00Z""]","[""2001-01-01T00:00:00Z""]"
114678915,Q114678915,United States Overseas Airlines,,[],[],"[""Q30""]","[""1946-01-01T00:00:00Z""]","[""1964-01-01T00:00:00Z""]"
114679199,Q114679199,Johnson Flying Service,,"[""JF""]",[],"[""Q30""]","[""1926-01-01T00:00:00Z""]","[""1975-01-01T00:00:00Z""]"
114733481,Q114733481,West Isle Air,,[],[],"[""Q30""]",[],[]
114736869,Q114736869,Air Sarnia,,"[""SG""]","[""ASS""]","[""Q145""]","[""1985-01-01T00:00:00Z""]","[""1990-01-01T00:00:00Z""]"
114760148,Q114760148,Instone Air Line (1981),,[],[],"[""Q145""]","[""1981-01-01T00:00:00Z""]","[""1996-01-01T00:00:00Z""]"
114839642,Q114839642,Q114839642,,[],[],"[""Q730""]",[],[]
114968611,Q114968611,Q114968611,,[],[],"[""Q96""]",[],[]
115016988,Q115016988,Moldaeroservice,,[],[],[],[],[]
115193408,Q115193408,Q115193408,,[],[],"[""Q881""]",[],[]
115232313,Q115232313,Air Astra,エア・アストラ,"[""2A""]","[""AWA""]","[""Q902""]","[""2022-01-01T00:00:00Z""]",[]
115484848,Q115484848,Helifirst,,[],[],"[""Q142""]","[""2005-01-01T00:00:00Z""]",[]
115498539,Q115498539,Air Laos,,[],[],"[""Q819""]","[""1952-10-01T00:00:00Z""]","[""1961-05-01T00:00:00Z""]"
115738597,Q115738597,Polar Airways,,[],[],"[""Q145""]","[""1982-08-06T00:00:00Z""]","[""1983-04-21T00:00:00Z""]"
115776850,Q115776850,Tatra Jet,,[],"[""TTJ""]","[""Q214""]",[],[]
115799507,Q115799507,Air Taxi,,[],[],"[""Q794""]","[""1958-01-01T00:00:00Z""]","[""1980-01-01T00:00:00Z""]"
115800600,Q115800600,Fly Perú,,[],[],"[""Q419""]",[],[]
115801762,Q115801762,Camex,,[],[],"[""Q230""]",[],[]
115802515,Q115802515,Coral Air,,[],[],[],[],[]
115802741,Q115802741,Riyadh Air,リヤド・エア,"[""RX""]","[""RXI""]","[""Q851""]","[""2023-03-12T00:00:00Z""]",[]
115869920,Q115869920,Aerus,,"[""ZV""]","[""RFD""]","[""Q96""]","[""2023-04-27T00:00:00Z""]",[]
115882421,Q115882421,AirAsia Cambodia,エアアジア・カンボジア,"[""KT""]","[""KTC""]","[""Q424""]",[],[]
116275644,Q116275644,National Jet Systems,ナショナル・ジェット・システムズ,"[""QF""]","[""QJE""]","[""Q408""]",[],[]
116286724,Q116286724,Air Anka,,[],"[""TAH""]","[""Q43""]","[""2021-01-01T00:00:00Z""]",[]
116413236,Q116413236,ValueJet,,"[""VK""]","[""FVJ""]","[""Q1033""]","[""2018-01-01T00:00:00Z""]",[]
116442588,Q116442588,LeAir,,[],"[""LSL""]",[],[],[]
116779681,Q116779681,Marathon Airlines,,"[""O8""]","[""MTO""]","[""Q41""]","[""2017-11-09T00:00:00Z""]",[]
116848484,Q116848484,Aeroitalia Regional,,"[""KS""]","[""KON""]","[""Q218""]","[""2021-01-01T00:00:00Z""]",[]
116939897,Q116939897,Marabu Airlines,,"[""DI""]","[""MBU""]","[""Q191""]","[""2022-12-13T00:00:00Z""]",[]
116954249,Q116954249,Khmer Airlines,,[],[],"[""Q424""]",[],[]
117104085,Q117104085,Brothers Air Services,,[],[],"[""Q199841""]","[""1967-01-01T00:00:00Z""]","[""1971-01-01T00:00:00Z""]"
117191656,Q117191656,Lufthansa City Airlines,ルフトハンザ・シティ航空,"[""VL""]","[""LHX""]","[""Q183""]","[""2023-01-01T00:00:00Z""]",[]
117227054,Q117227054,Flypop,,[],[],"[""Q145""]","[""2014-01-01T00:00:00Z""]",[]
117272312,Q117272312,Q117272312,リアリークール航空,[],[],"[""Q869""]","[""2023-03-02T00:00:00Z""]",[]
117305496,Q117305496,Q117305496,エア・モアナ,[],[],"[""Q142""]",[],[]
117354708,Q117354708,Raindo United Services,,[],[],"[""Q252""]",[],[]
117468446,Q117468446,Dallas Express Airlines,,[],[],"[""Q30""]",[],[]
117599015,Q117599015,Braathens International Airways,,"[""TT""]","[""BIX""]","[""Q34""]","[""2002-01-01T00:00:00Z""]",[]
117745699,Q117745699,Fly Kıbrıs Hava Yolları,,[],[],"[""Q23681""]","[""2023-02-20T00:00:00Z""]",[]
117787643,Q117787643,Wizz Air Hungary,,[],[],"[""Q28""]",[],[]
117788009,Q117788009,Q117788009,,[],[],[],[],[]
117802977,Q117802977,Peach,Peach,[],[],[],[],[]
117810704,Q117810704,Armenian Airlines,アルメニアン航空,"[""JI""]","[""AAG""]",[],"[""2022-01-01T00:00:00Z""]",[]
117843461,Q117843461,Q117843461,,"[""ZF""]","[""SXY""]","[""Q114""]",[],[]
117851008,Q117851008,One Air,,"[""HE""]","[""HGO""]","[""Q145""]","[""2021-01-01T00:00:00Z""]",[]
118247426,Q118247426,Q118247426,,[],[],"[""Q736""]",[],[]
118724942,Q118724942,SAS Link,,[],"[""SVS""]","[""Q34""]",[],[]
118868077,Q118868077,Aerolínea del Estado Mexicano (Mexicana),,"[""XN""]","[""MXA""]",[],[],[]
118899173,Q118899173,Fly91,フライ91,"[""IC""]","[""GOA""]","[""Q668""]",[],[]
118899940,Q118899940,Fly Lili,,"[""FL""]","[""LIL""]","[""Q218""]","[""2020-01-01T00:00:00Z"",""2021-05-01T00:00:00Z""]",[]
118899974,Q118899974,Aero Nomad Airlines,アエロ・ノマド航空,[],[],"[""Q813""]",[],[]
118902474,Q118902474,Lulutai Airlines,ルルタイ航空,"[""L8""]","[""TON""]","[""Q678""]",[],[]
118904309,Q118904309,BA EuroFlyer,,"[""A0""]","[""EFW""]","[""Q145""]","[""2021-01-01T00:00:00Z""]",[]
118949950,Q118949950,Aerolíneas Nacionales del Ecuador S.A,,[],[],"[""Q736""]","[""1962-01-01T00:00:00Z""]","[""2005-01-01T00:00:00Z""]"
118949952,Q118949952,Aeroservicios Ecuatorianos de Carga Aérea (AECA),,[],[],"[""Q736""]","[""1977-01-01T00:00:00Z""]","[""1998-01-01T00:00:00Z""]"
118949953,Q118949953,ATESA,,[],[],"[""Q736""]",[],[]
119474103,Q119474103,Global Airlines,グローバル・エアラインズ,[],[],"[""Q145""]","[""2021-07-13T00:00:00Z""]",[]
119506595,Q119506595,Texel Air Australasia,,[],"[""TNZ""]","[""Q664""]","[""2023-01-01T00:00:00Z""]",[]
119517987,Q119517987,SPREE FLUG Luftfahrt GmbH,,[],"[""SFG""]","[""Q183""]",[],[]
119719308,Q119719308,Belcanto Airlines,,[],[],"[""Q184""]",[],[]
119772907,Q119772907,Red Way,,[],[],[],[],[]
119803835,Q119803835,Air Tunilik,,[],[],"[""Q16""]",[],[]
119999087,Q119999087,Fly Atlantic,,[],[],[],[],[]
120112116,Q120112116,Universal Air,,[],[],"[""Q233""]","[""2022-01-01T00:00:00Z""]",[]
120143229,Q120143229,Air Périgord,,"[""AP""]",[],"[""Q142""]","[""1967-01-01T00:00:00Z""]","[""1973-01-01T00:00:00Z""]"
120262094,Q120262094,Q120262094,,[],[],"[""Q212""]",[],[]
120268820,Q120268820,Q120268820,サザンスカイ航空,[],[],[],[],[]
120278694,Q120278694,Q120278694,,[],[],[],[],[]
120556867,Q120556867,Aerolíneas Cóndor,,[],[],"[""Q736""]","[""1978-01-01T00:00:00Z""]","[""1987-01-01T00:00:00Z""]"
120689538,Q120689538,Naysa Servicios Aéreos,,[],[],"[""Q29""]","[""2022-01-01T00:00:00Z""]",[]
120785534,Q120785534,Hibernian Airlines,,[],[],"[""Q27""]","[""1966-04-05T00:00:00Z""]","[""1967-01-01T00:00:00Z""]"
121008569,Q121008569,Altair Linee Aeree,,"[""SM""]","[""SMI""]","[""Q38""]","[""1967-01-01T00:00:00Z""]","[""1984-01-01T00:00:00Z""]"
121045843,Q121045843,Chicago Helicopter Airways,,[],[],[],[],[]
121120753,Q121120753,Q121120753,,"[""FC""]",[],"[""Q142""]","[""1964-01-01T00:00:00Z""]","[""1976-01-01T00:00:00Z""]"
121120795,Q121120795,Q121120795,,[],[],"[""Q142""]","[""1949-01-01T00:00:00Z""]","[""1987-01-01T00:00:00Z""]"
121536409,Q121536409,BermudAir,バミューダ・エア,[],[],"[""Q23635""]",[],[]
121614919,Q121614919,Q121614919,,"[""GH""]","[""IGT""]","[""Q230""]","[""2020-01-01T00:00:00Z""]",[]
121637611,Q121637611,Q121637611,,[],"[""ALE""]","[""Q233""]",[],[]
121841925,Q121841925,Q121841925,,[],"[""VTB""]","[""Q28""]","[""2021-01-01T00:00:00Z""]",[]
121841949,Q121841949,Q121841949,,[],"[""JKH""]","[""Q183""]","[""2006-01-01T00:00:00Z""]",[]
121842032,Q121842032,Q121842032,,[],"[""PRG""]","[""Q213""]","[""2002-01-01T00:00:00Z""]",[]
122219454,Q122219454,Q122219454,,[],"[""AWH""]","[""Q183""]","[""1965-01-01T00:00:00Z""]",[]
122387303,Q122387303,Q122387303,,[],"[""USY""]","[""Q183""]",[],[]
122662735,Q122662735,Red Sea Airlines,レッド・シー・エアラインズ,[],[],"[""Q79""]",[],[]
122901883,Q122901883,Helsinki Citycopter,,[],"[""HCX""]","[""Q33""]","[""2020-01-01T00:00:00Z""]",[]
122917380,Q122917380,Georgian Wings,,[],[],"[""Q230""]","[""2017-01-01T00:00:00Z""]",[]
123092022,Q123092022,Sayap Garuda Indah,,[],[],"[""Q252""]",[],[]
123144232,Q123144232,KM Malta Airlines,KMマルタ航空,"[""KM""]","[""KMM""]","[""Q233""]","[""2023-01-01T00:00:00Z""]",[]
123266064,Q123266064,European Cargo,ヨーロピアン・カーゴ,"[""SE""]","[""URO""]","[""Q145""]","[""2020-04-01T00:00:00Z""]",[]
123337388,Q123337388,Servicios Aéreos Bolivianos - SAB,,[],[],"[""Q750""]","[""1970-01-01T00:00:00Z""]",[]
123512505,Q123512505,Guernsey Airlines,,"[""GE""]","[""GER""]","[""Q145""]","[""1977-01-01T00:00:00Z""]","[""1988-01-01T00:00:00Z""]"
123513787,Q123513787,Señor Air,,[],"[""SEN""]","[""Q96""]","[""2023-01-01T00:00:00Z""]",[]
123630978,Q123630978,Busy Bee Congo,,[],[],"[""Q974""]","[""2007-01-01T00:00:00Z""]",[]
123669687,Q123669687,Avion Express Malta,,"[""4X""]","[""MLH""]","[""Q233""]","[""2019-05-01T00:00:00Z""]",[]
123738944,Q123738944,BeOnd,ビヨンド,[],[],[],"[""2022-01-01T00:00:00Z""]",[]
123912148,Q123912148,HelloJets,,"[""H3""]","[""HLJ""]","[""Q218""]",[],[]
123924936,Q123924936,Sky Vision Airlines,,[],[],"[""Q79""]",[],[]
123964838,Q123964838,GallopAir,,[],[],"[""Q921""]",[],[]
124077626,Q124077626,HumoAir,,[],[],"[""Q265""]","[""2020-01-01T00:00:00Z""]",[]
124157935,Q124157935,Air Haifa,エア・ハイファ,[],"[""HFA""]","[""Q801""]","[""2023-03-20T00:00:00Z""]",[]
124161695,Q124161695,Air Road Cargo,,"[""MF""]","[""CXA""]","[""Q148""]","[""2021-09-08T00:00:00Z"",""2021-10-18T00:00:00Z"",""2022-10-18T00:00:00Z""]",[]
124171164,Q124171164,HiSky Europe,,"[""H4""]","[""HYS""]","[""Q218""]","[""2020-01-01T00:00:00Z""]",[]
124175127,Q124175127,Q124175127,,[],[],[],"[""1995-01-01T00:00:00Z""]","[""2006-01-01T00:00:00Z""]"
124323886,Q124323886,Pacific Northern Airlines,,[],[],"[""Q30""]","[""1945-01-01T00:00:00Z""]","[""1967-01-01T00:00:00Z""]"
124333923,Q124333923,Aleutian Airways,アリューシャン航空,[],[],[],[],[]
124350235,Q124350235,JetSmart Colombia,,[],[],"[""Q739""]",[],[]
124646689,Q124646689,SKY Airline Ecuador,,[],[],"[""Q736""]","[""2024-01-18T00:00:00Z""]",[]
124655810,Q124655810,OMNI Táxi Aéreo,,[],[],"[""Q155""]",[],[]
124713347,Q124713347,Arberia Airways,,[],[],[],[],[]
124727484,Q124727484,Avion Express Brasil,,"[""X9""]","[""AEB""]","[""Q155""]","[""2023-04-19T00:00:00Z""]",[]
124735350,Q124735350,Q124735350,,[],"[""PLS""]","[""Q155""]","[""2022-10-05T00:00:00Z""]",[]
124745202,Q124745202,Air Cholet,,[],[],"[""Q142""]",[],[]
124745204,Q124745204,Air Corse,,[],[],[],[],[]
124745206,Q124745206,Air Bretagne Service,,[],[],[],[],[]
124745207,Q124745207,Air Ardèche,,[],[],"[""Q142""]",[],[]
124745209,Q124745209,Air Hainaut,,[],[],[],[],[]
124745210,Q124745210,Air Passaquay,,[],[],[],[],[]
124745212,Q124745212,Air Rhuys,,[],[],[],[],[]
124799593,Q124799593,Q124799593,,[],[],"[""Q739""]",[],[]
124808540,Q124808540,Q124808540,,[],[],[],[],[]
124842721,Q124842721,Rano Air,,[],[],"[""Q1033""]",[],[]
124849082,Q124849082,Línea Aérea Iquiqueña,,[],[],"[""Q298""]","[""1977-10-31T00:00:00Z""]","[""1982-01-01T00:00:00Z""]"
124861654,Q124861654,Q124861654,,[],[],[],[],[]
124934512,Q124934512,Q124934512,,[],[],[],[],[]
124958668,Q124958668,Q124958668,,[],[],[],[],[]
124959521,Q124959521,Q124959521,,[],[],[],[],[]
125080577,Q125080577,Bees Airline,,[],"[""BES""]","[""Q218""]",[],[]
125145903,Q125145903,Fly Dhaka Airlines,,[],[],"[""Q902""]",[],[]
125178256,Q125178256,Q125178256,,[],[],[],[],[]
125206321,Q125206321,SkyUp MT,,"[""U5""]","[""SEU""]","[""Q233""]","[""2023-01-01T00:00:00Z""]",[]
125217775,Q125217775,Silk Avia,,"[""US""]","[""USA""]","[""Q265""]","[""2021-07-06T00:00:00Z""]",[]
125253240,Q125253240,Rotor One,,[],[],"[""Q408""]","[""2020-07-18T00:00:00Z""]",[]
125405916,Q125405916,Swiss Flight Services,,[],[],"[""Q39""]","[""2006-01-01T00:00:00Z""]",[]
125467059,Q125467059,Q125467059,,[],[],[],[],[]
125497480,Q125497480,Q125497480,,[],[],[],[],[]
125537675,Q125537675,Vertical-T,,[],"[""VLT""]","[""Q159""]","[""1992-03-01T00:00:00Z""]",[]
125550255,Q125550255,Q125550255,,[],[],[],[],[]
125552131,Q125552131,Q125552131,,[],[],[],[],[]
125575787,Q125575787,Q125575787,,[],[],[],[],[]
125576495,Q125576495,Q125576495,,[],[],[],[],[]
125684815,Q125684815,Q125684815,,[],[],[],[],[]
125744047,Q125744047,Q125744047,,[],[],[],[],[]
125748807,Q125748807,Q125748807,,[],[],[],[],[]
125749975,Q125749975,Q125749975,,[],[],[],[],[]
125769539,Q125769539,Lanexang Airways International,ラーンサーン航空,"[""5A""]","[""LXW""]","[""Q819""]","[""2021-01-01T00:00:00Z""]",[]
125850932,Q125850932,Q125850932,,[],[],[],[],[]
125852676,Q125852676,Frost Air,,"[""FT""]","[""FRO""]","[""Q34"",""Q35""]","[""2021-01-01T00:00:00Z""]",[]
125909169,Q125909169,Q125909169,,[],[],[],"[""1973-01-01T00:00:00Z""]","[""1980-01-01T00:00:00Z""]"
126112770,Q126112770,Trans Azur Aviation,,[],[],"[""Q142""]","[""1981-05-01T00:00:00Z""]","[""1983-10-26T00:00:00Z""]"
126120156,Q126120156,Q126120156,,[],[],[],[],[]
126126530,Q126126530,Centrum Air,セントラム・エア,"[""C6""]","[""MFX""]","[""Q265""]","[""2023-01-01T00:00:00Z""]",[]
126173686,Q126173686,Air Samarkand,,"[""9S""]","[""UZS""]","[""Q265""]","[""2023-12-27T00:00:00Z""]",[]
126174386,Q126174386,Kin Avia,,[],[],"[""Q974""]","[""2009-01-01T00:00:00Z""]",[]
126419481,Q126419481,Anguilla Air Services,,[],[],[],[],[]
126926186,Q126926186,People's Aviation Company of China,,[],[],"[""Q148""]","[""1952-07-17T00:00:00Z""]","[""1953-06-01T00:00:00Z""]"
126951725,Q126951725,My Freighter Airlines,マイフレイター航空,"[""C6""]","[""MFX""]","[""Q265""]","[""2019-01-01T00:00:00Z""]",[]
127273061,Q127273061,Hungary Air Cargo,,[],"[""WZZ""]","[""Q28""]",[],[]
127514372,Q127514372,Wilmington-Catalina Airline,,[],[],"[""Q30""]","[""1931-06-01T00:00:00Z""]","[""1942-06-23T00:00:00Z""]"
127603085,Q127603085,Chanchangi Airlines Nigeria Limited,,[],[],"[""Q1033""]","[""1994-01-01T00:00:00Z""]",[]
127625724,Q127625724,Green Africa Airways Ltd,,[],[],"[""Q1033""]","[""2015-01-01T00:00:00Z""]",[]
127655688,Q127655688,United Nigeria Airlines Limited,,[],[],"[""Q1033""]","[""2020-01-01T00:00:00Z""]",[]
128800319,Q128800319,Samoan Airlines,,[],[],[],[],[]
129566139,Q129566139,Jet Sky Airways,,[],"[""JTK""]","[""Q219""]","[""2021-01-01T00:00:00Z""]",[]
129906267,Q129906267,Liat Air,,"[""5L""]","[""GAO""]","[""Q781""]",[],[]
130260945,Q130260945,Air Guicango,,[],"[""NCL""]","[""Q916""]","[""2008-01-01T00:00:00Z""]",[]
130271923,Q130271923,Armenian Helicopters,,[],"[""KAV""]","[""Q399""]","[""2018-01-01T00:00:00Z""]",[]
130304831,Q130304831,Chop Air,,[],[],"[""Q774""]","[""2016-01-01T00:00:00Z""]",[]
130323232,Q130323232,Scanwings,,[],"[""ABF""]","[""Q33""]","[""1977-01-01T00:00:00Z""]",[]
130339847,Q130339847,Skyline Sweden,,[],[],"[""Q34""]","[""1971-01-01T00:00:00Z""]","[""1978-01-01T00:00:00Z""]"
130359802,Q130359802,Aerocharter Express Airways,,[],[],"[""Q774""]","[""1981-01-01T00:00:00Z""]",[]
130361188,Q130361188,Q130361188,,[],[],"[""Q32""]","[""2024-05-06T00:00:00Z""]",[]
130397028,Q130397028,Q130397028,,[],[],"[""Q142""]",[],[]
130397056,Q130397056,Q130397056,,[],[],"[""Q142""]","[""1972-01-01T00:00:00Z""]","[""1975-01-01T00:00:00Z""]"
130413784,Q130413784,Helicópteros Águila,,[],[],"[""Q774""]","[""1987-01-01T00:00:00Z""]",[]
130542432,Q130542432,BBN Airlines,,[],[],"[""Q252""]",[],[]
130638796,Q130638796,Q130638796,,[],[],"[""Q33946""]","[""1989-06-30T00:00:00Z""]","[""1994-01-01T00:00:00Z""]"
130735412,Q130735412,Air Sierra Leone,,[],[],"[""Q1044""]","[""2024-01-01T00:00:00Z""]",[]
130755597,Q130755597,Mackey International,,[],[],"[""Q30""]","[""1968-07-11T00:00:00Z""]","[""1981-10-19T00:00:00Z""]"
130806372,Q130806372,Västflyg,,[],[],"[""Q34""]","[""2020-12-01T00:00:00Z""]",[]
131160785,Q131160785,UG Jet,,[],"[""UGJ""]","[""Q213""]","[""2009-04-15T00:00:00Z""]",[]
131292226,Q131292226,Air Congo,,"[""4H""]","[""RDC""]","[""Q974""]","[""2024-12-01T00:00:00Z""]",[]
131312296,Q131312296,FarCargo,,[],[],"[""Q4628""]","[""2021-01-01T00:00:00Z""]",[]
131320596,Q131320596,Q131320596,,"[""6V""]","[""LVU""]",[],"[""2022-05-16T00:00:00Z""]",[]
131350803,Q131350803,Q131350803,,[],[],"[""Q28""]",[],[]
131384692,Q131384692,Dux Express,,[],[],[],[],[]
131394695,Q131394695,Q131394695,,[],[],"[""Q142""]",[],[]
131418399,Q131418399,Q131418399,,[],[],"[""Q142""]",[],[]
131531674,Q131531674,Q131531674,,[],[],[],[],[]
131538052,Q131538052,Amal,,[],[],"[""Q833""]",[],[]
131552024,Q131552024,Q131552024,,[],[],[],[],[]
131564081,Q131564081,Q131564081,,[],[],[],[],[]
131582897,Q131582897,Dinama Aircorp Inc.,,[],[],[],"[""2013-07-01T00:00:00Z""]",[]
131626007,Q131626007,SAM Air,,[],[],"[""Q252""]","[""2021-01-01T00:00:00Z""]",[]
131627883,Q131627883,Cologne Commercial Flight,,[],[],"[""Q183""]","[""1984-01-01T00:00:00Z""]",[]
131685041,Q131685041,Q131685041,,[],"[""DWW""]","[""Q183""]","[""2014-01-01T00:00:00Z""]",[]
131699401,Q131699401,Q131699401,,[],[],[],[],[]
131705289,Q131705289,Q131705289,,[],[],[],[],[]
131721760,Q131721760,Q131721760,,[],[],"[""Q142""]",[],[]
131757266,Q131757266,TAH Airlines,,[],[],[],[],[]
131759026,Q131759026,Asman Airlines,,"[""MN""]","[""KGN""]","[""Q813""]","[""2006-01-01T00:00:00Z""]",[]
131923657,Q131923657,Q131923657,,[],[],[],[],[]
132080583,Q132080583,Q132080583,,[],"[""INA""]","[""Q794""]","[""2017-01-01T00:00:00Z""]",[]
132179090,Q132179090,FLYYO,,[],[],"[""Q218""]","[""2021-01-01T00:00:00Z""]",[]
132191116,Q132191116,Q132191116,,[],[],"[""Q29""]","[""1983-01-01T00:00:00Z""]","[""1985-01-01T00:00:00Z""]"
132548735,Q132548735,HeliService Taiwan,,[],[],"[""Q865""]","[""2023-12-07T00:00:00Z""]",[]
132765517,Q132765517,UniWorld Air Cargo,,"[""U7""]","[""UCG""]",[],"[""2014-01-01T00:00:00Z""]",[]
132778221,Q132778221,Q132778221,,[],[],[],[],[]
133280789,Q133280789,CAMBA,,[],[],"[""Q750""]",[],[]
133306568,Q133306568,Stigl,,[],[],"[""Q210036""]","[""1992-01-01T00:00:00Z""]","[""1994-12-01T00:00:00Z""]"
133455537,Q133455537,Conifair Aviation,,[],[],"[""Q16""]","[""1979-01-01T00:00:00Z""]","[""2000-01-01T00:00:00Z""]"
133524329,Q133524329,Capitol Air Express,,[],[],[],[],[]
133554743,Q133554743,Lloyd Aéreo Colombiano,,[],[],[],[],[]
133562624,Q133562624,Saviq Air,,[],[],"[""Q865""]",[],[]
133817100,Q133817100,NLM Nederlandse Luchtvaart Maatschappij,,"[""HN""]","[""NLM""]","[""Q55""]","[""1966-08-29T00:00:00Z""]",[]
133822610,Q133822610,Humming Airways,,[],[],"[""Q414""]",[],[]
133854672,Q133854672,New York Helicopter Charter Inc,ニュー・ヨーク・ヘリコプター・チャーター,[],[],"[""Q30""]","[""2008-01-01T00:00:00Z""]",[]
133855777,Q133855777,ROMCargo Airlines,,[],[],"[""Q218""]","[""2020-01-01T00:00:00Z""]",[]
133878947,Q133878947,SUA,,"[""S9""]","[""SUA""]","[""Q77""]","[""2024-01-28T00:00:00Z""]",[]
134169264,Q134169264,Q134169264,,[],[],"[""Q183""]","[""2025-07-22T00:00:00Z""]",[]
134349002,Q134349002,Q134349002,,[],[],"[""Q142""]",[],[]
134396071,Q134396071,Ginger Coote Airways,,[],[],[],[],[]
134403313,Q134403313,Q134403313,,[],[],[],[],[]
134411974,Q134411974,Aero,,[],[],[],[],[]
134531808,Q134531808,SMB Stage Lines,,"[""MJ""]","[""STG""]","[""Q30""]","[""1967-01-01T00:00:00Z""]","[""1990-01-01T00:00:00Z""]"
134531981,Q134531981,Gambcrest,,[],[],"[""Q1005""]","[""1990-01-01T00:00:00Z""]","[""1992-01-01T00:00:00Z""]"
134706741,Q134706741,Andina Airlines,,[],[],"[""Q750""]",[],[]
134717454,Q134717454,Domus Airways,,[],[],"[""Q414""]",[],[]
134875960,Q134875960,Fly Cham,,[],[],"[""Q858""]","[""2025-01-01T00:00:00Z""]",[]
134879170,Q134879170,Toa Domestic Airlines,東亜国内航空,[],"[""TDA""]","[""Q17""]","[""1971-05-15T00:00:00Z""]","[""1988-04-01T00:00:00Z""]"
134881248,Q134881248,Southwest Air Lines,南西航空,[],[],"[""Q17""]","[""1967-01-01T00:00:00Z""]","[""1993-01-01T00:00:00Z""]"
134882990,Q134882990,Oman aviation services,,"[""WY""]","[""OAS""]","[""Q842""]","[""1981-01-01T00:00:00Z""]","[""1993-01-01T00:00:00Z""]"
134884631,Q134884631,Nihon Kinkyori Airways,日本近距離航空,[],[],"[""Q17""]","[""1974-03-12T00:00:00Z""]","[""1987-04-01T00:00:00Z""]"
134931944,Q134931944,Southeast Airlines (Florida),,"[""NS""]",[],"[""Q30""]","[""1965-01-01T00:00:00Z""]","[""1976-01-01T00:00:00Z""]"
134961757,Q134961757,Legend Airlines,,[],[],"[""Q218""]","[""2020-01-01T00:00:00Z""]",[]
135019776,Q135019776,North-Western Cargo International Airlines,,"[""CO""]","[""CNW""]","[""Q148""]","[""2020-08-27T00:00:00Z""]",[]
135185478,Q135185478,SeaPort Airlines,,[],[],"[""Q30""]","[""2008-06-05T00:00:00Z""]",[]
135287302,Q135287302,7Air Cargo,,"[""R7""]","[""TXG""]","[""Q30""]","[""2020-01-01T00:00:00Z""]",[]
135323292,Q135323292,Zeusch Aviation,,[],[],"[""Q55""]","[""2010-01-01T00:00:00Z""]",[]
135398712,Q135398712,Fly Air41 Airways,,[],"[""BER""]","[""Q224""]","[""2021-01-01T00:00:00Z""]",[]
135456707,Q135456707,Yangon Airways,,[],[],[],[],[]
135678136,Q135678136,Air Sardinia,,[],[],"[""Q38""]","[""1985-01-01T00:00:00Z""]","[""1994-01-01T00:00:00Z""]"
135976612,Q135976612,Air Sandy,,[],[],"[""Q16""]",[],[]
136524899,Q136524899,Harka Air Services,,[],[],"[""Q1033""]","[""1992-01-01T00:00:00Z""]","[""2000-01-01T00:00:00Z""]"
136544271,Q136544271,Aéro Services Corporate,,[],[],"[""Q142""]","[""2000-01-01T00:00:00Z""]","[""2007-01-01T00:00:00Z""]"
136547630,Q136547630,Kamaka Air,,[],[],[],[],[]
136564551,Q136564551,Air Parabat,,[],"[""PBT""]","[""Q902""]",[],"[""2001-01-01T00:00:00Z""]"
136648647,Q136648647,Q136648647,サン・フーコック航空,"[""9G""]","[""SPQ""]","[""Q881""]",[],[]
136707484,Q136707484,Logair,,[],[],[],[],[]
136707788,Q136707788,Kolyma Aviation,,[],[],[],[],[]
136721270,Q136721270,Air Engiadina,,[],[],"[""Q39""]","[""1987-01-01T00:00:00Z""]","[""2002-01-01T00:00:00Z""]"
136767800,Q136767800,Quicktrans,,[],[],[],[],[]
136786069,Q136786069,Q136786069,,[],[],"[""Q30""]","[""1967-01-01T00:00:00Z""]","[""1973-01-01T00:00:00Z""]"
136786263,Q136786263,Air National,,[],[],[],[],[]
136786340,Q136786340,Air Shamrock,,[],[],"[""Q30""]",[],[]
136786450,Q136786450,Airmark Aviation,,[],[],"[""Q30""]",[],[]
136786463,Q136786463,Airfreight Express,,[],[],"[""Q30""]",[],[]
136786510,Q136786510,Allegheny Commuter,,[],[],"[""Q30""]",[],[]
136786600,Q136786600,American Airway Express,,[],[],"[""Q30""]",[],[]
136786621,Q136786621,Apache Airlines,,[],[],[],[],[]
136786625,Q136786625,Q136786625,,[],[],"[""Q30""]","[""1969-05-01T00:00:00Z""]",[]
136786633,Q136786633,Pacific Coast Airlines,,[],[],"[""Q30""]",[],[]
136786657,Q136786657,Q136786657,,[],[],"[""Q30""]","[""1981-07-01T00:00:00Z""]","[""1984-01-01T00:00:00Z""]"
136786680,Q136786680,Aspen Mountain Air,,[],"[""ASM""]","[""Q30""]",[],[]
136786702,Q136786702,Atlanta Express,,[],[],"[""Q30""]","[""1985-01-01T00:00:00Z""]","[""1986-11-30T00:00:00Z""]"
136824530,Q136824530,Skyfreight Airlines,,[],[],"[""Q30""]",[],[]
136913872,Q136913872,Southern World Airlines,,[],[],"[""Q664""]","[""1991-03-18T00:00:00Z""]","[""1991-09-20T00:00:00Z""]"
137049624,Q137049624,NXT Air,,[],[],"[""Q902""]","[""2021-01-01T00:00:00Z""]",[]
137195997,Q137195997,Namibia Air,,[],[],"[""Q1030""]",[],[]
137213197,Q137213197,Q137213197,,[],[],"[""Q34""]","[""2025-01-01T00:00:00Z""]",[]
137217028,Q137217028,Jiangsu JD Cargo Airlines,,"[""JG""]","[""JDL""]","[""Q148""]",[],[]
137374894,Q137374894,Q137374894,,"[""BH""]","[""DBH""]","[""Q262""]",[],[]
137380394,Q137380394,Q137380394,,[],"[""HOT""]","[""Q233""]","[""2022-01-01T00:00:00Z""]",[]
137477213,Q137477213,AirBorneo,,[],[],"[""Q833""]","[""2024-01-01T00:00:00Z""]",[]
137603407,Q137603407,Tamair,,[],[],"[""Q408""]","[""1992-08-01T00:00:00Z""]","[""1998-08-01T00:00:00Z""]"
137707435,Q137707435,SUM Air,サム・エア,[],"[""XUM""]","[""Q884""]",[],[]
137732288,Q137732288,Shankh Air,,[],[],[],[],[]
137732304,Q137732304,Alhind Air,,[],[],[],[],[]
137739127,Q137739127,My Wings,,[],[],"[""Q1246""]",[],[]
137824737,Q137824737,Q137824737,,"[""OJ""]",[],[],[],[]
137918750,Q137918750,Global Aviation,,[],"[""MSS""]",[],[],[]
137919724,Q137919724,Treffield International Aviation,,[],[],"[""Q145""]","[""1965-09-01T00:00:00Z""]","[""1967-06-01T00:00:00Z""]"
138005648,Q138005648,Arax Airlines,,[],[],[],[],[]
138033609,Q138033609,Fly4 Airlines,,"[""F4""]","[""FFA""]","[""Q27""]",[],[]
138192307,Q138192307,Space World International Airlines,,[],"[""SPF""]","[""Q1033""]",[],"[""2007-01-01T00:00:00Z""]"
138280590,Q138280590,K2000 Airlines,,[],[],"[""Q664""]","[""1999-12-01T00:00:00Z""]","[""2000-01-08T00:00:00Z""]"
138300685,Q138300685,Odin Air,,[],[],[],[],[]
138303488,Q138303488,Tassili Travail Aérien,,[],"[""TTA""]",[],[],[]
138388434,Q138388434,PT Lintang Air Services,,[],[],"[""Q252""]",[],[]
138412991,Q138412991,Q138412991,,[],"[""BCF""]","[""Q40""]","[""1993-01-01T00:00:00Z""]",[]
138460211,Q138460211,Q138460211,,[],"[""FRC""]","[""Q183""]","[""2014-01-01T00:00:00Z""]",[]
138501402,Q138501402,Trans Air Cargo Service,トランス・エア・カーゴ・サービス,[],[],[],[],[]
138503744,Q138503744,Halong Seaplane,,[],[],[],[],[]
138515613,Q138515613,Q138515613,,[],"[""BQB""]","[""Q40""]",[],[]
138544652,Q138544652,K2 Airways,K2航空,[],"[""KTA""]","[""Q843""]",[],[]
138545013,Q138545013,Lanai Airlines,,[],[],[],[],[]
138548445,Q138548445,Q138548445,,[],"[""BRJ""]","[""Q40""]","[""2009-01-01T00:00:00Z""]",[]
138565420,Q138565420,Starsky Aviation,,[],[],"[""Q1045""]",[],[]
138567664,Q138567664,Axis Aviation San Marino,,[],"[""AXS""]","[""Q238""]",[],[]
138573394,Q138573394,Aerosangay Servicios Aéreos del Oriente,,[],[],"[""Q736""]","[""2008-01-01T00:00:00Z""]",[]
138573705,Q138573705,GAS Air Nigeria,,[],[],"[""Q1033""]",[],[]
138585687,Q138585687,Amed Air,,[],"[""OBI""]","[""Q1033""]",[],"[""1996-01-01T00:00:00Z""]"
138634489,Q138634489,Q138634489,,[],"[""PYR""]","[""Q79""]",[],[]
138634512,Q138634512,Q138634512,,[],"[""CWE""]","[""Q948""]",[],[]
138658620,Q138658620,Swala Aviation,,[],[],"[""Q974""]",[],[]
138706950,Q138706950,Q138706950,,[],"[""SOW""]","[""Q40""]","[""2011-01-01T00:00:00Z""]",[]
138711271,Q138711271,Q138711271,,[],"[""TYJ""]","[""Q233""]","[""2015-01-01T00:00:00Z""]",[]
138717093,Q138717093,Gambia Airways,,[],[],[],[],[]
138752126,Q138752126,BBN Airlines Türkiye,,"[""B5""]","[""BBT""]","[""Q43""]","[""2022-01-01T00:00:00Z""]",[]
138828004,Q138828004,IGavion,,"[""TE""]","[""IGA""]","[""Q142""]","[""2013-06-02T00:00:00Z""]","[""2018-01-01T00:00:00Z""]"
138841107,Q138841107,Arctic Wings,,[],[],"[""Q16""]",[],"[""1956-01-01T00:00:00Z""]"
139073396,Q139073396,Cetraca Air Service,,[],[],[],[],[]
139119426,Q139119426,Air Benin,,"[""TB""]",[],"[""Q962""]","[""1978-08-01T00:00:00Z""]","[""1987-01-01T00:00:00Z""]"
139550847,Q139550847,Midland Air Cargo,,[],[],"[""Q145""]","[""1970-09-01T00:00:00Z""]","[""1973-01-01T00:00:00Z""]"
139602709,Q139602709,AVA Airlines,,[],[],"[""Q794""]","[""2023-01-01T00:00:00Z""]",[]
139854645,Q139854645,Blue Airlines,,[],"[""BLU""]","[""Q974""]","[""1984-01-01T00:00:00Z""]","[""2008-01-01T00:00:00Z""]"
139885364,Q139885364,Oceansky Cruises,,[],[],"[""Q34""]","[""2020-02-05T00:00:00Z""]",[]
139892426,Q139892426,Q139892426,,[],[],"[""Q35""]","[""2016-09-19T00:00:00Z""]",[]
139971177,Q139971177,Malaysia Air Charter,,[],"[""MCC""]","[""Q833""]",[],[]
139997417,Q139997417,Q139997417,,"[""4V""]","[""SQY""]","[""Q217""]",[],[]
140239523,Q140239523,Q140239523,,[],[],"[""Q142""]",[],"[""1993-08-21T00:00:00Z""]"
140246731,Q140246731,Hahnair,,"[""HR""]","[""HHN""]",[],[],[]
140289089,Q140289089,Yute Commuter Service,,"[""K2""]","[""TUD""]","[""Q30""]","[""2017-01-01T00:00:00Z""]",[]
140299022,Q140299022,Q140299022,,"[""BM""]","[""MNS""]","[""Q1016""]",[],[]
140307240,Q140307240,Q140307240,,"[""YI""]","[""OYA""]","[""Q1016""]",[],[]
140387119,Q140387119,International Skyways,,[],[],"[""Q145""]","[""1971-02-01T00:00:00Z""]","[""1972-04-01T00:00:00Z""]"
140408009,Q140408009,Alidair,,[],[],[],[],"[""1983-01-01T00:00:00Z""]"
140423416,Q140423416,Líneas Aéreas Mayas,,[],[],"[""Q774""]","[""1987-01-01T00:00:00Z""]","[""1999-01-01T00:00:00Z""]"
140423753,Q140423753,Transportes Aereos Profesionales,,[],[],"[""Q774""]","[""1977-01-01T00:00:00Z""]","[""2000-01-01T00:00:00Z""]"
140436245,Q140436245,Skyward Aviation,,"[""K9""]","[""SKG""]",[],"[""1986-01-01T00:00:00Z""]","[""2005-04-01T00:00:00Z""]"
140502159,Q140502159,Fly Kish,,[],[],[],[],[]
140522506,Q140522506,Pacific Helicopters,,[],[],"[""Q691""]","[""1975-01-01T00:00:00Z""]",[]
140528917,Q140528917,Tropicair,,"[""9N""]","[""TAO""]","[""Q691""]","[""1998-01-01T00:00:00Z""]",[]
140544595,Q140544595,Avioligure,,[],[],"[""Q38""]",[],"[""1979-01-01T00:00:00Z""]"
140544631,Q140544631,Associated Air Transport,,[],[],[],[],[]
140563428,Q140563428,Q140563428,,[],[],[],[],[]
140563439,Q140563439,Q140563439,,[],[],[],[],[]
140621438,Q140621438,Centreline AV Ltd,,[],[],"[""Q145""]","[""1989-01-09T00:00:00Z""]",[]
140726936,Q140726936,Frost Air,,"[""FT""]","[""FRO""]",[],[],[]
140752806,Q140752806,Royal Air Force Air Transport,,[],"[""RRR""]","[""Q145""]",[],[]
140757120,Q140757120,Q140757120,,[],[],[],[],[]
141103512,Q141103512,Q141103512,,[],[],[],[],[]
141180764,Q141180764,Q141180764,,[],[],"[""Q252""]",[],[]
141245442,Q141245442,Q141245442,,[],[],"[""Q252""]",[],[]
141245443,Q141245443,Q141245443,,[],[],"[""Q252""]",[],[]
141245444,Q141245444,Q141245444,,[],[],"[""Q252""]",[],[]
141245445,Q141245445,Q141245445,,[],[],"[""Q252""]",[],[]
141245446,Q141245446,Q141245446,,[],[],"[""Q252""]",[],[]
141245447,Q141245447,Q141245447,,[],[],"[""Q252""]",[],[]
141245448,Q141245448,Q141245448,,[],[],"[""Q252""]",[],[]
141245449,Q141245449,Q141245449,,[],[],"[""Q252""]",[],[]
141245450,Q141245450,Q141245450,,[],[],"[""Q252""]",[],[]
141245451,Q141245451,Center for Flight Facility Calibration,,[],[],"[""Q252""]",[],[]
141245452,Q141245452,Q141245452,,[],[],"[""Q252""]",[],[]
141245453,Q141245453,Q141245453,,[],[],"[""Q252""]",[],[]
141245454,Q141245454,Q141245454,,[],[],"[""Q252""]",[],[]
141245455,Q141245455,Q141245455,,[],[],"[""Q252""]",[],[]
141245456,Q141245456,Q141245456,,[],[],"[""Q252""]",[],[]
141245457,Q141245457,Q141245457,,[],[],"[""Q252""]",[],[]
141245458,Q141245458,Q141245458,,[],[],"[""Q252""]",[],[]
141245459,Q141245459,Q141245459,,[],[],"[""Q252""]",[],[]
141245461,Q141245461,Q141245461,,[],[],"[""Q252""]",[],[]
141245462,Q141245462,Q141245462,,[],[],"[""Q252""]",[],[]
141245463,Q141245463,Q141245463,,[],[],"[""Q252""]",[],[]
141245464,Q141245464,Q141245464,,[],[],"[""Q252""]",[],[]
141245465,Q141245465,Q141245465,,[],[],"[""Q252""]",[],[]
141245466,Q141245466,Q141245466,,[],[],"[""Q252""]",[],[]
141245467,Q141245467,Q141245467,,[],[],"[""Q252""]",[],[]
141245468,Q141245468,Q141245468,,[],[],"[""Q252""]",[],[]
141245469,Q141245469,Q141245469,,[],[],"[""Q252""]",[],[]
141245470,Q141245470,Q141245470,,[],[],"[""Q252""]",[],[]
141245472,Q141245472,Q141245472,,[],[],"[""Q252""]",[],[]
141245473,Q141245473,Q141245473,,[],[],"[""Q252""]",[],[]
141245474,Q141245474,Q141245474,,[],[],"[""Q252""]",[],[]
141245475,Q141245475,Q141245475,,[],[],"[""Q252""]",[],[]
141245476,Q141245476,Q141245476,,[],[],"[""Q252""]",[],[]
141245477,Q141245477,Q141245477,,[],[],"[""Q252""]",[],[]
141245478,Q141245478,Q141245478,,[],[],"[""Q252""]",[],[]
141245479,Q141245479,Q141245479,,[],[],"[""Q252""]",[],[]
141245480,Q141245480,Q141245480,,[],[],"[""Q252""]",[],[]
141245481,Q141245481,Q141245481,,[],[],"[""Q252""]",[],[]
141245482,Q141245482,Q141245482,,[],[],"[""Q252""]",[],[]
141245483,Q141245483,Q141245483,,[],[],"[""Q252""]",[],[]
141245484,Q141245484,Q141245484,,[],[],"[""Q252""]",[],[]
141245485,Q141245485,Q141245485,,[],[],"[""Q252""]",[],[]
141245486,Q141245486,Q141245486,,[],[],"[""Q252""]",[],[]
141245487,Q141245487,Q141245487,,[],[],"[""Q252""]",[],[]
141245488,Q141245488,Q141245488,,[],[],"[""Q252""]",[],[]
141245489,Q141245489,Q141245489,,[],[],"[""Q252""]",[],[]
141245490,Q141245490,Q141245490,,[],[],"[""Q252""]",[],[]
141245491,Q141245491,Q141245491,,[],[],"[""Q252""]",[],[]
141245492,Q141245492,Q141245492,,[],[],"[""Q252""]",[],[]
141245493,Q141245493,Q141245493,,[],[],"[""Q252""]",[],[]
141245494,Q141245494,Q141245494,,[],[],"[""Q252""]",[],[]
141245495,Q141245495,Q141245495,,[],[],"[""Q252""]",[],[]
141245496,Q141245496,Q141245496,,[],[],"[""Q252""]",[],[]
141245497,Q141245497,Q141245497,,[],[],"[""Q252""]",[],[]
141245498,Q141245498,Q141245498,,[],[],"[""Q252""]",[],[]
141245499,Q141245499,Alfa Indonesia Aviation Association,,[],[],"[""Q252""]",[],[]
141245500,Q141245500,Q141245500,,[],[],"[""Q252""]",[],[]
141245501,Q141245501,National Laboratory for Weather Modification Technology,,[],[],"[""Q252""]",[],[]
141245502,Q141245502,Q141245502,,[],[],"[""Q252""]",[],[]
141245504,Q141245504,Q141245504,,[],[],"[""Q252""]",[],[]
141245505,Q141245505,Q141245505,,[],[],"[""Q252""]",[],[]
141245506,Q141245506,Q141245506,,[],[],"[""Q252""]",[],[]
141245507,Q141245507,Q141245507,,[],[],"[""Q252""]",[],[]
141245508,Q141245508,Q141245508,,[],[],"[""Q252""]",[],[]
141245509,Q141245509,Q141245509,,[],[],"[""Q252""]",[],[]
141245510,Q141245510,Q141245510,,[],[],"[""Q252""]",[],[]
141245511,Q141245511,Q141245511,,[],[],"[""Q252""]",[],[]
141245513,Q141245513,Q141245513,,[],[],"[""Q252""]",[],[]
141245515,Q141245515,Q141245515,,[],[],"[""Q252""]",[],[]
141245516,Q141245516,Q141245516,,[],[],"[""Q252""]",[],[]
141245517,Q141245517,Q141245517,,[],[],"[""Q252""]",[],[]
141245518,Q141245518,Q141245518,,[],[],"[""Q252""]",[],[]
141245519,Q141245519,Q141245519,,[],[],"[""Q252""]",[],[]
141257105,Q141257105,Liberia World Airlines,,[],[],[],[],[]
141434410,Q141434410,FlyAden,,[],[],"[""Q858""]",[],[]
141489512,Q141489512,Q141489512,,[],"[""JME""]",[],[],[]
141543578,Q141543578,Q141543578,,[],[],[],[],[]
141577630,Q141577630,Nordair,,[],[],"[""Q756617""]",[],[]
141577655,Q141577655,Nordair,,[],[],"[""Q33""]","[""1970-01-01T00:00:00Z""]","[""1979-01-01T00:00:00Z""]"
